,pkmn_alive_difference
0,0
1,-3
2,-1
3,-3
4,-1
5,0
6,-1
7,-2
8,-3
9,-2
10,-3
11,-3
12,-1
13,-1
14,-2
15,0
16,0
17,-2
18,0
19,-3
20,0
21,-1
22,-3
23,-1
24,-5
25,-1
26,-1
27,-1
28,-2
29,-3
30,-3
31,-1
32,-1
33,0
34,-4
35,-2
36,0
37,-2
38,0
39,-1
40,-2
41,-1
42,-1
43,0
44,-1
45,0
46,-2
47,-2
48,0
49,-3
50,-2
51,-1
52,0
53,-2
54,0
55,0
56,0
57,0
58,-3
59,-1
60,-1
61,0
62,-1
63,-3
64,0
65,-2
66,0
67,0
68,0
69,-1
70,-2
71,-2
72,-3
73,-1
74,-1
75,-2
76,-3
77,0
78,-3
79,-2
80,-1
81,0
82,-1
83,-1
84,0
85,-2
86,-4
87,-1
88,-1
89,-2
90,-3
91,-1
92,0
93,-5
94,-2
95,0
96,-4
97,-1
98,-3
99,0
100,0
101,-3
102,-1
103,-3
104,-1
105,-1
106,-3
107,-3
108,0
109,0
110,-1
111,-2
112,-3
113,0
114,0
115,-2
116,0
117,-1
118,-1
119,-2
120,-3
121,-4
122,0
123,-2
124,-1
125,-1
126,0
127,-2
128,0
129,-3
130,-1
131,-3
132,-3
133,-1
134,-1
135,0
136,0
137,-3
138,-1
139,0
140,-2
141,-2
142,-3
143,-1
144,-2
145,-1
146,-2
147,-2
148,0
149,-2
150,-1
151,-1
152,0
153,-1
154,-1
155,-2
156,0
157,-3
158,-1
159,-1
160,-2
161,0
162,-1
163,-2
164,-2
165,-2
166,-1
167,0
168,-1
169,-2
170,-4
171,-1
172,-1
173,-2
174,-1
175,-2
176,-1
177,-2
178,-1
179,-3
180,-1
181,-1
182,-2
183,0
184,0
185,0
186,0
187,-2
188,-5
189,0
190,-1
191,-1
192,-3
193,-2
194,-1
195,-3
196,-1
197,0
198,0
199,-2
200,-4
201,-2
202,-1
203,-2
204,-2
205,-3
206,-1
207,-2
208,-1
209,-2
210,0
211,-1
212,-2
213,-2
214,-2
215,0
216,-1
217,-4
218,0
219,-2
220,-3
221,-1
222,-1
223,-2
224,0
225,-2
226,0
227,-4
228,-1
229,-1
230,-2
231,-1
232,0
233,-2
234,-1
235,-1
236,0
237,-1
238,-1
239,-1
240,-1
241,0
242,-1
243,-2
244,-1
245,-2
246,-1
247,-2
248,-1
249,-3
250,0
251,0
252,0
253,-1
254,-1
255,-1
256,0
257,0
258,-2
259,-1
260,0
261,-1
262,-2
263,-1
264,-1
265,-1
266,-2
267,-2
268,-1
269,-5
270,-3
271,-4
272,-1
273,0
274,0
275,-1
276,-2
277,0
278,-2
279,-3
280,-3
281,-3
282,0
283,-1
284,-2
285,0
286,-2
287,-2
288,-1
289,0
290,-1
291,0
292,-3
293,-2
294,-4
295,-3
296,-1
297,-2
298,0
299,0
300,-2
301,0
302,-4
303,0
304,-1
305,0
306,-1
307,-2
308,0
309,-1
310,-1
311,-1
312,-2
313,-2
314,-3
315,0
316,-3
317,-2
318,-1
319,-2
320,-1
321,-2
322,-2
323,0
324,-1
325,-3
326,-3
327,-2
328,-1
329,-3
330,-2
331,0
332,-3
333,-3
334,-1
335,-2
336,-3
337,-2
338,0
339,-1
340,-1
341,-1
342,-1
343,0
344,0
345,-1
346,0
347,-2
348,-2
349,0
350,-1
351,0
352,-2
353,-1
354,-1
355,-2
356,-1
357,-2
358,-2
359,0
360,-1
361,-2
362,-1
363,-2
364,-1
365,0
366,0
367,-2
368,-2
369,-3
370,-3
371,-3
372,-1
373,-2
374,-1
375,-3
376,-2
377,-1
378,-2
379,-1
380,-3
381,-3
382,0
383,-1
384,-1
385,-2
386,0
387,-2
388,-1
389,-1
390,-1
391,-1
392,-1
393,0
394,0
395,-1
396,-1
397,-2
398,-1
399,-3
400,-3
401,-2
402,-1
403,-2
404,-3
405,-1
406,-2
407,-1
408,0
409,-1
410,-5
411,-1
412,0
413,-2
414,-2
415,-2
416,-2
417,-1
418,0
419,-1
420,0
421,-2
422,0
423,0
424,0
425,-1
426,0
427,0
428,-2
429,-1
430,-2
431,-1
432,0
433,-1
434,0
435,0
436,-4
437,-3
438,-1
439,-2
440,-1
441,-1
442,-3
443,-1
444,-2
445,-1
446,-1
447,-2
448,-1
449,0
450,-1
451,-3
452,0
453,-2
454,-3
455,-4
456,-3
457,0
458,0
459,-2
460,0
461,-1
462,0
463,-2
464,-1
465,-2
466,-2
467,-1
468,0
469,-2
470,-2
471,-1
472,-3
473,-1
474,-1
475,0
476,-3
477,-2
478,0
479,0
480,-1
481,0
482,-3
483,-2
484,-4
485,-2
486,-1
487,-1
488,-3
489,0
490,-1
491,-4
492,-1
493,-1
494,-3
495,0
496,-1
497,0
498,-3
499,0
500,-2
501,-1
502,-4
503,-1
504,-3
505,-1
506,-1
507,-2
508,0
509,-1
510,-1
511,0
512,-2
513,0
514,-1
515,-1
516,-1
517,-1
518,-1
519,-1
520,-2
521,-1
522,0
523,-1
524,-2
525,-3
526,0
527,-1
528,0
529,-2
530,0
531,-2
532,0
533,-1
534,0
535,0
536,-2
537,-2
538,-2
539,-4
540,0
541,-2
542,-3
543,-2
544,-4
545,-1
546,-3
547,-1
548,-1
549,-2
550,0
551,-1
552,-4
553,-3
554,0
555,0
556,-3
557,0
558,-1
559,-2
560,-2
561,-1
562,0
563,0
564,0
565,-2
566,0
567,-2
568,-1
569,-1
570,0
571,-3
572,-1
573,-2
574,-1
575,-2
576,0
577,0
578,0
579,-2
580,-1
581,-2
582,-1
583,-2
584,0
585,-1
586,0
587,0
588,-1
589,0
590,0
591,-4
592,0
593,-2
594,-2
595,0
596,-1
597,-1
598,-1
599,-1
600,-1
601,0
602,-1
603,-2
604,-3
605,-2
606,-3
607,0
608,-1
609,-3
610,0
611,-4
612,-1
613,0
614,-1
615,-1
616,-2
617,-1
618,-2
619,-1
620,0
621,-5
622,-3
623,-3
624,-1
625,-1
626,0
627,-1
628,-1
629,-2
630,-1
631,-3
632,-3
633,-2
634,0
635,0
636,-2
637,-1
638,-1
639,0
640,-3
641,-1
642,-1
643,-2
644,-2
645,0
646,-1
647,-3
648,0
649,-2
650,0
651,-1
652,-1
653,-2
654,-1
655,-1
656,0
657,0
658,-2
659,-2
660,-1
661,0
662,-4
663,-3
664,-1
665,0
666,-2
667,-2
668,-2
669,-3
670,0
671,-2
672,-2
673,-2
674,-1
675,-2
676,-3
677,-4
678,-5
679,-2
680,-3
681,0
682,-2
683,-3
684,-2
685,0
686,-3
687,-1
688,-1
689,-1
690,-3
691,-1
692,-4
693,-2
694,-1
695,0
696,0
697,-1
698,0
699,-2
700,-1
701,0
702,-3
703,-2
704,-1
705,-2
706,-2
707,-2
708,0
709,0
710,-1
711,0
712,-2
713,-1
714,0
715,-1
716,-3
717,0
718,-2
719,0
720,-3
721,0
722,-1
723,0
724,-3
725,-4
726,-2
727,-1
728,-1
729,-1
730,-1
731,-2
732,-1
733,0
734,-2
735,-2
736,-1
737,-2
738,0
739,-2
740,-2
741,-2
742,0
743,-2
744,0
745,-1
746,0
747,-1
748,0
749,-3
750,0
751,0
752,-1
753,-2
754,-3
755,-1
756,-2
757,0
758,0
759,-1
760,0
761,-3
762,-1
763,-2
764,0
765,0
766,0
767,0
768,-3
769,0
770,-1
771,0
772,-2
773,-2
774,-1
775,-2
776,1
777,-1
778,-1
779,-1
780,-1
781,0
782,-1
783,-4
784,-1
785,-2
786,-1
787,0
788,-1
789,-2
790,-2
791,0
792,-1
793,-3
794,0
795,-2
796,-2
797,0
798,0
799,-3
800,-3
801,0
802,-2
803,-1
804,-1
805,-3
806,-3
807,-2
808,-2
809,-3
810,-2
811,0
812,-1
813,-2
814,0
815,0
816,0
817,-4
818,-3
819,-1
820,0
821,-1
822,-2
823,0
824,0
825,-3
826,-1
827,-2
828,0
829,0
830,-1
831,-4
832,0
833,-2
834,-1
835,-2
836,-4
837,-1
838,-2
839,-2
840,-3
841,-1
842,0
843,-4
844,-2
845,0
846,0
847,-1
848,-1
849,-1
850,-1
851,0
852,-2
853,-4
854,-2
855,-1
856,-1
857,-1
858,0
859,-1
860,-1
861,0
862,0
863,-1
864,0
865,-3
866,-1
867,-2
868,-1
869,-3
870,-3
871,-1
872,-3
873,-3
874,0
875,-3
876,-2
877,-1
878,-4
879,-1
880,-3
881,-1
882,-1
883,-1
884,0
885,-2
886,-1
887,-2
888,-2
889,0
890,-1
891,-1
892,-4
893,-1
894,0
895,0
896,0
897,-1
898,0
899,0
900,-1
901,-3
902,0
903,-3
904,-1
905,-1
906,-2
907,-3
908,-2
909,-2
910,-1
911,-1
912,-2
913,-1
914,-1
915,0
916,-1
917,-2
918,0
919,0
920,0
921,-1
922,-1
923,-4
924,0
925,-1
926,-2
927,-2
928,-1
929,-1
930,0
931,-1
932,-4
933,-2
934,-2
935,-4
936,0
937,0
938,-1
939,-2
940,-1
941,-2
942,0
943,-1
944,-1
945,-1
946,-3
947,-3
948,-1
949,-1
950,-1
951,-1
952,-2
953,0
954,-2
955,-2
956,-1
957,-2
958,-2
959,-1
960,-2
961,0
962,0
963,-2
964,-3
965,-1
966,-4
967,-2
968,0
969,0
970,0
971,-3
972,-3
973,-1
974,0
975,-2
976,-1
977,-1
978,-2
979,-3
980,-1
981,0
982,-1
983,-1
984,0
985,-1
986,-2
987,0
988,-3
989,-3
990,0
991,0
992,-1
993,-2
994,-3
995,-1
996,-3
997,0
998,-3
999,-1
1000,-2
1001,0
1002,-2
1003,-2
1004,-2
1005,-2
1006,-2
1007,-2
1008,-2
1009,0
1010,-1
1011,0
1012,0
1013,0
1014,-2
1015,-1
1016,-2
1017,-3
1018,-1
1019,-2
1020,-2
1021,-1
1022,0
1023,-1
1024,-2
1025,-2
1026,-2
1027,-3
1028,-2
1029,-3
1030,-5
1031,-1
1032,-1
1033,-2
1034,0
1035,-2
1036,-2
1037,-1
1038,0
1039,-4
1040,-2
1041,0
1042,0
1043,-1
1044,0
1045,-1
1046,-1
1047,-2
1048,0
1049,-3
1050,0
1051,-2
1052,-1
1053,-2
1054,-1
1055,-1
1056,0
1057,-1
1058,-1
1059,0
1060,-1
1061,0
1062,-1
1063,-1
1064,-1
1065,-1
1066,-1
1067,0
1068,-1
1069,-1
1070,0
1071,0
1072,0
1073,-2
1074,-1
1075,-2
1076,0
1077,0
1078,-1
1079,0
1080,-2
1081,-3
1082,0
1083,-3
1084,-1
1085,-1
1086,-1
1087,-1
1088,0
1089,0
1090,0
1091,-2
1092,0
1093,0
1094,-2
1095,-1
1096,0
1097,-4
1098,-1
1099,0
1100,-1
1101,0
1102,0
1103,-1
1104,-2
1105,-2
1106,-1
1107,0
1108,-2
1109,-3
1110,-3
1111,0
1112,-1
1113,-1
1114,-2
1115,0
1116,-1
1117,-1
1118,-3
1119,-2
1120,-1
1121,-1
1122,0
1123,-3
1124,-1
1125,-1
1126,-2
1127,-2
1128,0
1129,-1
1130,0
1131,-1
1132,-5
1133,-2
1134,-1
1135,-2
1136,-1
1137,-2
1138,0
1139,-1
1140,-3
1141,-3
1142,-2
1143,-1
1144,-2
1145,0
1146,0
1147,0
1148,-2
1149,0
1150,-1
1151,0
1152,-2
1153,-2
1154,-2
1155,-1
1156,-1
1157,0
1158,-3
1159,-2
1160,0
1161,-1
1162,-1
1163,0
1164,0
1165,0
1166,-1
1167,-1
1168,0
1169,-2
1170,-1
1171,0
1172,0
1173,0
1174,0
1175,-1
1176,0
1177,1
1178,0
1179,-1
1180,-1
1181,-2
1182,-1
1183,-1
1184,-1
1185,-2
1186,-1
1187,-1
1188,-1
1189,0
1190,0
1191,-1
1192,-4
1193,0
1194,0
1195,-1
1196,-2
1197,-1
1198,-2
1199,-3
1200,-2
1201,-1
1202,-2
1203,-3
1204,-3
1205,0
1206,-1
1207,-1
1208,-2
1209,-2
1210,-3
1211,-2
1212,-2
1213,0
1214,0
1215,-3
1216,-1
1217,0
1218,0
1219,-2
1220,-1
1221,0
1222,-5
1223,-1
1224,-3
1225,-2
1226,-1
1227,-1
1228,-2
1229,0
1230,-1
1231,0
1232,0
1233,0
1234,-2
1235,-2
1236,-1
1237,-2
1238,0
1239,-1
1240,-1
1241,0
1242,-2
1243,0
1244,-2
1245,0
1246,-1
1247,-1
1248,-3
1249,-1
1250,-1
1251,-2
1252,-2
1253,-2
1254,-1
1255,-3
1256,0
1257,-1
1258,-2
1259,0
1260,-2
1261,-3
1262,-2
1263,-2
1264,-1
1265,0
1266,0
1267,-1
1268,0
1269,0
1270,-2
1271,-1
1272,-1
1273,-3
1274,-1
1275,0
1276,-1
1277,-1
1278,-2
1279,-1
1280,0
1281,0
1282,-1
1283,0
1284,-3
1285,-2
1286,0
1287,0
1288,-1
1289,-4
1290,-3
1291,-2
1292,-3
1293,-3
1294,-1
1295,0
1296,-3
1297,-1
1298,-1
1299,0
1300,0
1301,-2
1302,-4
1303,-3
1304,-2
1305,-1
1306,0
1307,-1
1308,-2
1309,-2
1310,-4
1311,-4
1312,0
1313,-1
1314,-1
1315,0
1316,-5
1317,0
1318,-1
1319,-2
1320,-1
1321,0
1322,-1
1323,0
1324,-3
1325,0
1326,0
1327,-2
1328,0
1329,-1
1330,-2
1331,-2
1332,-2
1333,-1
1334,-1
1335,-1
1336,0
1337,-1
1338,0
1339,-1
1340,-2
1341,-1
1342,-4
1343,0
1344,-1
1345,-2
1346,-2
1347,-2
1348,-5
1349,-1
1350,-1
1351,0
1352,-1
1353,-1
1354,-2
1355,-2
1356,-1
1357,-1
1358,-1
1359,-3
1360,-1
1361,0
1362,-1
1363,-2
1364,-3
1365,0
1366,0
1367,-3
1368,-1
1369,-2
1370,-1
1371,-5
1372,-2
1373,-1
1374,-1
1375,-2
1376,0
1377,0
1378,-4
1379,0
1380,-2
1381,-1
1382,0
1383,-1
1384,-3
1385,0
1386,-4
1387,-3
1388,0
1389,0
1390,-2
1391,-2
1392,0
1393,-3
1394,0
1395,-1
1396,-1
1397,-1
1398,-2
1399,-3
1400,0
1401,-1
1402,0
1403,1
1404,0
1405,-1
1406,-2
1407,-1
1408,0
1409,-2
1410,0
1411,0
1412,0
1413,-1
1414,-2
1415,-1
1416,-3
1417,-3
1418,-1
1419,-3
1420,-1
1421,-2
1422,-1
1423,-1
1424,-1
1425,0
1426,-1
1427,-3
1428,0
1429,-1
1430,-5
1431,-3
1432,-1
1433,-1
1434,-2
1435,-1
1436,-2
1437,-3
1438,-2
1439,0
1440,-1
1441,-3
1442,-2
1443,-4
1444,0
1445,-1
1446,-2
1447,-1
1448,-1
1449,-2
1450,-2
1451,-4
1452,-2
1453,-1
1454,-1
1455,0
1456,-2
1457,-2
1458,-4
1459,-2
1460,-2
1461,-1
1462,-2
1463,-3
1464,-4
1465,-1
1466,-3
1467,-2
1468,0
1469,0
1470,-1
1471,-3
1472,-1
1473,0
1474,0
1475,-1
1476,0
1477,-1
1478,-3
1479,-3
1480,-2
1481,0
1482,-1
1483,-1
1484,-3
1485,-2
1486,0
1487,-2
1488,-2
1489,0
1490,-1
1491,-1
1492,-1
1493,0
1494,-1
1495,-2
1496,-2
1497,-2
1498,0
1499,0
1500,-2
1501,-1
1502,-3
1503,0
1504,-1
1505,0
1506,-1
1507,-2
1508,0
1509,-3
1510,0
1511,-3
1512,0
1513,-1
1514,0
1515,0
1516,-1
1517,-3
1518,-2
1519,-1
1520,-1
1521,-3
1522,-3
1523,0
1524,0
1525,-3
1526,-2
1527,-1
1528,-1
1529,-1
1530,-4
1531,-1
1532,-1
1533,0
1534,-2
1535,-1
1536,0
1537,-1
1538,-1
1539,0
1540,-1
1541,-1
1542,-4
1543,-1
1544,0
1545,-4
1546,-2
1547,0
1548,-1
1549,0
1550,-1
1551,-2
1552,0
1553,-1
1554,-2
1555,-1
1556,-1
1557,0
1558,-1
1559,-2
1560,-1
1561,-3
1562,-1
1563,-1
1564,-3
1565,0
1566,-2
1567,-2
1568,-2
1569,-1
1570,-1
1571,-2
1572,-1
1573,-1
1574,-1
1575,-1
1576,-2
1577,-3
1578,-1
1579,0
1580,-1
1581,0
1582,-2
1583,-2
1584,-2
1585,-1
1586,-1
1587,-2
1588,-2
1589,-2
1590,-4
1591,0
1592,-2
1593,-2
1594,-1
1595,-3
1596,-1
1597,-2
1598,-2
1599,-2
1600,-1
1601,-3
1602,-2
1603,-3
1604,0
1605,-2
1606,-1
1607,-2
1608,-1
1609,-2
1610,-1
1611,-2
1612,0
1613,-1
1614,-4
1615,-2
1616,-3
1617,-5
1618,-3
1619,0
1620,-1
1621,-2
1622,-3
1623,-1
1624,-5
1625,-2
1626,-1
1627,-2
1628,0
1629,-3
1630,-1
1631,-1
1632,-2
1633,-1
1634,-3
1635,-1
1636,-2
1637,-2
1638,-2
1639,-1
1640,-1
1641,-1
1642,-2
1643,-2
1644,0
1645,-3
1646,-2
1647,-1
1648,-3
1649,-2
1650,-3
1651,-1
1652,-1
1653,-1
1654,-1
1655,-3
1656,-2
1657,-2
1658,0
1659,-2
1660,0
1661,-1
1662,-1
1663,0
1664,0
1665,0
1666,0
1667,0
1668,-1
1669,-2
1670,-2
1671,0
1672,-1
1673,-2
1674,-1
1675,-1
1676,0
1677,0
1678,0
1679,-1
1680,-3
1681,-1
1682,-1
1683,-2
1684,-2
1685,0
1686,-1
1687,0
1688,-2
1689,-2
1690,-1
1691,-1
1692,-3
1693,-1
1694,-2
1695,-1
1696,-2
1697,0
1698,-1
1699,-1
1700,-1
1701,-2
1702,-1
1703,0
1704,0
1705,-1
1706,0
1707,0
1708,0
1709,0
1710,-2
1711,-1
1712,-1
1713,-3
1714,0
1715,0
1716,-3
1717,0
1718,-2
1719,-4
1720,1
1721,-3
1722,-3
1723,-1
1724,-2
1725,-1
1726,-1
1727,-2
1728,0
1729,0
1730,-2
1731,0
1732,-3
1733,0
1734,0
1735,-2
1736,-1
1737,0
1738,0
1739,-2
1740,-1
1741,-2
1742,-1
1743,-3
1744,0
1745,-1
1746,-2
1747,-2
1748,0
1749,-2
1750,0
1751,0
1752,-2
1753,-1
1754,-1
1755,-2
1756,-3
1757,0
1758,-2
1759,0
1760,0
1761,0
1762,-2
1763,-2
1764,0
1765,-1
1766,-2
1767,0
1768,0
1769,-2
1770,-1
1771,-1
1772,0
1773,0
1774,-3
1775,0
1776,-3
1777,-1
1778,0
1779,-1
1780,-1
1781,-2
1782,0
1783,-2
1784,-1
1785,-1
1786,0
1787,-1
1788,-1
1789,0
1790,-1
1791,0
1792,-1
1793,-1
1794,-1
1795,-2
1796,-4
1797,-2
1798,0
1799,0
1800,-3
1801,-3
1802,-3
1803,-1
1804,-3
1805,0
1806,-2
1807,-4
1808,-2
1809,0
1810,-2
1811,-3
1812,-1
1813,-1
1814,-1
1815,-3
1816,0
1817,-1
1818,-2
1819,-1
1820,0
1821,0
1822,-1
1823,-3
1824,-1
1825,-1
1826,-4
1827,-3
1828,-1
1829,0
1830,0
1831,0
1832,-3
1833,-2
1834,0
1835,-2
1836,0
1837,0
1838,-3
1839,-1
1840,0
1841,-3
1842,0
1843,-2
1844,-1
1845,-2
1846,-2
1847,-1
1848,-1
1849,0
1850,0
1851,-1
1852,0
1853,-2
1854,-3
1855,-3
1856,-4
1857,-2
1858,0
1859,0
1860,-4
1861,-1
1862,-2
1863,-2
1864,-2
1865,-2
1866,-1
1867,-1
1868,-1
1869,-3
1870,-2
1871,0
1872,-1
1873,-1
1874,-1
1875,-1
1876,0
1877,-3
1878,-1
1879,-2
1880,0
1881,-1
1882,-2
1883,-1
1884,0
1885,0
1886,-1
1887,0
1888,-1
1889,-1
1890,0
1891,-2
1892,1
1893,0
1894,0
1895,0
1896,0
1897,-2
1898,0
1899,0
1900,-2
1901,-1
1902,0
1903,-2
1904,0
1905,-3
1906,-2
1907,-2
1908,0
1909,-1
1910,-1
1911,0
1912,-2
1913,1
1914,-3
1915,-1
1916,-1
1917,0
1918,-1
1919,0
1920,-3
1921,0
1922,-2
1923,-1
1924,-1
1925,0
1926,0
1927,0
1928,-2
1929,-1
1930,-2
1931,-3
1932,-2
1933,-3
1934,-1
1935,-1
1936,0
1937,-1
1938,-1
1939,-1
1940,0
1941,-2
1942,-1
1943,-2
1944,-2
1945,-2
1946,-1
1947,0
1948,0
1949,0
1950,-2
1951,-4
1952,0
1953,-2
1954,-3
1955,-4
1956,-2
1957,-1
1958,-1
1959,-3
1960,-2
1961,-3
1962,-2
1963,0
1964,-1
1965,0
1966,1
1967,0
1968,-2
1969,-1
1970,-2
1971,-1
1972,-1
1973,-2
1974,0
1975,0
1976,-2
1977,-3
1978,-3
1979,-2
1980,0
1981,-3
1982,-2
1983,-3
1984,-2
1985,-3
1986,-2
1987,-4
1988,0
1989,-1
1990,0
1991,-4
1992,-2
1993,-5
1994,-1
1995,-3
1996,0
1997,0
1998,0
1999,0
2000,-4
2001,0
2002,0
2003,0
2004,-2
2005,-1
2006,-2
2007,-1
2008,0
2009,-2
2010,-1
2011,-3
2012,0
2013,-1
2014,-3
2015,-4
2016,-1
2017,-4
2018,-1
2019,-2
2020,-1
2021,-1
2022,-1
2023,-2
2024,-2
2025,0
2026,-2
2027,-2
2028,-1
2029,-1
2030,-2
2031,-2
2032,-1
2033,-2
2034,-1
2035,-1
2036,1
2037,0
2038,-1
2039,0
2040,-2
2041,-1
2042,0
2043,0
2044,-2
2045,0
2046,-2
2047,0
2048,-1
2049,-4
2050,0
2051,-1
2052,-3
2053,-2
2054,-1
2055,0
2056,-1
2057,-2
2058,-3
2059,0
2060,-1
2061,-1
2062,0
2063,-4
2064,-1
2065,-2
2066,-3
2067,-2
2068,-1
2069,-2
2070,-1
2071,-3
2072,0
2073,-1
2074,-2
2075,0
2076,-1
2077,-2
2078,0
2079,-3
2080,-2
2081,-2
2082,-4
2083,-1
2084,-1
2085,-3
2086,-3
2087,0
2088,-1
2089,-3
2090,0
2091,-2
2092,0
2093,-3
2094,0
2095,0
2096,-3
2097,-1
2098,-2
2099,-2
2100,-3
2101,-2
2102,-1
2103,-1
2104,0
2105,-2
2106,-1
2107,-2
2108,-1
2109,-2
2110,0
2111,-1
2112,-1
2113,-1
2114,-3
2115,-1
2116,-1
2117,0
2118,0
2119,-2
2120,-2
2121,-1
2122,0
2123,-2
2124,0
2125,-1
2126,-4
2127,-2
2128,0
2129,-1
2130,-2
2131,-1
2132,0
2133,-1
2134,-1
2135,-1
2136,-1
2137,-1
2138,-2
2139,-1
2140,-2
2141,-3
2142,-2
2143,-1
2144,0
2145,0
2146,-4
2147,0
2148,-2
2149,0
2150,-1
2151,-3
2152,0
2153,-4
2154,-2
2155,-2
2156,-1
2157,-4
2158,-3
2159,0
2160,-2
2161,-2
2162,-3
2163,-1
2164,-3
2165,-3
2166,-2
2167,0
2168,-2
2169,-2
2170,-2
2171,-2
2172,-2
2173,-1
2174,-2
2175,-4
2176,-2
2177,-2
2178,0
2179,-2
2180,-1
2181,-2
2182,0
2183,-3
2184,0
2185,0
2186,-2
2187,-1
2188,-2
2189,-1
2190,0
2191,-3
2192,-2
2193,-2
2194,-1
2195,0
2196,-2
2197,-3
2198,0
2199,-1
2200,-2
2201,-1
2202,-1
2203,-2
2204,-1
2205,-1
2206,-2
2207,-1
2208,-2
2209,0
2210,-1
2211,-2
2212,-1
2213,-1
2214,-2
2215,-2
2216,0
2217,-1
2218,-1
2219,-4
2220,-2
2221,-1
2222,0
2223,0
2224,-1
2225,-1
2226,-1
2227,-1
2228,-1
2229,0
2230,-1
2231,-1
2232,0
2233,-3
2234,0
2235,-1
2236,-1
2237,-1
2238,-1
2239,-1
2240,-3
2241,-1
2242,0
2243,-4
2244,-1
2245,-1
2246,-1
2247,-1
2248,-3
2249,-2
2250,-1
2251,-2
2252,-2
2253,0
2254,0
2255,-1
2256,0
2257,-1
2258,0
2259,0
2260,-1
2261,0
2262,-1
2263,-1
2264,-1
2265,-2
2266,0
2267,0
2268,-1
2269,-2
2270,-3
2271,-1
2272,-1
2273,0
2274,-1
2275,0
2276,-1
2277,-1
2278,-2
2279,-1
2280,0
2281,-2
2282,-2
2283,-1
2284,-1
2285,-2
2286,-2
2287,-2
2288,-3
2289,-3
2290,0
2291,-1
2292,0
2293,-3
2294,-2
2295,-4
2296,-4
2297,0
2298,-1
2299,-1
2300,-3
2301,0
2302,-3
2303,-2
2304,-2
2305,-4
2306,-1
2307,-1
2308,-1
2309,-2
2310,-1
2311,-3
2312,-1
2313,-3
2314,0
2315,-3
2316,-3
2317,-2
2318,0
2319,0
2320,-2
2321,-1
2322,0
2323,-4
2324,0
2325,-1
2326,-1
2327,-2
2328,-1
2329,-1
2330,-1
2331,-1
2332,-2
2333,-4
2334,-1
2335,-1
2336,-2
2337,-1
2338,-2
2339,-1
2340,-1
2341,-1
2342,-1
2343,-2
2344,-1
2345,-1
2346,-2
2347,-4
2348,-1
2349,-1
2350,0
2351,-1
2352,0
2353,-1
2354,-3
2355,-1
2356,-1
2357,-2
2358,0
2359,-2
2360,-3
2361,-2
2362,-1
2363,-1
2364,-1
2365,-2
2366,-1
2367,-1
2368,0
2369,-1
2370,0
2371,-2
2372,-1
2373,0
2374,-1
2375,-1
2376,-2
2377,0
2378,0
2379,-1
2380,-1
2381,0
2382,-3
2383,-3
2384,-1
2385,0
2386,-2
2387,-2
2388,-2
2389,0
2390,0
2391,0
2392,0
2393,-2
2394,-1
2395,-2
2396,-2
2397,-1
2398,-1
2399,-1
2400,-2
2401,-3
2402,-2
2403,0
2404,-1
2405,0
2406,-2
2407,0
2408,0
2409,0
2410,0
2411,-1
2412,-1
2413,-3
2414,-2
2415,-3
2416,-2
2417,-1
2418,-4
2419,-1
2420,-3
2421,-1
2422,0
2423,-1
2424,-1
2425,-2
2426,-4
2427,-1
2428,-2
2429,-2
2430,-2
2431,-2
2432,-3
2433,-1
2434,-1
2435,-1
2436,-1
2437,-2
2438,0
2439,-1
2440,-2
2441,-2
2442,-4
2443,-2
2444,-4
2445,0
2446,-2
2447,-1
2448,-3
2449,-2
2450,-1
2451,0
2452,-3
2453,0
2454,-1
2455,-2
2456,-2
2457,-1
2458,0
2459,-1
2460,-2
2461,-3
2462,0
2463,-3
2464,-3
2465,-1
2466,-2
2467,-3
2468,0
2469,-1
2470,0
2471,0
2472,0
2473,-4
2474,-3
2475,-1
2476,-1
2477,-2
2478,-1
2479,-2
2480,0
2481,0
2482,0
2483,-2
2484,-3
2485,0
2486,-2
2487,0
2488,-4
2489,-1
2490,-2
2491,-1
2492,-1
2493,-2
2494,-1
2495,-1
2496,-3
2497,0
2498,-2
2499,-2
2500,-2
2501,0
2502,-2
2503,-2
2504,-4
2505,-1
2506,0
2507,-2
2508,0
2509,-1
2510,-1
2511,-2
2512,-2
2513,-2
2514,0
2515,-1
2516,0
2517,-1
2518,0
2519,-2
2520,0
2521,0
2522,-4
2523,-2
2524,-2
2525,-2
2526,-1
2527,-2
2528,-2
2529,-1
2530,-1
2531,-2
2532,0
2533,-2
2534,-1
2535,0
2536,-3
2537,-2
2538,-1
2539,-2
2540,0
2541,0
2542,-2
2543,-4
2544,-1
2545,0
2546,0
2547,-2
2548,0
2549,0
2550,-2
2551,-1
2552,0
2553,0
2554,-3
2555,-2
2556,0
2557,-4
2558,-1
2559,-2
2560,-2
2561,-1
2562,0
2563,-1
2564,-2
2565,-4
2566,-4
2567,-3
2568,-1
2569,-1
2570,-1
2571,-2
2572,0
2573,-1
2574,0
2575,-3
2576,-2
2577,0
2578,0
2579,-1
2580,-3
2581,-3
2582,-1
2583,0
2584,-3
2585,0
2586,-1
2587,-1
2588,-1
2589,-2
2590,-2
2591,-2
2592,-1
2593,-4
2594,0
2595,-2
2596,-1
2597,-2
2598,-2
2599,0
2600,-4
2601,0
2602,-1
2603,-2
2604,-1
2605,-3
2606,-1
2607,-4
2608,0
2609,-3
2610,0
2611,-1
2612,-2
2613,-2
2614,0
2615,-2
2616,-1
2617,-3
2618,-3
2619,-1
2620,0
2621,0
2622,-2
2623,0
2624,-1
2625,-3
2626,-1
2627,-2
2628,-2
2629,-1
2630,-2
2631,0
2632,-1
2633,-4
2634,0
2635,-3
2636,-3
2637,0
2638,-3
2639,0
2640,-4
2641,0
2642,-1
2643,-1
2644,0
2645,-2
2646,-1
2647,0
2648,-1
2649,0
2650,-3
2651,-3
2652,-1
2653,-3
2654,0
2655,-1
2656,0
2657,0
2658,0
2659,0
2660,-4
2661,-1
2662,-1
2663,0
2664,-1
2665,-2
2666,-2
2667,-1
2668,0
2669,-3
2670,0
2671,0
2672,-1
2673,0
2674,-4
2675,0
2676,-2
2677,0
2678,-3
2679,0
2680,-3
2681,-3
2682,-1
2683,-1
2684,-1
2685,-2
2686,-2
2687,-3
2688,0
2689,-1
2690,-2
2691,-2
2692,0
2693,0
2694,0
2695,-2
2696,-3
2697,-2
2698,-3
2699,0
2700,0
2701,-2
2702,-1
2703,-2
2704,0
2705,-1
2706,-1
2707,-1
2708,-2
2709,-1
2710,-3
2711,-3
2712,-2
2713,-1
2714,-1
2715,-1
2716,-2
2717,-1
2718,-3
2719,-2
2720,-3
2721,-1
2722,0
2723,-1
2724,-2
2725,-2
2726,-2
2727,0
2728,-1
2729,-2
2730,0
2731,-2
2732,-1
2733,0
2734,-1
2735,-1
2736,-2
2737,-1
2738,0
2739,-2
2740,-2
2741,-3
2742,-1
2743,-4
2744,-5
2745,0
2746,0
2747,-1
2748,-3
2749,-1
2750,0
2751,-1
2752,0
2753,-3
2754,-2
2755,0
2756,0
2757,0
2758,0
2759,-2
2760,-4
2761,-2
2762,0
2763,-3
2764,-2
2765,0
2766,-3
2767,-2
2768,-2
2769,0
2770,0
2771,-1
2772,0
2773,-5
2774,0
2775,0
2776,-1
2777,-4
2778,-4
2779,-3
2780,-1
2781,-1
2782,-1
2783,-1
2784,-4
2785,-3
2786,-2
2787,-2
2788,0
2789,-1
2790,-2
2791,0
2792,-1
2793,-2
2794,-3
2795,-2
2796,-3
2797,-3
2798,-2
2799,-2
2800,-2
2801,-1
2802,-3
2803,-3
2804,0
2805,-2
2806,0
2807,-3
2808,-2
2809,0
2810,-2
2811,-1
2812,-1
2813,-3
2814,0
2815,-1
2816,-3
2817,-1
2818,0
2819,-2
2820,-1
2821,-1
2822,-2
2823,-1
2824,-2
2825,-2
2826,-1
2827,-2
2828,-1
2829,-1
2830,-2
2831,-2
2832,0
2833,-1
2834,-1
2835,-2
2836,-2
2837,-1
2838,-2
2839,-1
2840,0
2841,-3
2842,-2
2843,0
2844,0
2845,-2
2846,-2
2847,-3
2848,0
2849,-2
2850,-1
2851,-1
2852,-1
2853,-1
2854,-3
2855,-2
2856,-3
2857,-4
2858,0
2859,-1
2860,-3
2861,0
2862,-2
2863,-1
2864,-3
2865,-4
2866,-3
2867,-3
2868,-1
2869,-1
2870,-2
2871,-1
2872,-3
2873,-1
2874,-2
2875,-2
2876,-3
2877,-1
2878,0
2879,-1
2880,-1
2881,-2
2882,-1
2883,-1
2884,-2
2885,-2
2886,-3
2887,0
2888,0
2889,-4
2890,-2
2891,-2
2892,0
2893,-1
2894,-1
2895,0
2896,-1
2897,-2
2898,-2
2899,-1
2900,0
2901,-1
2902,-1
2903,0
2904,-1
2905,0
2906,-1
2907,-1
2908,-1
2909,-1
2910,-1
2911,-2
2912,-1
2913,-3
2914,0
2915,-1
2916,-3
2917,-1
2918,-3
2919,0
2920,-1
2921,0
2922,-2
2923,-2
2924,-1
2925,-3
2926,0
2927,-2
2928,0
2929,-1
2930,0
2931,-1
2932,-3
2933,-1
2934,-3
2935,-1
2936,-2
2937,0
2938,-1
2939,-1
2940,0
2941,-2
2942,0
2943,-2
2944,-2
2945,-1
2946,-2
2947,-2
2948,0
2949,-1
2950,0
2951,-1
2952,-2
2953,-1
2954,0
2955,-4
2956,-2
2957,-3
2958,-4
2959,-1
2960,-1
2961,-4
2962,-1
2963,0
2964,-2
2965,-2
2966,-1
2967,0
2968,-1
2969,0
2970,-1
2971,0
2972,0
2973,-2
2974,-1
2975,-2
2976,0
2977,0
2978,0
2979,-1
2980,-3
2981,-1
2982,-3
2983,-3
2984,-2
2985,0
2986,-1
2987,-3
2988,-1
2989,-1
2990,-3
2991,0
2992,0
2993,-1
2994,0
2995,-1
2996,0
2997,-2
2998,0
2999,-3
3000,-1
3001,-1
3002,0
3003,0
3004,-2
3005,-1
3006,0
3007,-2
3008,0
3009,-2
3010,-4
3011,-1
3012,0
3013,-1
3014,0
3015,-1
3016,-2
3017,-3
3018,-2
3019,-1
3020,0
3021,-1
3022,-3
3023,0
3024,-3
3025,-2
3026,0
3027,-2
3028,-1
3029,-1
3030,-2
3031,-2
3032,-1
3033,-1
3034,-4
3035,-3
3036,-1
3037,0
3038,-2
3039,-1
3040,0
3041,0
3042,-2
3043,-1
3044,0
3045,-2
3046,-2
3047,-2
3048,-1
3049,-3
3050,0
3051,0
3052,-2
3053,-1
3054,-2
3055,-1
3056,-1
3057,-2
3058,-1
3059,-4
3060,-1
3061,-2
3062,-1
3063,-2
3064,-2
3065,0
3066,-2
3067,-1
3068,0
3069,-2
3070,-1
3071,-2
3072,0
3073,-2
3074,0
3075,-4
3076,-2
3077,-4
3078,-1
3079,-2
3080,-1
3081,-1
3082,-5
3083,-2
3084,0
3085,0
3086,-4
3087,-1
3088,-1
3089,-3
3090,0
3091,-3
3092,-1
3093,-1
3094,-3
3095,-1
3096,-1
3097,-1
3098,-3
3099,-2
3100,0
3101,-2
3102,-3
3103,-1
3104,-3
3105,0
3106,-3
3107,0
3108,-1
3109,-1
3110,-3
3111,0
3112,-3
3113,-1
3114,0
3115,0
3116,-2
3117,-1
3118,0
3119,-1
3120,-2
3121,-1
3122,-1
3123,-1
3124,-1
3125,-2
3126,0
3127,-1
3128,-2
3129,-1
3130,-3
3131,-3
3132,-2
3133,0
3134,0
3135,-3
3136,0
3137,-1
3138,-1
3139,-1
3140,-5
3141,-3
3142,0
3143,-1
3144,-1
3145,-1
3146,-1
3147,-1
3148,-2
3149,-1
3150,-1
3151,-2
3152,-4
3153,-4
3154,-2
3155,0
3156,-2
3157,-1
3158,-1
3159,-1
3160,-2
3161,-1
3162,-1
3163,-1
3164,0
3165,-1
3166,-1
3167,0
3168,-2
3169,0
3170,-4
3171,0
3172,-2
3173,-1
3174,1
3175,-1
3176,-3
3177,-1
3178,-2
3179,-4
3180,0
3181,0
3182,-1
3183,-2
3184,-1
3185,-1
3186,0
3187,-1
3188,-1
3189,-2
3190,0
3191,0
3192,-4
3193,-1
3194,0
3195,-1
3196,-2
3197,-1
3198,-4
3199,-1
3200,-2
3201,-2
3202,0
3203,0
3204,0
3205,0
3206,0
3207,-4
3208,-1
3209,-1
3210,-2
3211,-2
3212,-3
3213,-1
3214,-2
3215,-4
3216,0
3217,0
3218,-3
3219,0
3220,-3
3221,-3
3222,-1
3223,0
3224,-1
3225,0
3226,-1
3227,-1
3228,-2
3229,-2
3230,-1
3231,-1
3232,-1
3233,-1
3234,0
3235,-2
3236,-2
3237,-1
3238,-4
3239,-1
3240,-1
3241,-1
3242,-1
3243,-2
3244,-3
3245,-1
3246,-2
3247,-1
3248,-1
3249,-2
3250,0
3251,-2
3252,0
3253,-3
3254,-1
3255,-1
3256,0
3257,-3
3258,0
3259,-1
3260,0
3261,-1
3262,-1
3263,-3
3264,-3
3265,-1
3266,-1
3267,-1
3268,-2
3269,0
3270,-1
3271,0
3272,-2
3273,-3
3274,-2
3275,0
3276,-3
3277,-1
3278,-1
3279,0
3280,-1
3281,-2
3282,0
3283,0
3284,0
3285,0
3286,0
3287,-5
3288,0
3289,-1
3290,-5
3291,-3
3292,-1
3293,-3
3294,0
3295,0
3296,0
3297,-2
3298,1
3299,-2
3300,-3
3301,-2
3302,-2
3303,0
3304,0
3305,0
3306,-1
3307,-1
3308,-4
3309,-2
3310,0
3311,0
3312,-3
3313,-3
3314,-3
3315,-2
3316,-2
3317,-2
3318,0
3319,-3
3320,-2
3321,-3
3322,0
3323,0
3324,-4
3325,-1
3326,-1
3327,-1
3328,0
3329,0
3330,0
3331,-3
3332,-2
3333,0
3334,0
3335,-1
3336,-2
3337,-2
3338,-1
3339,0
3340,0
3341,0
3342,-2
3343,0
3344,-2
3345,-2
3346,0
3347,0
3348,0
3349,-2
3350,-1
3351,0
3352,-1
3353,-3
3354,0
3355,-1
3356,0
3357,-2
3358,-1
3359,-3
3360,-3
3361,-3
3362,-3
3363,-2
3364,-1
3365,-1
3366,-2
3367,-1
3368,-3
3369,-3
3370,-2
3371,-2
3372,0
3373,-1
3374,-1
3375,-3
3376,0
3377,-1
3378,-1
3379,-1
3380,0
3381,0
3382,-1
3383,-4
3384,-3
3385,-1
3386,-1
3387,-2
3388,0
3389,-3
3390,-1
3391,0
3392,-1
3393,-1
3394,0
3395,-1
3396,-1
3397,-4
3398,-1
3399,-4
3400,-1
3401,0
3402,-1
3403,-1
3404,-1
3405,-2
3406,-3
3407,-5
3408,-1
3409,-4
3410,-1
3411,-2
3412,0
3413,0
3414,-2
3415,-3
3416,-2
3417,-2
3418,-1
3419,-1
3420,-2
3421,-1
3422,-2
3423,-2
3424,-3
3425,0
3426,-1
3427,-2
3428,0
3429,-3
3430,0
3431,-1
3432,-3
3433,-1
3434,-2
3435,-1
3436,-1
3437,-1
3438,-1
3439,-2
3440,-2
3441,-2
3442,-1
3443,-2
3444,0
3445,0
3446,0
3447,0
3448,0
3449,-1
3450,0
3451,-1
3452,-2
3453,-1
3454,-2
3455,-1
3456,-1
3457,-1
3458,-1
3459,1
3460,-1
3461,-1
3462,-2
3463,-3
3464,-1
3465,-1
3466,-1
3467,-3
3468,-4
3469,-2
3470,-1
3471,0
3472,0
3473,-1
3474,-1
3475,-2
3476,-1
3477,-2
3478,-3
3479,-2
3480,-1
3481,-3
3482,0
3483,-1
3484,-2
3485,0
3486,-3
3487,-2
3488,0
3489,-1
3490,-1
3491,-1
3492,-3
3493,-4
3494,-2
3495,0
3496,0
3497,0
3498,0
3499,-2
3500,-2
3501,-4
3502,-1
3503,-2
3504,-1
3505,-1
3506,0
3507,-2
3508,0
3509,-2
3510,-1
3511,0
3512,-1
3513,-2
3514,0
3515,-1
3516,-4
3517,0
3518,-2
3519,-1
3520,-2
3521,-3
3522,-4
3523,0
3524,0
3525,-2
3526,0
3527,0
3528,-1
3529,-3
3530,0
3531,-1
3532,0
3533,-3
3534,0
3535,-1
3536,-1
3537,-1
3538,-3
3539,-1
3540,-3
3541,0
3542,0
3543,-2
3544,-1
3545,-1
3546,-1
3547,-4
3548,-5
3549,-2
3550,0
3551,-3
3552,-2
3553,-3
3554,-4
3555,-3
3556,-4
3557,0
3558,-3
3559,-2
3560,0
3561,-2
3562,-1
3563,0
3564,-1
3565,-1
3566,-1
3567,0
3568,-2
3569,0
3570,-1
3571,-2
3572,-2
3573,-2
3574,-3
3575,-2
3576,-1
3577,-1
3578,-2
3579,0
3580,-2
3581,-1
3582,0
3583,-1
3584,-2
3585,-1
3586,0
3587,-3
3588,-2
3589,-3
3590,0
3591,-1
3592,-4
3593,-2
3594,0
3595,-2
3596,0
3597,-2
3598,-1
3599,0
3600,-1
3601,0
3602,0
3603,-1
3604,-2
3605,-1
3606,-2
3607,-1
3608,-2
3609,-3
3610,-2
3611,0
3612,-1
3613,-1
3614,-1
3615,-2
3616,-1
3617,-5
3618,-1
3619,-5
3620,-1
3621,-2
3622,0
3623,-2
3624,-2
3625,-1
3626,0
3627,0
3628,-1
3629,0
3630,0
3631,-1
3632,-1
3633,-1
3634,0
3635,-1
3636,0
3637,0
3638,-1
3639,-1
3640,0
3641,-3
3642,-2
3643,-1
3644,-2
3645,0
3646,-1
3647,-2
3648,-1
3649,-2
3650,0
3651,-1
3652,-1
3653,-1
3654,0
3655,-1
3656,-2
3657,-3
3658,-1
3659,-1
3660,-2
3661,-2
3662,0
3663,0
3664,-1
3665,0
3666,-3
3667,-1
3668,-2
3669,0
3670,-2
3671,-4
3672,0
3673,0
3674,0
3675,0
3676,0
3677,-1
3678,1
3679,-1
3680,-2
3681,0
3682,0
3683,-1
3684,-1
3685,-4
3686,-1
3687,0
3688,-2
3689,-2
3690,-1
3691,-2
3692,0
3693,-1
3694,-2
3695,-1
3696,-2
3697,-2
3698,0
3699,-2
3700,-3
3701,-1
3702,-2
3703,-2
3704,-1
3705,-1
3706,-1
3707,-2
3708,-2
3709,0
3710,0
3711,-2
3712,-3
3713,0
3714,-1
3715,0
3716,0
3717,-2
3718,-2
3719,0
3720,0
3721,-1
3722,0
3723,-3
3724,-1
3725,0
3726,0
3727,-3
3728,-2
3729,-2
3730,0
3731,0
3732,-3
3733,-1
3734,0
3735,-1
3736,-2
3737,-3
3738,-1
3739,0
3740,0
3741,-1
3742,-1
3743,-3
3744,-1
3745,-2
3746,-4
3747,-1
3748,-1
3749,-2
3750,-2
3751,-4
3752,-1
3753,-1
3754,-1
3755,0
3756,-2
3757,-2
3758,-2
3759,0
3760,-1
3761,-1
3762,-4
3763,-4
3764,0
3765,-1
3766,-2
3767,-2
3768,-3
3769,0
3770,0
3771,-2
3772,-2
3773,0
3774,0
3775,-3
3776,0
3777,-2
3778,0
3779,-2
3780,-4
3781,-1
3782,-1
3783,-2
3784,-4
3785,-2
3786,-1
3787,0
3788,-2
3789,-1
3790,-2
3791,0
3792,-2
3793,-2
3794,-3
3795,0
3796,0
3797,-1
3798,-2
3799,0
3800,-2
3801,-3
3802,-3
3803,0
3804,0
3805,-3
3806,0
3807,0
3808,0
3809,-1
3810,-1
3811,-1
3812,-1
3813,0
3814,-1
3815,-2
3816,1
3817,-2
3818,-2
3819,-2
3820,0
3821,-3
3822,-1
3823,-1
3824,0
3825,-1
3826,-1
3827,-3
3828,-1
3829,0
3830,0
3831,0
3832,-2
3833,-2
3834,-3
3835,0
3836,0
3837,-1
3838,-1
3839,-2
3840,-1
3841,-1
3842,0
3843,-2
3844,-3
3845,-2
3846,-2
3847,-1
3848,-2
3849,-2
3850,-1
3851,0
3852,-2
3853,0
3854,0
3855,-3
3856,0
3857,-3
3858,-1
3859,-1
3860,-1
3861,-1
3862,0
3863,0
3864,-3
3865,-3
3866,0
3867,-3
3868,-3
3869,0
3870,-3
3871,-2
3872,-1
3873,-1
3874,-1
3875,-1
3876,-2
3877,-4
3878,0
3879,-1
3880,-2
3881,-2
3882,0
3883,0
3884,-1
3885,0
3886,-3
3887,-2
3888,-3
3889,-1
3890,0
3891,-2
3892,0
3893,0
3894,-2
3895,-1
3896,-1
3897,-2
3898,0
3899,-1
3900,-1
3901,-1
3902,-2
3903,-3
3904,0
3905,-3
3906,-1
3907,-2
3908,-1
3909,-1
3910,-2
3911,0
3912,-4
3913,-1
3914,-1
3915,0
3916,-2
3917,-1
3918,-1
3919,-4
3920,-3
3921,-3
3922,-2
3923,0
3924,-1
3925,-2
3926,-2
3927,-4
3928,0
3929,0
3930,-2
3931,-2
3932,-4
3933,-3
3934,-2
3935,-3
3936,-2
3937,-1
3938,-1
3939,-3
3940,0
3941,0
3942,-2
3943,-2
3944,0
3945,0
3946,0
3947,-2
3948,0
3949,-2
3950,-3
3951,-1
3952,0
3953,0
3954,-1
3955,-4
3956,-1
3957,0
3958,-1
3959,-1
3960,-2
3961,-1
3962,0
3963,-3
3964,-2
3965,0
3966,0
3967,0
3968,-3
3969,0
3970,-2
3971,-1
3972,0
3973,0
3974,-1
3975,0
3976,-1
3977,-1
3978,-1
3979,-3
3980,-1
3981,-1
3982,0
3983,-1
3984,-1
3985,-3
3986,-3
3987,0
3988,-1
3989,-2
3990,-1
3991,-1
3992,-2
3993,-1
3994,-3
3995,0
3996,-2
3997,-3
3998,-2
3999,0
4000,0
4001,-3
4002,0
4003,-2
4004,-2
4005,-1
4006,0
4007,-2
4008,-2
4009,-4
4010,-2
4011,-3
4012,-1
4013,-2
4014,-1
4015,-1
4016,-2
4017,0
4018,-1
4019,-1
4020,0
4021,-1
4022,-2
4023,-1
4024,0
4025,0
4026,0
4027,-2
4028,-1
4029,-2
4030,-1
4031,-1
4032,-1
4033,-3
4034,0
4035,-2
4036,0
4037,-1
4038,-1
4039,0
4040,-1
4041,-2
4042,-1
4043,-1
4044,-2
4045,-3
4046,0
4047,0
4048,-2
4049,-1
4050,-2
4051,-2
4052,0
4053,-1
4054,-1
4055,-5
4056,-1
4057,0
4058,-3
4059,0
4060,-2
4061,-3
4062,-2
4063,0
4064,0
4065,-1
4066,-3
4067,-1
4068,-2
4069,-1
4070,-1
4071,-1
4072,-1
4073,0
4074,-1
4075,-1
4076,-2
4077,0
4078,-2
4079,-2
4080,-1
4081,0
4082,-5
4083,-2
4084,-1
4085,-2
4086,-3
4087,-3
4088,0
4089,-1
4090,-1
4091,-2
4092,-1
4093,-2
4094,-1
4095,-2
4096,-1
4097,0
4098,0
4099,-2
4100,0
4101,-2
4102,0
4103,-1
4104,-1
4105,0
4106,-3
4107,-3
4108,-3
4109,-3
4110,-3
4111,-2
4112,0
4113,-1
4114,0
4115,0
4116,0
4117,0
4118,0
4119,0
4120,0
4121,-1
4122,-3
4123,-3
4124,-1
4125,-4
4126,-2
4127,-4
4128,-1
4129,0
4130,-3
4131,-4
4132,0
4133,-3
4134,-1
4135,-1
4136,0
4137,-1
4138,-2
4139,-3
4140,-3
4141,-1
4142,-1
4143,-1
4144,-2
4145,0
4146,-1
4147,-2
4148,-3
4149,-5
4150,-4
4151,-2
4152,-1
4153,-2
4154,-1
4155,-1
4156,-4
4157,-2
4158,-1
4159,-2
4160,-3
4161,-1
4162,-1
4163,0
4164,-2
4165,-1
4166,-2
4167,-1
4168,0
4169,0
4170,-1
4171,-2
4172,-1
4173,-3
4174,-1
4175,-4
4176,-1
4177,-1
4178,-2
4179,-1
4180,0
4181,0
4182,-3
4183,-1
4184,-1
4185,-4
4186,-4
4187,-2
4188,-1
4189,0
4190,-1
4191,0
4192,-3
4193,0
4194,-1
4195,-1
4196,-4
4197,-4
4198,-1
4199,0
4200,-3
4201,-1
4202,0
4203,0
4204,0
4205,-2
4206,-2
4207,-1
4208,0
4209,-1
4210,-1
4211,-3
4212,0
4213,-1
4214,-2
4215,-2
4216,-1
4217,-1
4218,-3
4219,0
4220,0
4221,-2
4222,-1
4223,-1
4224,0
4225,-2
4226,0
4227,0
4228,0
4229,-1
4230,-3
4231,-2
4232,-2
4233,-2
4234,-1
4235,-3
4236,0
4237,-1
4238,0
4239,-1
4240,-2
4241,0
4242,-2
4243,-2
4244,0
4245,-2
4246,0
4247,-2
4248,-2
4249,-1
4250,-3
4251,-2
4252,-1
4253,0
4254,0
4255,-1
4256,-1
4257,-1
4258,-1
4259,-1
4260,-1
4261,0
4262,0
4263,-2
4264,0
4265,0
4266,-1
4267,0
4268,-2
4269,0
4270,-1
4271,0
4272,0
4273,-2
4274,-3
4275,-2
4276,-1
4277,-2
4278,-2
4279,0
4280,-1
4281,-3
4282,0
4283,-1
4284,-3
4285,-5
4286,-2
4287,-1
4288,-1
4289,-4
4290,-1
4291,-2
4292,-4
4293,-2
4294,0
4295,0
4296,-1
4297,-1
4298,0
4299,-1
4300,0
4301,-1
4302,-1
4303,0
4304,-2
4305,-1
4306,-3
4307,-1
4308,-2
4309,-3
4310,-1
4311,-3
4312,-3
4313,-2
4314,-3
4315,0
4316,-1
4317,-2
4318,-1
4319,-3
4320,-3
4321,-3
4322,-2
4323,-2
4324,-2
4325,-3
4326,-2
4327,-1
4328,-2
4329,-1
4330,-2
4331,0
4332,-2
4333,0
4334,0
4335,0
4336,-2
4337,0
4338,-1
4339,-2
4340,-2
4341,-1
4342,0
4343,-2
4344,-1
4345,-4
4346,-4
4347,-3
4348,-2
4349,-4
4350,0
4351,0
4352,0
4353,-2
4354,-1
4355,-3
4356,-1
4357,-1
4358,0
4359,0
4360,-1
4361,0
4362,0
4363,-2
4364,-2
4365,-1
4366,0
4367,-1
4368,-1
4369,-4
4370,0
4371,0
4372,0
4373,-2
4374,0
4375,-1
4376,-1
4377,-3
4378,-2
4379,-1
4380,-3
4381,-2
4382,-1
4383,-2
4384,-1
4385,-3
4386,-3
4387,-1
4388,-2
4389,0
4390,-2
4391,-2
4392,-2
4393,-2
4394,0
4395,0
4396,0
4397,0
4398,-2
4399,-1
4400,-1
4401,0
4402,0
4403,-4
4404,-1
4405,-2
4406,0
4407,0
4408,-1
4409,-1
4410,-2
4411,-1
4412,-3
4413,-4
4414,-2
4415,-1
4416,-2
4417,0
4418,-1
4419,0
4420,-2
4421,-2
4422,-1
4423,0
4424,-2
4425,-1
4426,0
4427,-1
4428,0
4429,-3
4430,-3
4431,-1
4432,0
4433,-2
4434,-3
4435,0
4436,-2
4437,0
4438,-1
4439,1
4440,-1
4441,-1
4442,-1
4443,-2
4444,-1
4445,-1
4446,-3
4447,-3
4448,0
4449,-2
4450,-3
4451,-2
4452,-1
4453,-1
4454,-1
4455,-1
4456,-4
4457,-3
4458,-1
4459,-1
4460,0
4461,0
4462,0
4463,-2
4464,0
4465,-1
4466,-1
4467,-1
4468,-1
4469,-1
4470,-1
4471,0
4472,-2
4473,0
4474,0
4475,-1
4476,-1
4477,-2
4478,-2
4479,-2
4480,-2
4481,-3
4482,0
4483,-2
4484,-3
4485,0
4486,-1
4487,0
4488,-2
4489,-1
4490,-2
4491,0
4492,-1
4493,0
4494,-2
4495,0
4496,0
4497,-1
4498,-2
4499,-5
4500,-2
4501,-2
4502,-1
4503,-1
4504,-1
4505,0
4506,0
4507,-2
4508,-2
4509,-3
4510,0
4511,0
4512,0
4513,-2
4514,-5
4515,-2
4516,-2
4517,-3
4518,-1
4519,-2
4520,-1
4521,-2
4522,0
4523,-2
4524,0
4525,-1
4526,-1
4527,-2
4528,-3
4529,-2
4530,-5
4531,0
4532,0
4533,-1
4534,-1
4535,-2
4536,0
4537,-1
4538,-3
4539,-1
4540,0
4541,0
4542,-1
4543,-1
4544,0
4545,-2
4546,0
4547,-3
4548,-3
4549,-2
4550,-2
4551,0
4552,-1
4553,-1
4554,0
4555,-2
4556,-2
4557,-1
4558,-2
4559,-1
4560,-3
4561,-3
4562,-4
4563,-1
4564,-3
4565,-3
4566,-2
4567,-4
4568,-1
4569,0
4570,0
4571,-1
4572,-1
4573,0
4574,-1
4575,-1
4576,-1
4577,0
4578,0
4579,-3
4580,-2
4581,-2
4582,0
4583,-1
4584,0
4585,0
4586,-2
4587,-2
4588,-2
4589,-1
4590,-1
4591,0
4592,-2
4593,-5
4594,-1
4595,-1
4596,0
4597,0
4598,-4
4599,-1
4600,-5
4601,-1
4602,-1
4603,-1
4604,-3
4605,-2
4606,-2
4607,-1
4608,-1
4609,-1
4610,0
4611,-1
4612,-2
4613,-1
4614,-2
4615,-1
4616,-1
4617,-1
4618,-1
4619,-1
4620,-1
4621,0
4622,-2
4623,-3
4624,0
4625,-2
4626,-2
4627,-1
4628,-2
4629,-1
4630,-2
4631,-1
4632,-1
4633,-2
4634,-2
4635,-1
4636,-5
4637,-2
4638,0
4639,-3
4640,-1
4641,-3
4642,0
4643,-1
4644,-2
4645,-2
4646,-2
4647,-2
4648,-1
4649,-2
4650,0
4651,-4
4652,-3
4653,-1
4654,-1
4655,-3
4656,0
4657,-1
4658,0
4659,-1
4660,-2
4661,-5
4662,-1
4663,-3
4664,-3
4665,0
4666,-3
4667,-1
4668,-1
4669,-3
4670,-4
4671,0
4672,0
4673,0
4674,-3
4675,-2
4676,-1
4677,0
4678,-1
4679,-1
4680,-3
4681,0
4682,-3
4683,0
4684,0
4685,-1
4686,0
4687,-1
4688,0
4689,-1
4690,-2
4691,-2
4692,-2
4693,-4
4694,-1
4695,0
4696,-1
4697,0
4698,-1
4699,-1
4700,-2
4701,0
4702,-1
4703,0
4704,-5
4705,-2
4706,0
4707,0
4708,-1
4709,-1
4710,0
4711,-1
4712,-1
4713,-1
4714,-1
4715,-1
4716,-2
4717,-2
4718,-1
4719,-2
4720,0
4721,0
4722,-2
4723,-2
4724,-1
4725,-3
4726,0
4727,-2
4728,-1
4729,-3
4730,0
4731,-2
4732,0
4733,-1
4734,1
4735,-4
4736,-1
4737,-2
4738,-1
4739,-1
4740,-1
4741,-1
4742,-1
4743,-3
4744,-3
4745,-2
4746,-2
4747,-1
4748,-1
4749,0
4750,-1
4751,0
4752,-3
4753,-1
4754,-1
4755,0
4756,-1
4757,-1
4758,-1
4759,-2
4760,0
4761,-2
4762,-3
4763,0
4764,-1
4765,-1
4766,-1
4767,-4
4768,0
4769,-2
4770,0
4771,-1
4772,-2
4773,-2
4774,-1
4775,0
4776,0
4777,1
4778,-1
4779,-1
4780,-1
4781,-1
4782,-1
4783,-1
4784,-1
4785,-2
4786,-2
4787,-1
4788,0
4789,-1
4790,-3
4791,-2
4792,-1
4793,0
4794,-1
4795,-2
4796,0
4797,0
4798,0
4799,0
4800,-1
4801,0
4802,-2
4803,-2
4804,-2
4805,-3
4806,0
4807,-3
4808,-2
4809,-1
4810,0
4811,-1
4812,-4
4813,0
4814,-2
4815,0
4816,-2
4817,0
4818,-3
4819,-2
4820,-1
4821,-3
4822,-3
4823,-1
4824,-1
4825,0
4826,-2
4827,-1
4828,0
4829,0
4830,-2
4831,-3
4832,-1
4833,-2
4834,-1
4835,-1
4836,-3
4837,-3
4838,-3
4839,0
4840,-1
4841,-2
4842,-1
4843,-1
4844,-2
4845,-3
4846,-1
4847,0
4848,0
4849,-4
4850,-4
4851,-2
4852,-2
4853,-2
4854,0
4855,0
4856,-1
4857,-1
4858,-3
4859,-3
4860,-3
4861,-2
4862,0
4863,-2
4864,0
4865,-1
4866,0
4867,-1
4868,-2
4869,-2
4870,-1
4871,0
4872,-2
4873,-3
4874,-3
4875,-1
4876,-1
4877,-3
4878,-1
4879,-3
4880,0
4881,-1
4882,-1
4883,-3
4884,-1
4885,0
4886,-3
4887,-1
4888,-1
4889,0
4890,0
4891,-4
4892,0
4893,-2
4894,-1
4895,-2
4896,0
4897,-1
4898,0
4899,0
4900,-1
4901,-1
4902,-1
4903,-1
4904,0
4905,0
4906,0
4907,-1
4908,-3
4909,-1
4910,-1
4911,-1
4912,-1
4913,-2
4914,0
4915,0
4916,-1
4917,-2
4918,-1
4919,-1
4920,-1
4921,0
4922,-2
4923,-2
4924,-1
4925,0
4926,-1
4927,-3
4928,-1
4929,-2
4930,-1
4931,-2
4932,-3
4933,0
4934,-2
4935,-2
4936,-1
4937,-2
4938,-4
4939,-1
4940,-1
4941,-1
4942,-1
4943,0
4944,-3
4945,1
4946,-1
4947,-3
4948,-2
4949,-2
4950,-1
4951,-1
4952,0
4953,0
4954,-4
4955,0
4956,-1
4957,-3
4958,-2
4959,-1
4960,-1
4961,-2
4962,0
4963,-1
4964,-2
4965,0
4966,-1
4967,-1
4968,0
4969,-3
4970,0
4971,-3
4972,0
4973,-2
4974,-3
4975,-2
4976,-2
4977,-4
4978,-1
4979,-1
4980,0
4981,0
4982,-1
4983,-1
4984,-1
4985,1
4986,0
4987,-2
4988,-4
4989,-3
4990,0
4991,-1
4992,-1
4993,-2
4994,0
4995,-1
4996,0
4997,-2
4998,-2
4999,-1
5000,-4
5001,-3
5002,0
5003,0
5004,-2
5005,-4
5006,-1
5007,-3
5008,-1
5009,-2
5010,-3
5011,-4
5012,-1
5013,-1
5014,-4
5015,-1
5016,-4
5017,-6
5018,-2
5019,-4
5020,-2
5021,-1
5022,-4
5023,-2
5024,-3
5025,-2
5026,-3
5027,-3
5028,-2
5029,-3
5030,-1
5031,-1
5032,-1
5033,-4
5034,-4
5035,-3
5036,-4
5037,-5
5038,-2
5039,-4
5040,-2
5041,-2
5042,-2
5043,-2
5044,-2
5045,-2
5046,-3
5047,-3
5048,-1
5049,-3
5050,-6
5051,-4
5052,-2
5053,-5
5054,-3
5055,-2
5056,-4
5057,-4
5058,-4
5059,-2
5060,-1
5061,-2
5062,-3
5063,-3
5064,-3
5065,-2
5066,-4
5067,-3
5068,-2
5069,-2
5070,-2
5071,-3
5072,-4
5073,-2
5074,-3
5075,-2
5076,-4
5077,-4
5078,-5
5079,-1
5080,-2
5081,-4
5082,0
5083,-3
5084,-4
5085,0
5086,-3
5087,-3
5088,-3
5089,-2
5090,-3
5091,-3
5092,-5
5093,-3
5094,-2
5095,-2
5096,-4
5097,-1
5098,-4
5099,-3
5100,-5
5101,-5
5102,-2
5103,-4
5104,-6
5105,0
5106,-2
5107,-1
5108,-3
5109,-3
5110,-1
5111,-3
5112,-2
5113,-1
5114,-2
5115,-2
5116,-4
5117,-2
5118,-2
5119,-2
5120,-1
5121,-2
5122,-3
5123,-3
5124,-4
5125,-3
5126,-3
5127,-2
5128,-4
5129,-4
5130,-4
5131,-3
5132,-2
5133,-2
5134,-2
5135,-4
5136,-1
5137,-3
5138,-2
5139,-5
5140,-3
5141,-4
5142,-1
5143,-3
5144,-3
5145,-4
5146,-2
5147,-3
5148,-1
5149,-2
5150,0
5151,-3
5152,-2
5153,-4
5154,-1
5155,-5
5156,-3
5157,-3
5158,-2
5159,-5
5160,-3
5161,-2
5162,-3
5163,-4
5164,-2
5165,-4
5166,-1
5167,-3
5168,-1
5169,-3
5170,-4
5171,-4
5172,-2
5173,0
5174,-4
5175,-4
5176,-1
5177,-1
5178,-4
5179,-2
5180,-4
5181,-5
5182,-2
5183,-3
5184,-2
5185,-4
5186,-1
5187,0
5188,-1
5189,-3
5190,-4
5191,-2
5192,-3
5193,0
5194,-4
5195,-5
5196,-2
5197,-3
5198,-3
5199,-1
5200,-2
5201,-2
5202,-3
5203,-1
5204,-3
5205,-5
5206,-4
5207,-4
5208,-4
5209,-3
5210,-3
5211,-4
5212,-4
5213,-3
5214,-2
5215,-3
5216,-4
5217,-2
5218,-1
5219,-4
5220,-5
5221,-2
5222,-3
5223,-2
5224,-4
5225,-5
5226,-3
5227,-5
5228,-2
5229,-4
5230,0
5231,-3
5232,-4
5233,-1
5234,-5
5235,-2
5236,-1
5237,-2
5238,-2
5239,-3
5240,-1
5241,-3
5242,-2
5243,-4
5244,-2
5245,-2
5246,-3
5247,-2
5248,-1
5249,-2
5250,-2
5251,-1
5252,-3
5253,-2
5254,-1
5255,-4
5256,-1
5257,-1
5258,-1
5259,-4
5260,-5
5261,-4
5262,-5
5263,-2
5264,-5
5265,-2
5266,-3
5267,-4
5268,-5
5269,-3
5270,-2
5271,-3
5272,-3
5273,-1
5274,-3
5275,-2
5276,-3
5277,-2
5278,-2
5279,-4
5280,-2
5281,-3
5282,-2
5283,-2
5284,-5
5285,-1
5286,-4
5287,-3
5288,-3
5289,-2
5290,-1
5291,-1
5292,-4
5293,-2
5294,-1
5295,-2
5296,-2
5297,-4
5298,-5
5299,-4
5300,-3
5301,-3
5302,-2
5303,-3
5304,-2
5305,-4
5306,-5
5307,-1
5308,-1
5309,-2
5310,-2
5311,-1
5312,-1
5313,-2
5314,-4
5315,-5
5316,-3
5317,-2
5318,-2
5319,-3
5320,-3
5321,-3
5322,-2
5323,-3
5324,-1
5325,-2
5326,-3
5327,-5
5328,-1
5329,-4
5330,-3
5331,-2
5332,-2
5333,-3
5334,-1
5335,-3
5336,-5
5337,-4
5338,-2
5339,-2
5340,-1
5341,-4
5342,0
5343,-4
5344,0
5345,-3
5346,-4
5347,-4
5348,-2
5349,-1
5350,-3
5351,-5
5352,-2
5353,-4
5354,-4
5355,-1
5356,-3
5357,-4
5358,-1
5359,-2
5360,-2
5361,-4
5362,-1
5363,-4
5364,-4
5365,-3
5366,-2
5367,-4
5368,-1
5369,-2
5370,-3
5371,-4
5372,-4
5373,-1
5374,-3
5375,-2
5376,-1
5377,-1
5378,-2
5379,-5
5380,-4
5381,-4
5382,-2
5383,-1
5384,-1
5385,-1
5386,-2
5387,-3
5388,-1
5389,-3
5390,-1
5391,-3
5392,-6
5393,-1
5394,-1
5395,-4
5396,-3
5397,-5
5398,-5
5399,-4
5400,-1
5401,-5
5402,-2
5403,-3
5404,-3
5405,-2
5406,-1
5407,-4
5408,-2
5409,-3
5410,-1
5411,-2
5412,-5
5413,-5
5414,-2
5415,0
5416,-3
5417,-2
5418,-3
5419,-1
5420,-2
5421,-5
5422,-3
5423,-4
5424,-1
5425,-3
5426,-2
5427,-3
5428,-2
5429,-4
5430,-4
5431,-1
5432,-2
5433,-5
5434,-1
5435,-2
5436,-5
5437,-3
5438,-3
5439,-3
5440,-2
5441,-3
5442,-2
5443,-4
5444,-1
5445,-1
5446,-3
5447,-3
5448,-3
5449,0
5450,-3
5451,-1
5452,-3
5453,-5
5454,-2
5455,-3
5456,0
5457,-5
5458,-4
5459,-1
5460,-2
5461,-2
5462,-2
5463,-2
5464,-4
5465,-3
5466,0
5467,-2
5468,-2
5469,-3
5470,0
5471,-1
5472,-3
5473,-2
5474,-3
5475,-4
5476,0
5477,-3
5478,-4
5479,-2
5480,-4
5481,-2
5482,-2
5483,-2
5484,-2
5485,-1
5486,-3
5487,-4
5488,-2
5489,0
5490,-3
5491,-4
5492,-2
5493,-3
5494,-1
5495,-3
5496,-3
5497,-1
5498,-2
5499,-2
5500,-4
5501,-3
5502,-5
5503,-3
5504,-3
5505,-2
5506,-3
5507,-5
5508,-4
5509,-1
5510,-4
5511,-2
5512,-3
5513,-2
5514,-3
5515,-1
5516,-3
5517,0
5518,-4
5519,0
5520,-4
5521,-4
5522,-3
5523,-5
5524,-2
5525,-4
5526,-3
5527,-4
5528,-2
5529,-2
5530,-1
5531,-2
5532,-1
5533,-3
5534,-1
5535,-3
5536,-3
5537,-1
5538,-2
5539,-2
5540,-6
5541,-3
5542,-5
5543,-1
5544,-3
5545,-2
5546,-2
5547,-1
5548,-4
5549,-5
5550,-2
5551,-4
5552,-4
5553,-5
5554,-4
5555,-4
5556,-3
5557,-1
5558,-1
5559,-3
5560,-2
5561,-1
5562,-2
5563,-2
5564,-2
5565,-4
5566,-4
5567,-4
5568,-3
5569,-3
5570,-2
5571,-4
5572,-4
5573,-2
5574,-3
5575,-2
5576,-5
5577,-2
5578,-3
5579,0
5580,-1
5581,-4
5582,-4
5583,-4
5584,0
5585,-3
5586,-4
5587,-1
5588,-2
5589,-3
5590,-5
5591,-3
5592,-3
5593,-3
5594,-4
5595,-3
5596,-5
5597,-3
5598,-5
5599,-5
5600,-2
5601,-1
5602,-5
5603,-1
5604,-2
5605,-1
5606,-3
5607,-4
5608,-4
5609,-2
5610,-3
5611,-2
5612,-1
5613,-3
5614,-3
5615,-4
5616,-3
5617,-3
5618,-4
5619,-2
5620,-3
5621,-4
5622,-1
5623,-3
5624,-2
5625,-1
5626,-3
5627,-4
5628,-2
5629,-3
5630,-4
5631,-1
5632,-2
5633,-3
5634,-2
5635,-4
5636,-4
5637,-4
5638,-3
5639,-2
5640,-3
5641,-4
5642,-2
5643,-1
5644,-1
5645,-3
5646,-3
5647,-5
5648,-4
5649,-5
5650,0
5651,-4
5652,-2
5653,-3
5654,-3
5655,-3
5656,-2
5657,-4
5658,-4
5659,0
5660,-2
5661,-3
5662,-2
5663,-2
5664,-4
5665,-1
5666,-3
5667,-4
5668,-3
5669,-2
5670,-3
5671,-2
5672,-3
5673,-1
5674,-3
5675,-2
5676,-3
5677,-5
5678,-4
5679,-2
5680,-2
5681,-4
5682,-1
5683,-1
5684,-3
5685,-4
5686,-2
5687,-3
5688,-3
5689,-1
5690,-3
5691,-3
5692,-3
5693,-1
5694,-1
5695,-5
5696,-4
5697,-3
5698,-3
5699,-2
5700,-3
5701,-3
5702,-3
5703,-1
5704,0
5705,-4
5706,-2
5707,-2
5708,-3
5709,-4
5710,-4
5711,-3
5712,-2
5713,-4
5714,-2
5715,-4
5716,-3
5717,-5
5718,-2
5719,-3
5720,-5
5721,-3
5722,-2
5723,0
5724,-5
5725,-4
5726,-3
5727,-5
5728,-3
5729,-2
5730,-2
5731,-3
5732,-3
5733,-2
5734,-4
5735,-1
5736,-4
5737,-4
5738,-3
5739,-2
5740,-4
5741,-3
5742,0
5743,-3
5744,-2
5745,0
5746,-3
5747,-3
5748,-2
5749,-3
5750,-3
5751,-3
5752,-3
5753,-4
5754,-5
5755,-2
5756,-4
5757,-2
5758,-1
5759,-5
5760,-4
5761,-1
5762,-3
5763,-2
5764,-4
5765,-1
5766,-5
5767,-2
5768,-2
5769,-3
5770,-1
5771,-5
5772,-2
5773,-3
5774,-4
5775,-3
5776,-1
5777,-1
5778,-1
5779,0
5780,0
5781,-3
5782,-1
5783,0
5784,-2
5785,-2
5786,-2
5787,-4
5788,-4
5789,-2
5790,-4
5791,-5
5792,-3
5793,-3
5794,-4
5795,-4
5796,-3
5797,-3
5798,-3
5799,-4
5800,-1
5801,-1
5802,-3
5803,-3
5804,-3
5805,-2
5806,-3
5807,-3
5808,0
5809,-4
5810,-2
5811,-3
5812,-2
5813,-4
5814,-4
5815,-4
5816,-2
5817,-5
5818,-4
5819,-2
5820,-3
5821,-3
5822,-4
5823,-4
5824,-2
5825,-3
5826,-3
5827,-4
5828,-1
5829,0
5830,-4
5831,-1
5832,-2
5833,-5
5834,-3
5835,-1
5836,-4
5837,-3
5838,-2
5839,-2
5840,-4
5841,-3
5842,-5
5843,-4
5844,-1
5845,-3
5846,-4
5847,-2
5848,-2
5849,-2
5850,-4
5851,-2
5852,-1
5853,-3
5854,-4
5855,-1
5856,-2
5857,-2
5858,-5
5859,-2
5860,-2
5861,-3
5862,-3
5863,-1
5864,-3
5865,-2
5866,-1
5867,-4
5868,-2
5869,-1
5870,-2
5871,-4
5872,-4
5873,0
5874,-4
5875,-2
5876,-5
5877,-2
5878,0
5879,-3
5880,-3
5881,-4
5882,-3
5883,-1
5884,-2
5885,-3
5886,-1
5887,-2
5888,-2
5889,-1
5890,-5
5891,-3
5892,-3
5893,-3
5894,-1
5895,-5
5896,-2
5897,-2
5898,-3
5899,-1
5900,-4
5901,-1
5902,-1
5903,-4
5904,-1
5905,-5
5906,-2
5907,-4
5908,-4
5909,-2
5910,-3
5911,-2
5912,-1
5913,-2
5914,-4
5915,-5
5916,-2
5917,-1
5918,-5
5919,-1
5920,-2
5921,-3
5922,-2
5923,-3
5924,-2
5925,-3
5926,-1
5927,-5
5928,-4
5929,-4
5930,-2
5931,-1
5932,-3
5933,-4
5934,-2
5935,-2
5936,-2
5937,-2
5938,-1
5939,-3
5940,-3
5941,-3
5942,-3
5943,-2
5944,-4
5945,-2
5946,-3
5947,-4
5948,-5
5949,-3
5950,-1
5951,-3
5952,-3
5953,-3
5954,-4
5955,-4
5956,-4
5957,-3
5958,0
5959,-2
5960,-4
5961,-1
5962,-2
5963,-1
5964,-2
5965,-2
5966,-4
5967,-2
5968,-3
5969,-2
5970,-2
5971,-5
5972,-2
5973,-3
5974,-2
5975,-3
5976,-5
5977,-2
5978,-1
5979,-3
5980,-2
5981,-2
5982,-5
5983,-2
5984,-2
5985,-5
5986,-2
5987,-3
5988,-2
5989,-3
5990,-4
5991,-4
5992,-1
5993,-2
5994,-2
5995,-2
5996,-4
5997,-5
5998,-2
5999,-2
6000,-3
6001,-3
6002,-3
6003,-3
6004,-4
6005,-2
6006,-4
6007,-4
6008,0
6009,-4
6010,-4
6011,-2
6012,-1
6013,-1
6014,-4
6015,-4
6016,-4
6017,-2
6018,0
6019,-3
6020,-1
6021,-2
6022,-2
6023,-2
6024,-2
6025,-2
6026,-3
6027,-1
6028,-1
6029,-3
6030,-3
6031,-1
6032,-4
6033,-2
6034,-2
6035,-5
6036,-3
6037,-2
6038,-6
6039,-1
6040,-1
6041,-1
6042,-3
6043,-5
6044,-2
6045,-4
6046,-1
6047,-5
6048,0
6049,-1
6050,-4
6051,-2
6052,-2
6053,-1
6054,-5
6055,-3
6056,-5
6057,-3
6058,-4
6059,-4
6060,-2
6061,-3
6062,-3
6063,-2
6064,-5
6065,-1
6066,-1
6067,-3
6068,-4
6069,-5
6070,-2
6071,-2
6072,-3
6073,-1
6074,-3
6075,-3
6076,-4
6077,-1
6078,0
6079,-3
6080,-3
6081,-4
6082,-3
6083,0
6084,0
6085,-4
6086,-4
6087,-2
6088,-2
6089,-3
6090,-2
6091,-1
6092,-3
6093,-5
6094,-2
6095,-2
6096,-1
6097,-4
6098,-3
6099,-2
6100,-4
6101,-2
6102,-3
6103,-2
6104,-3
6105,-2
6106,-4
6107,-2
6108,-5
6109,-3
6110,-4
6111,0
6112,-4
6113,-3
6114,-2
6115,-2
6116,-4
6117,-4
6118,-5
6119,-5
6120,-4
6121,-4
6122,-6
6123,-2
6124,-4
6125,-4
6126,0
6127,-1
6128,-4
6129,-3
6130,-4
6131,-4
6132,-2
6133,-2
6134,-1
6135,-2
6136,-3
6137,-2
6138,-6
6139,-4
6140,-2
6141,-1
6142,-5
6143,-2
6144,-4
6145,-3
6146,-4
6147,-5
6148,-1
6149,-3
6150,-4
6151,-1
6152,-3
6153,-3
6154,-5
6155,-6
6156,-3
6157,-2
6158,-3
6159,-5
6160,-4
6161,-2
6162,-3
6163,-3
6164,-1
6165,-4
6166,-3
6167,-2
6168,-1
6169,-1
6170,-2
6171,-5
6172,-3
6173,-3
6174,-2
6175,0
6176,-3
6177,-2
6178,-3
6179,-4
6180,-1
6181,-2
6182,-3
6183,-2
6184,-3
6185,-2
6186,-3
6187,-2
6188,-3
6189,-4
6190,-4
6191,-2
6192,-2
6193,-6
6194,-1
6195,-2
6196,-4
6197,-1
6198,-2
6199,-4
6200,-4
6201,-2
6202,-3
6203,-4
6204,-3
6205,-1
6206,-4
6207,-1
6208,-1
6209,-2
6210,0
6211,-2
6212,-3
6213,-3
6214,-4
6215,-3
6216,-4
6217,-2
6218,-4
6219,-1
6220,-1
6221,-1
6222,-3
6223,-2
6224,-3
6225,-4
6226,-1
6227,-1
6228,-4
6229,-4
6230,-1
6231,-3
6232,-5
6233,0
6234,-3
6235,-2
6236,-2
6237,-2
6238,-5
6239,-4
6240,-3
6241,-2
6242,-3
6243,-1
6244,0
6245,-4
6246,-4
6247,0
6248,-3
6249,-3
6250,-3
6251,-4
6252,-3
6253,-5
6254,-3
6255,-1
6256,-2
6257,-1
6258,-2
6259,-4
6260,-1
6261,-3
6262,-3
6263,-2
6264,-4
6265,-5
6266,-2
6267,-1
6268,-2
6269,-2
6270,-3
6271,-1
6272,-1
6273,-3
6274,-1
6275,-1
6276,-4
6277,-3
6278,-1
6279,0
6280,-3
6281,-3
6282,-2
6283,0
6284,-3
6285,-1
6286,-2
6287,0
6288,-3
6289,-2
6290,-1
6291,-3
6292,-2
6293,-4
6294,-3
6295,-2
6296,-3
6297,-2
6298,-3
6299,-4
6300,-2
6301,-3
6302,-2
6303,-1
6304,-4
6305,-4
6306,-5
6307,-4
6308,-1
6309,-2
6310,-3
6311,-2
6312,-4
6313,-2
6314,-3
6315,-4
6316,-4
6317,-3
6318,-3
6319,-3
6320,-3
6321,-3
6322,-1
6323,-2
6324,-2
6325,-3
6326,-4
6327,0
6328,-3
6329,-4
6330,-2
6331,-2
6332,-2
6333,-2
6334,-3
6335,-5
6336,-3
6337,-3
6338,-4
6339,-4
6340,-4
6341,-1
6342,-4
6343,-2
6344,-3
6345,-1
6346,-4
6347,-3
6348,-1
6349,-4
6350,-5
6351,-2
6352,-1
6353,-3
6354,-3
6355,-3
6356,-3
6357,-2
6358,-2
6359,-2
6360,-4
6361,-3
6362,-4
6363,-3
6364,-1
6365,-3
6366,-1
6367,-5
6368,-1
6369,-5
6370,-1
6371,-2
6372,-3
6373,-3
6374,-1
6375,-2
6376,0
6377,-4
6378,-2
6379,-1
6380,0
6381,-2
6382,-4
6383,-4
6384,-1
6385,-2
6386,-3
6387,-3
6388,-2
6389,-5
6390,-4
6391,-2
6392,-3
6393,-2
6394,-4
6395,-1
6396,-3
6397,-3
6398,-5
6399,-2
6400,-2
6401,-3
6402,-6
6403,-5
6404,-3
6405,-3
6406,-4
6407,-1
6408,-3
6409,-3
6410,-1
6411,-5
6412,-5
6413,-3
6414,-4
6415,-3
6416,-5
6417,-3
6418,-2
6419,-2
6420,-2
6421,-4
6422,-5
6423,-3
6424,0
6425,-4
6426,-2
6427,-2
6428,-3
6429,-6
6430,-5
6431,-1
6432,-1
6433,-3
6434,-3
6435,-2
6436,-2
6437,-1
6438,-2
6439,-5
6440,-2
6441,-1
6442,-4
6443,-3
6444,-5
6445,-3
6446,-1
6447,-1
6448,-1
6449,-1
6450,-5
6451,-1
6452,-2
6453,-2
6454,0
6455,-5
6456,-3
6457,-3
6458,-2
6459,-3
6460,-4
6461,-1
6462,-3
6463,-3
6464,-5
6465,-1
6466,-4
6467,-1
6468,-2
6469,-5
6470,-1
6471,-5
6472,-3
6473,-2
6474,-3
6475,-3
6476,-1
6477,-3
6478,-2
6479,-1
6480,-4
6481,-2
6482,-2
6483,-2
6484,-4
6485,-4
6486,-3
6487,-4
6488,0
6489,-4
6490,-2
6491,-2
6492,-1
6493,-2
6494,-3
6495,-3
6496,-2
6497,-2
6498,-4
6499,-2
6500,-4
6501,-1
6502,-3
6503,-3
6504,-5
6505,-3
6506,-1
6507,-4
6508,-5
6509,-4
6510,-3
6511,-3
6512,-2
6513,-3
6514,-2
6515,-3
6516,-3
6517,-1
6518,-2
6519,-3
6520,-4
6521,-4
6522,-2
6523,-3
6524,-4
6525,-3
6526,-2
6527,-1
6528,-3
6529,-3
6530,-2
6531,-1
6532,-3
6533,-2
6534,-3
6535,-3
6536,-3
6537,-3
6538,-3
6539,-3
6540,-2
6541,-2
6542,-1
6543,-1
6544,-5
6545,-3
6546,-2
6547,-3
6548,-4
6549,-2
6550,-1
6551,-2
6552,-5
6553,-1
6554,-3
6555,-3
6556,-3
6557,-4
6558,-3
6559,-3
6560,-2
6561,-1
6562,-5
6563,-5
6564,-5
6565,-4
6566,-2
6567,-1
6568,-4
6569,-3
6570,-1
6571,-5
6572,-2
6573,0
6574,-5
6575,-3
6576,-3
6577,-2
6578,-1
6579,-3
6580,-2
6581,-4
6582,-4
6583,-4
6584,0
6585,-4
6586,-4
6587,-2
6588,-3
6589,-3
6590,-3
6591,-3
6592,-3
6593,-4
6594,-4
6595,-2
6596,-3
6597,-3
6598,0
6599,-3
6600,-4
6601,-2
6602,-5
6603,-2
6604,-2
6605,-2
6606,-4
6607,-2
6608,-1
6609,-4
6610,-3
6611,-4
6612,-2
6613,-3
6614,-4
6615,-5
6616,-2
6617,-1
6618,-1
6619,-3
6620,-5
6621,-2
6622,-4
6623,-1
6624,-1
6625,-2
6626,-2
6627,-4
6628,-3
6629,-2
6630,-4
6631,-3
6632,-3
6633,-5
6634,-2
6635,-1
6636,-2
6637,-3
6638,-2
6639,-2
6640,-3
6641,-2
6642,-4
6643,-4
6644,-2
6645,-3
6646,-4
6647,-3
6648,-3
6649,-2
6650,-1
6651,-3
6652,-2
6653,-3
6654,-3
6655,-5
6656,-2
6657,-2
6658,-2
6659,-3
6660,-1
6661,-2
6662,-5
6663,-4
6664,-2
6665,-3
6666,-2
6667,-4
6668,-2
6669,-2
6670,-3
6671,-3
6672,-2
6673,-3
6674,-5
6675,-2
6676,0
6677,-5
6678,-3
6679,-3
6680,-2
6681,-3
6682,0
6683,-3
6684,-3
6685,-3
6686,-1
6687,-3
6688,-3
6689,-2
6690,-1
6691,-4
6692,-2
6693,-5
6694,-3
6695,-3
6696,-1
6697,-4
6698,-3
6699,-5
6700,-4
6701,-3
6702,-4
6703,-4
6704,-4
6705,-3
6706,-3
6707,0
6708,-4
6709,-3
6710,-1
6711,-4
6712,-2
6713,-3
6714,-4
6715,-3
6716,-2
6717,-3
6718,-2
6719,-5
6720,-3
6721,-2
6722,-3
6723,-5
6724,-5
6725,-2
6726,-5
6727,-4
6728,-4
6729,-3
6730,-3
6731,-1
6732,-4
6733,-3
6734,0
6735,-3
6736,-2
6737,-3
6738,-1
6739,-4
6740,-4
6741,-3
6742,-3
6743,-2
6744,-2
6745,-5
6746,-2
6747,-2
6748,-1
6749,-1
6750,-3
6751,-4
6752,-3
6753,-4
6754,-2
6755,-1
6756,-3
6757,-4
6758,-5
6759,-3
6760,-6
6761,-4
6762,-3
6763,-3
6764,-2
6765,-2
6766,-2
6767,-3
6768,-5
6769,-5
6770,-3
6771,-3
6772,-4
6773,-3
6774,-2
6775,-3
6776,-1
6777,-1
6778,-4
6779,-2
6780,-4
6781,-3
6782,-3
6783,-3
6784,-4
6785,-4
6786,-1
6787,-4
6788,-3
6789,-5
6790,-1
6791,-3
6792,-3
6793,-4
6794,-3
6795,-5
6796,-4
6797,-5
6798,-3
6799,-3
6800,-2
6801,-3
6802,-4
6803,-3
6804,-2
6805,-2
6806,-3
6807,-2
6808,-3
6809,-3
6810,-1
6811,-4
6812,-5
6813,-5
6814,0
6815,-2
6816,-3
6817,-3
6818,-2
6819,0
6820,-5
6821,-5
6822,-3
6823,-2
6824,-2
6825,-5
6826,-2
6827,-2
6828,-1
6829,-2
6830,-1
6831,-2
6832,-3
6833,-3
6834,-2
6835,-1
6836,-4
6837,-3
6838,-3
6839,-3
6840,-3
6841,-5
6842,-2
6843,-4
6844,-3
6845,0
6846,-3
6847,-2
6848,-4
6849,-3
6850,-4
6851,-1
6852,-3
6853,-3
6854,-3
6855,-4
6856,-2
6857,-4
6858,-4
6859,-2
6860,-1
6861,-3
6862,0
6863,0
6864,-3
6865,-1
6866,-2
6867,-4
6868,-3
6869,-3
6870,-5
6871,-4
6872,-3
6873,-1
6874,-3
6875,-3
6876,-2
6877,-5
6878,-4
6879,-3
6880,-4
6881,-2
6882,-3
6883,-3
6884,-2
6885,-1
6886,-2
6887,-1
6888,-1
6889,-3
6890,-4
6891,-3
6892,-2
6893,-3
6894,-2
6895,-4
6896,-4
6897,0
6898,-5
6899,-2
6900,-2
6901,-2
6902,-2
6903,-4
6904,-4
6905,-4
6906,-2
6907,-5
6908,-3
6909,-4
6910,-5
6911,-1
6912,-5
6913,-1
6914,-3
6915,-4
6916,-5
6917,-2
6918,-4
6919,-4
6920,-3
6921,-2
6922,-2
6923,-2
6924,-2
6925,-1
6926,-1
6927,-3
6928,-4
6929,-4
6930,-4
6931,-4
6932,-3
6933,-2
6934,-3
6935,-6
6936,-4
6937,-2
6938,-3
6939,-3
6940,-4
6941,-5
6942,-3
6943,-1
6944,-3
6945,-2
6946,-4
6947,-3
6948,-3
6949,-3
6950,-1
6951,-4
6952,-1
6953,-2
6954,-2
6955,-1
6956,-4
6957,-4
6958,-4
6959,-1
6960,-1
6961,-3
6962,-3
6963,-3
6964,-3
6965,-1
6966,-3
6967,-1
6968,-5
6969,-1
6970,-2
6971,-4
6972,-4
6973,-5
6974,-3
6975,-2
6976,-2
6977,-2
6978,-1
6979,-4
6980,-2
6981,-3
6982,-2
6983,-2
6984,-3
6985,-3
6986,-2
6987,-2
6988,0
6989,-6
6990,-3
6991,-4
6992,-6
6993,-3
6994,-2
6995,-2
6996,-4
6997,-1
6998,-2
6999,-4
7000,-3
7001,-4
7002,-3
7003,-2
7004,-1
7005,-3
7006,-2
7007,-2
7008,-5
7009,-5
7010,-1
7011,-2
7012,-4
7013,-2
7014,-2
7015,-2
7016,-2
7017,-3
7018,-4
7019,-1
7020,-3
7021,-2
7022,-5
7023,-1
7024,-4
7025,-5
7026,-4
7027,-4
7028,-5
7029,-1
7030,-3
7031,-1
7032,-2
7033,-3
7034,-3
7035,-1
7036,-4
7037,-4
7038,-3
7039,-3
7040,-5
7041,-3
7042,-3
7043,-1
7044,-4
7045,-4
7046,0
7047,-2
7048,-2
7049,0
7050,-3
7051,-4
7052,-3
7053,-4
7054,-2
7055,-3
7056,-4
7057,-4
7058,-3
7059,-3
7060,-2
7061,-3
7062,-5
7063,-1
7064,-3
7065,-2
7066,-2
7067,-2
7068,-3
7069,-6
7070,-3
7071,-2
7072,-3
7073,-2
7074,0
7075,-4
7076,-2
7077,-4
7078,-3
7079,-5
7080,-3
7081,-2
7082,-1
7083,-2
7084,-4
7085,0
7086,-1
7087,-4
7088,-3
7089,-3
7090,-6
7091,-1
7092,-6
7093,-3
7094,-2
7095,-2
7096,-1
7097,-1
7098,-3
7099,-3
7100,-1
7101,-3
7102,-4
7103,-4
7104,-3
7105,-3
7106,-4
7107,-6
7108,-2
7109,-2
7110,-5
7111,-3
7112,-2
7113,-4
7114,-3
7115,-2
7116,-5
7117,-4
7118,-2
7119,-3
7120,-4
7121,-2
7122,-2
7123,-1
7124,-4
7125,-4
7126,-5
7127,-3
7128,-4
7129,-3
7130,-3
7131,-2
7132,-2
7133,-1
7134,-3
7135,-4
7136,-4
7137,-4
7138,-1
7139,-3
7140,-3
7141,-4
7142,-4
7143,-4
7144,-1
7145,-6
7146,-2
7147,-3
7148,-2
7149,-2
7150,-5
7151,-3
7152,0
7153,-5
7154,-4
7155,-4
7156,-5
7157,-3
7158,-3
7159,-3
7160,-1
7161,-3
7162,-3
7163,-3
7164,-3
7165,-5
7166,-1
7167,-2
7168,-1
7169,-2
7170,-2
7171,-1
7172,-4
7173,-2
7174,-2
7175,-1
7176,-4
7177,-3
7178,-4
7179,-2
7180,-4
7181,-2
7182,-4
7183,-1
7184,-3
7185,-3
7186,-5
7187,-2
7188,-3
7189,-3
7190,-3
7191,-2
7192,-1
7193,-4
7194,-4
7195,0
7196,-4
7197,-1
7198,-2
7199,-2
7200,-3
7201,-1
7202,-2
7203,-2
7204,-2
7205,-3
7206,-3
7207,0
7208,-3
7209,-3
7210,-2
7211,-2
7212,-2
7213,-2
7214,-4
7215,-1
7216,-3
7217,-2
7218,-3
7219,0
7220,-3
7221,-3
7222,-4
7223,-3
7224,-1
7225,-2
7226,0
7227,-4
7228,-2
7229,-4
7230,-3
7231,-2
7232,-4
7233,-4
7234,-4
7235,-4
7236,-2
7237,-6
7238,-2
7239,-3
7240,-5
7241,-2
7242,-4
7243,0
7244,0
7245,-2
7246,-2
7247,-4
7248,-2
7249,-5
7250,0
7251,-1
7252,-3
7253,-2
7254,-1
7255,-1
7256,-3
7257,-3
7258,-3
7259,-4
7260,-2
7261,-5
7262,-5
7263,-1
7264,-2
7265,-3
7266,-3
7267,-5
7268,-3
7269,-4
7270,-3
7271,-3
7272,0
7273,-3
7274,-4
7275,-1
7276,-4
7277,-2
7278,-1
7279,-2
7280,-1
7281,-4
7282,-2
7283,-1
7284,-1
7285,-2
7286,-3
7287,-3
7288,-1
7289,-3
7290,-4
7291,-5
7292,-6
7293,-4
7294,-3
7295,-3
7296,-2
7297,-4
7298,-2
7299,-2
7300,-5
7301,-1
7302,0
7303,-4
7304,0
7305,-3
7306,-4
7307,-4
7308,-4
7309,-3
7310,-1
7311,-4
7312,-3
7313,-4
7314,-1
7315,-2
7316,-3
7317,-4
7318,-3
7319,-3
7320,-3
7321,-4
7322,-3
7323,-1
7324,-2
7325,-3
7326,-4
7327,-4
7328,-3
7329,-2
7330,-1
7331,-3
7332,-1
7333,-2
7334,-4
7335,-3
7336,-3
7337,-3
7338,-4
7339,-4
7340,-2
7341,-4
7342,0
7343,-4
7344,-4
7345,-3
7346,-2
7347,-4
7348,0
7349,-1
7350,-4
7351,-2
7352,-3
7353,-3
7354,-3
7355,-2
7356,-2
7357,-5
7358,-2
7359,-1
7360,-1
7361,-2
7362,-3
7363,-1
7364,-3
7365,-2
7366,-1
7367,-4
7368,-5
7369,-1
7370,-3
7371,-2
7372,-4
7373,-2
7374,-3
7375,-3
7376,-2
7377,-3
7378,-3
7379,-4
7380,-3
7381,-1
7382,-6
7383,0
7384,-1
7385,-4
7386,-3
7387,-2
7388,0
7389,0
7390,-1
7391,-4
7392,-5
7393,-2
7394,-1
7395,-3
7396,-5
7397,-2
7398,-3
7399,-1
7400,-3
7401,-2
7402,-1
7403,-3
7404,-2
7405,-5
7406,-4
7407,-1
7408,-5
7409,-2
7410,-1
7411,-3
7412,-3
7413,-3
7414,-2
7415,-1
7416,-2
7417,-3
7418,0
7419,-1
7420,-4
7421,-2
7422,-1
7423,-2
7424,-5
7425,-5
7426,-3
7427,-5
7428,-2
7429,-4
7430,-3
7431,-3
7432,-4
7433,-3
7434,-2
7435,-4
7436,-3
7437,-4
7438,-3
7439,-4
7440,-3
7441,-1
7442,-3
7443,-4
7444,-4
7445,-3
7446,-4
7447,-2
7448,-3
7449,-4
7450,-5
7451,-2
7452,-1
7453,-3
7454,-2
7455,-3
7456,-3
7457,-6
7458,-5
7459,-4
7460,-4
7461,-4
7462,-3
7463,-1
7464,-3
7465,-5
7466,-2
7467,-4
7468,-4
7469,-2
7470,-4
7471,-3
7472,-4
7473,-4
7474,-4
7475,-4
7476,-2
7477,-1
7478,-3
7479,-1
7480,-1
7481,-3
7482,-4
7483,-2
7484,-2
7485,0
7486,-4
7487,-3
7488,-3
7489,-3
7490,-4
7491,-1
7492,-4
7493,-2
7494,-5
7495,-3
7496,-2
7497,-2
7498,-2
7499,-3
7500,-2
7501,-3
7502,-2
7503,-2
7504,-1
7505,-3
7506,0
7507,-2
7508,-3
7509,-4
7510,-3
7511,-2
7512,-3
7513,-3
7514,-2
7515,-4
7516,-2
7517,-2
7518,-4
7519,-4
7520,-4
7521,-1
7522,-3
7523,-3
7524,-4
7525,-4
7526,-1
7527,-3
7528,-5
7529,-2
7530,-4
7531,-2
7532,-4
7533,-4
7534,-2
7535,0
7536,-2
7537,-3
7538,-2
7539,-2
7540,-2
7541,-3
7542,-2
7543,-3
7544,-3
7545,-2
7546,-1
7547,-1
7548,-2
7549,-2
7550,-3
7551,-3
7552,-1
7553,-2
7554,-2
7555,-3
7556,-1
7557,-4
7558,-2
7559,-3
7560,-2
7561,-2
7562,-3
7563,-1
7564,-1
7565,-4
7566,0
7567,-3
7568,-1
7569,-2
7570,-4
7571,-3
7572,-2
7573,-1
7574,-3
7575,-1
7576,-5
7577,-1
7578,-3
7579,-4
7580,-3
7581,-1
7582,-3
7583,-4
7584,-3
7585,-4
7586,-3
7587,-3
7588,-1
7589,-4
7590,-4
7591,-3
7592,-2
7593,-2
7594,-4
7595,-4
7596,-4
7597,-4
7598,-2
7599,-5
7600,-4
7601,-5
7602,-3
7603,-3
7604,-2
7605,-3
7606,-1
7607,0
7608,-3
7609,-4
7610,-3
7611,-1
7612,-4
7613,-4
7614,-4
7615,-5
7616,-2
7617,-4
7618,-2
7619,-4
7620,-1
7621,-4
7622,-2
7623,0
7624,-3
7625,-3
7626,-2
7627,-3
7628,-4
7629,-6
7630,-2
7631,-4
7632,-1
7633,-4
7634,-2
7635,0
7636,-3
7637,-4
7638,-2
7639,0
7640,-3
7641,-1
7642,-2
7643,0
7644,-4
7645,-2
7646,-1
7647,-3
7648,-1
7649,-3
7650,-2
7651,0
7652,-1
7653,-4
7654,-1
7655,-2
7656,-6
7657,-2
7658,-5
7659,-5
7660,-3
7661,-3
7662,-4
7663,-1
7664,-5
7665,-3
7666,-1
7667,-3
7668,-3
7669,-2
7670,-4
7671,-4
7672,0
7673,-2
7674,-5
7675,-1
7676,-3
7677,-3
7678,-3
7679,-5
7680,-2
7681,-3
7682,-4
7683,-5
7684,0
7685,-4
7686,-3
7687,-5
7688,-4
7689,-2
7690,-2
7691,-2
7692,-2
7693,-4
7694,-4
7695,-2
7696,-3
7697,-2
7698,-3
7699,-2
7700,-5
7701,-1
7702,-4
7703,-1
7704,-6
7705,-5
7706,-1
7707,-3
7708,-2
7709,-2
7710,-4
7711,-2
7712,-1
7713,-2
7714,-3
7715,-4
7716,-1
7717,-2
7718,-4
7719,-1
7720,-2
7721,-1
7722,-3
7723,-1
7724,-1
7725,-4
7726,-2
7727,-3
7728,-2
7729,-2
7730,-1
7731,-3
7732,-1
7733,-2
7734,-3
7735,-3
7736,-3
7737,-3
7738,-1
7739,0
7740,-3
7741,0
7742,-5
7743,-4
7744,-2
7745,-1
7746,-4
7747,-2
7748,-6
7749,-4
7750,-3
7751,-4
7752,-3
7753,-1
7754,0
7755,-1
7756,-5
7757,-3
7758,-5
7759,-3
7760,-3
7761,-2
7762,-2
7763,-3
7764,-4
7765,-5
7766,-2
7767,-4
7768,-2
7769,-1
7770,-3
7771,-5
7772,-2
7773,-3
7774,-4
7775,-2
7776,-2
7777,-3
7778,-2
7779,-4
7780,-3
7781,-5
7782,-5
7783,-5
7784,-2
7785,-3
7786,-3
7787,-5
7788,-3
7789,-4
7790,-2
7791,-4
7792,-2
7793,-5
7794,-2
7795,-3
7796,-6
7797,-2
7798,-3
7799,-3
7800,-4
7801,-3
7802,-1
7803,-3
7804,0
7805,-3
7806,-5
7807,-3
7808,-3
7809,-2
7810,-2
7811,-2
7812,-2
7813,-1
7814,-2
7815,-1
7816,-1
7817,-1
7818,-3
7819,-1
7820,-3
7821,-4
7822,-4
7823,-1
7824,-3
7825,-6
7826,-2
7827,-3
7828,-2
7829,0
7830,-5
7831,-2
7832,-2
7833,-5
7834,-3
7835,-4
7836,-1
7837,-2
7838,-4
7839,-3
7840,-3
7841,-3
7842,-5
7843,-3
7844,0
7845,-6
7846,-2
7847,-2
7848,-4
7849,-2
7850,-2
7851,-3
7852,-6
7853,-5
7854,-3
7855,-3
7856,-1
7857,-2
7858,-5
7859,-1
7860,-4
7861,-1
7862,-1
7863,-3
7864,-4
7865,-3
7866,-5
7867,-3
7868,-4
7869,-3
7870,-4
7871,-2
7872,-4
7873,-2
7874,-3
7875,-2
7876,-2
7877,-3
7878,-4
7879,-3
7880,-2
7881,-5
7882,-3
7883,-2
7884,0
7885,-3
7886,-3
7887,-5
7888,-4
7889,-1
7890,-4
7891,-1
7892,-2
7893,-4
7894,-3
7895,-5
7896,-3
7897,-1
7898,-3
7899,-2
7900,-2
7901,0
7902,-3
7903,-3
7904,-3
7905,-3
7906,-4
7907,-2
7908,-4
7909,-3
7910,-3
7911,-2
7912,-1
7913,-6
7914,-5
7915,-4
7916,-1
7917,-1
7918,-1
7919,-1
7920,-2
7921,-4
7922,-3
7923,-3
7924,-2
7925,-1
7926,-3
7927,-5
7928,-3
7929,-1
7930,-4
7931,0
7932,-1
7933,-4
7934,-5
7935,-3
7936,-3
7937,-2
7938,-2
7939,-3
7940,-4
7941,-1
7942,-5
7943,-1
7944,-1
7945,-4
7946,-1
7947,-4
7948,-2
7949,-4
7950,-1
7951,-3
7952,-1
7953,-3
7954,-4
7955,-4
7956,-4
7957,-4
7958,-2
7959,-3
7960,-2
7961,-4
7962,-2
7963,-2
7964,-3
7965,-1
7966,-3
7967,-4
7968,-3
7969,0
7970,-3
7971,-4
7972,-1
7973,-2
7974,-4
7975,-4
7976,-4
7977,-2
7978,-1
7979,-3
7980,-2
7981,-1
7982,-1
7983,-3
7984,-5
7985,-4
7986,-1
7987,-3
7988,-2
7989,-2
7990,-4
7991,-1
7992,-3
7993,-1
7994,-2
7995,-3
7996,-3
7997,-3
7998,-2
7999,-2
8000,-2
8001,-5
8002,0
8003,-1
8004,-4
8005,-3
8006,-2
8007,-5
8008,-1
8009,-4
8010,-5
8011,-3
8012,-2
8013,-4
8014,-1
8015,-4
8016,-4
8017,-1
8018,-3
8019,-1
8020,-2
8021,-3
8022,-4
8023,-2
8024,-3
8025,-3
8026,-5
8027,-2
8028,-4
8029,-1
8030,-2
8031,-4
8032,-3
8033,0
8034,-1
8035,-3
8036,-4
8037,-5
8038,-2
8039,-2
8040,-2
8041,-5
8042,-2
8043,-3
8044,-2
8045,-2
8046,-1
8047,-2
8048,-4
8049,-2
8050,-4
8051,-3
8052,-2
8053,-3
8054,-1
8055,-1
8056,-5
8057,-3
8058,-2
8059,-3
8060,-2
8061,-4
8062,-4
8063,-1
8064,-5
8065,-1
8066,-2
8067,-2
8068,-3
8069,-3
8070,-4
8071,-4
8072,-3
8073,-2
8074,-2
8075,-4
8076,-4
8077,-1
8078,-6
8079,0
8080,-3
8081,-3
8082,-2
8083,-2
8084,-3
8085,-5
8086,-5
8087,-1
8088,-2
8089,-3
8090,-1
8091,-1
8092,-3
8093,-4
8094,-2
8095,-3
8096,-6
8097,-3
8098,-1
8099,-4
8100,-3
8101,-3
8102,-3
8103,-2
8104,-2
8105,-2
8106,-3
8107,-3
8108,-4
8109,-4
8110,0
8111,-3
8112,0
8113,-2
8114,-3
8115,-3
8116,-3
8117,-2
8118,-2
8119,-3
8120,-3
8121,-2
8122,-2
8123,0
8124,-2
8125,0
8126,-4
8127,-3
8128,-4
8129,-2
8130,-3
8131,-1
8132,-3
8133,-3
8134,-4
8135,-3
8136,0
8137,0
8138,-2
8139,-3
8140,0
8141,0
8142,-3
8143,-1
8144,-4
8145,-3
8146,-1
8147,0
8148,-3
8149,-4
8150,-4
8151,-3
8152,-4
8153,-4
8154,-1
8155,-3
8156,-3
8157,-2
8158,-4
8159,-4
8160,-2
8161,-5
8162,-4
8163,-3
8164,-2
8165,-1
8166,-4
8167,-3
8168,0
8169,-4
8170,-2
8171,-3
8172,-2
8173,-4
8174,-5
8175,-3
8176,-3
8177,-1
8178,-5
8179,-2
8180,-5
8181,-1
8182,-5
8183,-3
8184,-3
8185,-2
8186,-4
8187,-5
8188,-3
8189,-4
8190,-5
8191,-3
8192,-1
8193,-1
8194,-4
8195,-3
8196,-2
8197,-5
8198,-3
8199,-3
8200,-1
8201,-4
8202,-3
8203,-1
8204,-3
8205,-5
8206,-3
8207,-2
8208,-4
8209,-1
8210,-4
8211,-5
8212,-2
8213,-3
8214,-3
8215,-3
8216,-2
8217,-2
8218,-2
8219,-4
8220,-3
8221,-1
8222,-3
8223,-2
8224,-1
8225,-2
8226,-5
8227,-4
8228,-2
8229,-5
8230,-2
8231,-2
8232,-2
8233,-3
8234,-5
8235,-2
8236,-3
8237,-1
8238,0
8239,-5
8240,-2
8241,-3
8242,-2
8243,-5
8244,-2
8245,-1
8246,-3
8247,-3
8248,0
8249,-4
8250,-2
8251,-4
8252,-3
8253,-5
8254,-1
8255,-3
8256,-4
8257,-3
8258,-4
8259,-4
8260,-1
8261,-3
8262,-3
8263,-2
8264,-1
8265,-4
8266,-2
8267,-4
8268,-2
8269,0
8270,-2
8271,-2
8272,0
8273,-3
8274,-3
8275,-4
8276,-2
8277,-2
8278,-6
8279,-5
8280,-4
8281,-3
8282,-1
8283,-1
8284,-3
8285,-1
8286,-4
8287,-4
8288,-2
8289,-1
8290,-4
8291,-3
8292,-2
8293,-4
8294,-5
8295,-3
8296,-6
8297,-5
8298,-2
8299,-5
8300,-3
8301,-2
8302,-3
8303,-1
8304,-3
8305,-2
8306,-4
8307,-1
8308,-3
8309,-3
8310,-2
8311,-5
8312,-2
8313,-4
8314,-3
8315,-3
8316,-4
8317,-2
8318,-5
8319,-2
8320,-3
8321,-1
8322,-4
8323,-1
8324,-5
8325,-3
8326,-2
8327,-3
8328,-3
8329,-3
8330,-3
8331,-1
8332,-4
8333,-3
8334,-4
8335,-2
8336,-3
8337,-4
8338,-2
8339,-4
8340,-3
8341,-4
8342,-1
8343,-4
8344,-3
8345,-3
8346,0
8347,-1
8348,-2
8349,-3
8350,-5
8351,0
8352,-3
8353,-5
8354,0
8355,-3
8356,-2
8357,-1
8358,-5
8359,-1
8360,-1
8361,-3
8362,-2
8363,-2
8364,-3
8365,-4
8366,-1
8367,-4
8368,-4
8369,-3
8370,-2
8371,-2
8372,0
8373,-3
8374,-3
8375,-5
8376,-3
8377,-1
8378,-3
8379,-4
8380,-4
8381,-1
8382,0
8383,-1
8384,-3
8385,-3
8386,-3
8387,-4
8388,-3
8389,-4
8390,-3
8391,-2
8392,-2
8393,-1
8394,0
8395,-3
8396,-1
8397,-5
8398,-2
8399,-2
8400,-4
8401,-5
8402,-2
8403,-3
8404,-3
8405,-3
8406,-3
8407,-3
8408,-4
8409,-1
8410,-4
8411,-3
8412,-3
8413,-4
8414,-5
8415,-5
8416,-3
8417,-2
8418,-1
8419,-5
8420,-4
8421,-3
8422,-4
8423,-5
8424,-3
8425,-3
8426,-1
8427,-3
8428,-2
8429,-3
8430,-3
8431,-5
8432,-3
8433,-2
8434,-1
8435,-5
8436,-3
8437,-3
8438,0
8439,-3
8440,-1
8441,-3
8442,-2
8443,-3
8444,-3
8445,-2
8446,-3
8447,-3
8448,0
8449,-5
8450,-2
8451,-2
8452,-2
8453,-1
8454,-2
8455,-5
8456,-3
8457,-2
8458,-2
8459,-2
8460,-2
8461,-4
8462,-4
8463,-3
8464,-3
8465,0
8466,-2
8467,-1
8468,-2
8469,-3
8470,-3
8471,-3
8472,-6
8473,-3
8474,-2
8475,-4
8476,-4
8477,-2
8478,-3
8479,-4
8480,-4
8481,-3
8482,-2
8483,-3
8484,-4
8485,-3
8486,-2
8487,-3
8488,-2
8489,-3
8490,-3
8491,-3
8492,-4
8493,-1
8494,-4
8495,-3
8496,-2
8497,-3
8498,-2
8499,-3
8500,-2
8501,-3
8502,-2
8503,-1
8504,-3
8505,0
8506,-2
8507,-1
8508,-5
8509,-3
8510,-3
8511,-2
8512,-3
8513,-2
8514,-3
8515,-3
8516,-2
8517,-1
8518,-1
8519,-2
8520,-3
8521,-3
8522,-3
8523,-3
8524,-2
8525,-3
8526,-4
8527,-4
8528,0
8529,-4
8530,-3
8531,-2
8532,-3
8533,-2
8534,0
8535,-2
8536,-3
8537,-3
8538,-2
8539,-5
8540,-4
8541,0
8542,-2
8543,-5
8544,-1
8545,-3
8546,-1
8547,-2
8548,-1
8549,-3
8550,-1
8551,-4
8552,-2
8553,-2
8554,-4
8555,-1
8556,-2
8557,-3
8558,-3
8559,-4
8560,-4
8561,-4
8562,-5
8563,-1
8564,-2
8565,-5
8566,-3
8567,-2
8568,-3
8569,-3
8570,-5
8571,-4
8572,-5
8573,-4
8574,-3
8575,-4
8576,-4
8577,-2
8578,-2
8579,-2
8580,-4
8581,-3
8582,-3
8583,-3
8584,-6
8585,-3
8586,-2
8587,-2
8588,-1
8589,-3
8590,0
8591,-3
8592,-1
8593,-2
8594,-3
8595,-3
8596,-2
8597,-3
8598,-2
8599,-4
8600,-4
8601,-4
8602,-3
8603,-4
8604,-3
8605,-3
8606,-3
8607,-2
8608,-2
8609,-2
8610,-1
8611,-2
8612,-3
8613,-3
8614,-1
8615,-3
8616,-2
8617,-2
8618,-4
8619,-2
8620,-5
8621,-4
8622,-2
8623,-1
8624,-3
8625,-3
8626,-2
8627,-3
8628,-2
8629,-4
8630,-2
8631,-3
8632,-2
8633,-2
8634,-5
8635,-4
8636,-4
8637,-3
8638,-2
8639,-3
8640,-5
8641,-1
8642,-2
8643,-5
8644,-2
8645,-3
8646,-2
8647,-5
8648,0
8649,-2
8650,-2
8651,-1
8652,-4
8653,-2
8654,-1
8655,-3
8656,-2
8657,-4
8658,-2
8659,-1
8660,-3
8661,-5
8662,-4
8663,-2
8664,-1
8665,-4
8666,-3
8667,-2
8668,-2
8669,-1
8670,-4
8671,-2
8672,-3
8673,-2
8674,-2
8675,-2
8676,-4
8677,-4
8678,-5
8679,-4
8680,-5
8681,-1
8682,-3
8683,-4
8684,-5
8685,-2
8686,-4
8687,-1
8688,-3
8689,0
8690,-2
8691,-2
8692,-4
8693,-4
8694,-4
8695,-1
8696,0
8697,-1
8698,-2
8699,-4
8700,-2
8701,-5
8702,-2
8703,-3
8704,-3
8705,0
8706,-1
8707,-1
8708,-2
8709,-1
8710,-4
8711,-4
8712,0
8713,-4
8714,-3
8715,-4
8716,0
8717,-5
8718,-3
8719,-6
8720,-1
8721,-3
8722,-2
8723,-3
8724,-2
8725,-3
8726,-2
8727,-4
8728,0
8729,-2
8730,-3
8731,-2
8732,-5
8733,-2
8734,-1
8735,-3
8736,-1
8737,-3
8738,-2
8739,-1
8740,-2
8741,-2
8742,-5
8743,-3
8744,-2
8745,-3
8746,-4
8747,-1
8748,-3
8749,-5
8750,-3
8751,-1
8752,-3
8753,-3
8754,-2
8755,-3
8756,-1
8757,-3
8758,-2
8759,-3
8760,0
8761,-1
8762,-2
8763,-3
8764,-4
8765,-2
8766,-3
8767,-2
8768,-4
8769,-2
8770,-5
8771,-1
8772,-3
8773,-5
8774,-3
8775,-3
8776,-2
8777,-2
8778,-3
8779,-1
8780,-6
8781,-2
8782,-2
8783,-2
8784,-2
8785,-3
8786,-3
8787,-3
8788,-3
8789,-4
8790,-3
8791,-3
8792,-3
8793,-3
8794,-3
8795,-4
8796,-3
8797,-2
8798,-2
8799,-5
8800,-4
8801,-3
8802,-4
8803,-4
8804,-5
8805,-1
8806,-2
8807,-5
8808,-3
8809,-4
8810,-2
8811,-2
8812,-2
8813,-3
8814,-3
8815,-4
8816,-3
8817,-3
8818,-1
8819,-4
8820,-2
8821,-3
8822,-1
8823,-3
8824,-2
8825,-4
8826,-3
8827,-4
8828,-4
8829,-3
8830,-3
8831,-4
8832,-1
8833,-1
8834,-3
8835,-3
8836,-2
8837,-2
8838,-2
8839,-3
8840,-3
8841,-1
8842,-5
8843,-3
8844,-3
8845,-1
8846,-1
8847,-1
8848,-1
8849,-3
8850,-2
8851,-4
8852,-1
8853,-3
8854,-1
8855,-2
8856,-3
8857,-2
8858,-5
8859,-4
8860,-4
8861,-2
8862,-1
8863,-2
8864,-3
8865,-3
8866,-2
8867,-3
8868,-2
8869,-2
8870,-3
8871,-1
8872,-3
8873,-2
8874,-1
8875,-3
8876,-4
8877,-4
8878,-3
8879,-3
8880,-4
8881,-3
8882,-5
8883,-2
8884,-4
8885,-3
8886,-3
8887,-1
8888,0
8889,-1
8890,-2
8891,-1
8892,-4
8893,-1
8894,-1
8895,-2
8896,-3
8897,-1
8898,-3
8899,-3
8900,-2
8901,-3
8902,-5
8903,-4
8904,-3
8905,-3
8906,-5
8907,-4
8908,-3
8909,-2
8910,-2
8911,-3
8912,-3
8913,-4
8914,-1
8915,-2
8916,-1
8917,-4
8918,-4
8919,-3
8920,-3
8921,-3
8922,-3
8923,-3
8924,-5
8925,-3
8926,-4
8927,-1
8928,-1
8929,-2
8930,-1
8931,-3
8932,-2
8933,-3
8934,-2
8935,-4
8936,-1
8937,-3
8938,-2
8939,0
8940,-2
8941,-2
8942,-3
8943,-2
8944,-4
8945,-4
8946,-5
8947,-2
8948,-4
8949,-1
8950,-5
8951,-4
8952,-1
8953,-5
8954,-4
8955,-2
8956,-2
8957,-3
8958,-4
8959,-3
8960,-1
8961,-3
8962,-4
8963,-4
8964,-1
8965,-3
8966,-4
8967,-4
8968,-2
8969,-5
8970,-4
8971,-2
8972,-2
8973,-2
8974,-3
8975,-3
8976,-4
8977,-4
8978,-3
8979,-1
8980,-3
8981,-4
8982,-1
8983,-4
8984,-4
8985,-3
8986,-4
8987,-1
8988,-1
8989,-4
8990,-3
8991,-5
8992,-4
8993,-1
8994,-3
8995,-2
8996,-3
8997,-4
8998,-5
8999,-4
9000,-4
9001,-3
9002,-4
9003,-4
9004,-3
9005,-5
9006,-2
9007,-3
9008,0
9009,-4
9010,-4
9011,-3
9012,-3
9013,-3
9014,-1
9015,-1
9016,-2
9017,-5
9018,-5
9019,-1
9020,-3
9021,-2
9022,-2
9023,-2
9024,-4
9025,-3
9026,-6
9027,-3
9028,-3
9029,-2
9030,-4
9031,-3
9032,-2
9033,-3
9034,-1
9035,-2
9036,-2
9037,-3
9038,-3
9039,-3
9040,-3
9041,-1
9042,-4
9043,-4
9044,-1
9045,-4
9046,-5
9047,-3
9048,-3
9049,-4
9050,-4
9051,-3
9052,-2
9053,-3
9054,-3
9055,-2
9056,-4
9057,-4
9058,0
9059,-4
9060,-5
9061,-4
9062,-5
9063,-4
9064,-3
9065,-3
9066,-3
9067,-3
9068,-2
9069,-3
9070,-3
9071,-4
9072,-2
9073,-1
9074,-3
9075,-3
9076,-4
9077,-3
9078,-1
9079,-3
9080,-2
9081,-5
9082,-4
9083,-2
9084,-3
9085,-2
9086,-2
9087,-2
9088,-5
9089,-3
9090,-1
9091,-4
9092,-1
9093,-1
9094,-5
9095,-1
9096,-1
9097,-4
9098,-5
9099,-4
9100,0
9101,-3
9102,-3
9103,-2
9104,-1
9105,-2
9106,-2
9107,-2
9108,-2
9109,-5
9110,-2
9111,-4
9112,-2
9113,-3
9114,-4
9115,-4
9116,-3
9117,-4
9118,-4
9119,0
9120,-4
9121,-4
9122,-1
9123,-2
9124,-2
9125,-5
9126,-2
9127,-2
9128,-4
9129,-2
9130,-4
9131,-2
9132,-2
9133,-2
9134,-5
9135,-4
9136,-1
9137,-5
9138,0
9139,-2
9140,-2
9141,-5
9142,-2
9143,-4
9144,-4
9145,-1
9146,-4
9147,-3
9148,0
9149,-4
9150,-3
9151,-4
9152,-5
9153,-2
9154,-4
9155,-4
9156,-3
9157,-4
9158,-3
9159,-2
9160,-4
9161,-3
9162,-1
9163,-5
9164,-3
9165,-4
9166,-3
9167,-1
9168,-4
9169,-3
9170,-2
9171,-2
9172,-2
9173,-3
9174,-4
9175,-3
9176,-2
9177,-2
9178,-4
9179,-3
9180,-1
9181,-2
9182,-4
9183,-2
9184,-2
9185,-2
9186,-2
9187,-3
9188,-2
9189,-2
9190,-2
9191,-1
9192,-3
9193,-2
9194,-2
9195,-1
9196,-2
9197,-4
9198,-2
9199,-2
9200,0
9201,0
9202,0
9203,-3
9204,-2
9205,-1
9206,-2
9207,-4
9208,-2
9209,-2
9210,-4
9211,-1
9212,-2
9213,-1
9214,-5
9215,-1
9216,0
9217,-1
9218,-3
9219,-2
9220,-3
9221,-1
9222,-3
9223,-2
9224,-2
9225,-4
9226,-4
9227,-5
9228,-3
9229,-2
9230,-5
9231,-4
9232,-5
9233,-5
9234,-3
9235,-3
9236,-2
9237,-2
9238,-3
9239,-4
9240,-2
9241,-3
9242,-3
9243,-2
9244,-2
9245,-2
9246,-3
9247,-3
9248,-2
9249,-4
9250,-3
9251,-4
9252,-4
9253,-4
9254,-2
9255,0
9256,-2
9257,-3
9258,-3
9259,-4
9260,0
9261,-4
9262,-1
9263,-3
9264,0
9265,-1
9266,-4
9267,-1
9268,-1
9269,-3
9270,-1
9271,-2
9272,-1
9273,-5
9274,0
9275,-4
9276,-2
9277,-3
9278,-2
9279,-5
9280,-2
9281,-3
9282,-3
9283,-3
9284,-2
9285,0
9286,-2
9287,-1
9288,-4
9289,-3
9290,-2
9291,-4
9292,-3
9293,-2
9294,-1
9295,-6
9296,-1
9297,-3
9298,-2
9299,-4
9300,-4
9301,-2
9302,-1
9303,-1
9304,-4
9305,-3
9306,-1
9307,-3
9308,-5
9309,0
9310,-2
9311,-5
9312,-5
9313,-5
9314,-4
9315,-3
9316,-3
9317,-2
9318,-4
9319,-4
9320,-3
9321,-3
9322,-1
9323,-2
9324,-2
9325,-5
9326,-4
9327,-6
9328,-2
9329,-2
9330,-2
9331,-6
9332,-1
9333,-5
9334,-4
9335,-1
9336,-4
9337,-3
9338,-1
9339,-2
9340,-3
9341,-2
9342,0
9343,-3
9344,-3
9345,0
9346,-2
9347,-1
9348,-3
9349,-2
9350,-2
9351,-4
9352,-2
9353,-4
9354,-3
9355,-2
9356,-3
9357,-3
9358,-5
9359,-2
9360,-1
9361,-3
9362,-4
9363,-4
9364,-2
9365,-2
9366,-5
9367,-1
9368,-3
9369,-3
9370,-1
9371,-3
9372,-4
9373,-1
9374,0
9375,-2
9376,-3
9377,-1
9378,-4
9379,-2
9380,-3
9381,-2
9382,-4
9383,-1
9384,-5
9385,-1
9386,-5
9387,0
9388,-2
9389,-2
9390,-1
9391,-1
9392,-3
9393,0
9394,-3
9395,-2
9396,-1
9397,-5
9398,0
9399,-1
9400,-5
9401,0
9402,-3
9403,-3
9404,-4
9405,0
9406,-2
9407,-1
9408,-4
9409,-3
9410,-2
9411,0
9412,-3
9413,0
9414,-4
9415,-2
9416,-2
9417,-1
9418,-5
9419,-4
9420,-3
9421,-1
9422,-5
9423,-5
9424,-2
9425,-2
9426,-3
9427,-2
9428,0
9429,-3
9430,-4
9431,-4
9432,-3
9433,-1
9434,-2
9435,-3
9436,-4
9437,-1
9438,-4
9439,-3
9440,-4
9441,-2
9442,-1
9443,-5
9444,-2
9445,-2
9446,0
9447,-3
9448,-4
9449,-2
9450,-2
9451,-4
9452,-3
9453,-3
9454,-1
9455,-3
9456,-3
9457,-4
9458,-2
9459,-4
9460,-1
9461,-2
9462,-4
9463,-2
9464,-4
9465,-3
9466,-2
9467,-3
9468,-3
9469,-4
9470,-4
9471,-3
9472,-2
9473,-4
9474,-1
9475,-3
9476,-2
9477,-3
9478,-2
9479,-3
9480,-3
9481,-2
9482,-2
9483,-1
9484,-2
9485,-3
9486,-4
9487,-4
9488,-4
9489,-3
9490,-3
9491,-2
9492,-2
9493,-5
9494,-3
9495,-1
9496,-4
9497,-1
9498,-4
9499,-4
9500,-4
9501,-5
9502,-2
9503,-1
9504,-3
9505,-5
9506,-5
9507,-2
9508,-2
9509,0
9510,-4
9511,-2
9512,-4
9513,-6
9514,-1
9515,-3
9516,-2
9517,-4
9518,-2
9519,-2
9520,-3
9521,-4
9522,-2
9523,-5
9524,-3
9525,-4
9526,-3
9527,-3
9528,-3
9529,-1
9530,-2
9531,-4
9532,-5
9533,-2
9534,-3
9535,-2
9536,-2
9537,-4
9538,-1
9539,-2
9540,-3
9541,-5
9542,-4
9543,-1
9544,-4
9545,-6
9546,-3
9547,-4
9548,-4
9549,-2
9550,-1
9551,-3
9552,-2
9553,-3
9554,-4
9555,-3
9556,-2
9557,-2
9558,-4
9559,-1
9560,-4
9561,-3
9562,-4
9563,-2
9564,0
9565,-2
9566,-4
9567,-6
9568,0
9569,-2
9570,-4
9571,-2
9572,-4
9573,-2
9574,-3
9575,-2
9576,-5
9577,-2
9578,-2
9579,-2
9580,-2
9581,-1
9582,-4
9583,-5
9584,-4
9585,-3
9586,-1
9587,-5
9588,-2
9589,0
9590,-2
9591,-4
9592,-2
9593,-3
9594,-3
9595,-3
9596,-1
9597,-4
9598,-1
9599,-3
9600,-4
9601,-5
9602,-3
9603,-4
9604,-3
9605,-3
9606,-4
9607,-3
9608,-2
9609,-3
9610,-1
9611,-2
9612,-2
9613,-4
9614,-4
9615,-2
9616,-3
9617,-4
9618,-2
9619,-4
9620,-3
9621,-4
9622,-4
9623,-2
9624,-3
9625,-4
9626,-3
9627,-2
9628,-1
9629,-2
9630,-2
9631,-4
9632,-2
9633,-3
9634,-5
9635,-4
9636,-2
9637,0
9638,-3
9639,-1
9640,-1
9641,-5
9642,-1
9643,-3
9644,-5
9645,-3
9646,-2
9647,-2
9648,-2
9649,-5
9650,-4
9651,-4
9652,-2
9653,-3
9654,-3
9655,-1
9656,-4
9657,-2
9658,-4
9659,-1
9660,-2
9661,-1
9662,-4
9663,-5
9664,-3
9665,-5
9666,-4
9667,-2
9668,-1
9669,-2
9670,-1
9671,-1
9672,-1
9673,-4
9674,-3
9675,-3
9676,-4
9677,-3
9678,-4
9679,-5
9680,-4
9681,-4
9682,-2
9683,-4
9684,-4
9685,-4
9686,-3
9687,-4
9688,-2
9689,-3
9690,-3
9691,-4
9692,-5
9693,-2
9694,-4
9695,-2
9696,-2
9697,-1
9698,-3
9699,0
9700,-4
9701,-2
9702,-3
9703,0
9704,-3
9705,-4
9706,-2
9707,-6
9708,-4
9709,-1
9710,-4
9711,-1
9712,-3
9713,-1
9714,-4
9715,0
9716,-3
9717,-4
9718,-1
9719,-4
9720,-1
9721,-2
9722,-3
9723,-3
9724,-5
9725,-2
9726,-2
9727,-2
9728,-5
9729,-2
9730,-3
9731,-3
9732,-2
9733,-3
9734,-4
9735,-2
9736,-4
9737,-5
9738,-1
9739,-1
9740,-3
9741,-4
9742,-2
9743,0
9744,-1
9745,-2
9746,-4
9747,-1
9748,-4
9749,-3
9750,-2
9751,-3
9752,-2
9753,-1
9754,-5
9755,-3
9756,-1
9757,-4
9758,-3
9759,-3
9760,-4
9761,-2
9762,0
9763,-4
9764,-5
9765,-3
9766,-2
9767,-4
9768,-1
9769,-3
9770,-3
9771,-5
9772,-4
9773,-3
9774,0
9775,-2
9776,-3
9777,-5
9778,-1
9779,-3
9780,-1
9781,-1
9782,-2
9783,-5
9784,-1
9785,-3
9786,-2
9787,-5
9788,-5
9789,-2
9790,-4
9791,-4
9792,-5
9793,-3
9794,-3
9795,-1
9796,-2
9797,-2
9798,-2
9799,-3
9800,-5
9801,-4
9802,-4
9803,-1
9804,-4
9805,-3
9806,-3
9807,-5
9808,-2
9809,-3
9810,-3
9811,-4
9812,0
9813,-3
9814,-5
9815,-1
9816,-2
9817,-4
9818,-5
9819,-2
9820,-5
9821,0
9822,-1
9823,-4
9824,-3
9825,-2
9826,-5
9827,-3
9828,-3
9829,-3
9830,-1
9831,-2
9832,-4
9833,-4
9834,-5
9835,-4
9836,-3
9837,-1
9838,-2
9839,-6
9840,-4
9841,-4
9842,-4
9843,-4
9844,-4
9845,-5
9846,-1
9847,0
9848,-4
9849,-4
9850,-5
9851,-2
9852,-1
9853,-5
9854,-3
9855,-5
9856,-2
9857,-4
9858,-3
9859,-4
9860,-2
9861,-3
9862,-4
9863,-4
9864,-3
9865,-3
9866,-1
9867,-1
9868,-4
9869,-4
9870,-2
9871,-4
9872,-2
9873,-3
9874,-3
9875,-3
9876,-2
9877,-2
9878,-2
9879,-1
9880,-4
9881,-2
9882,-4
9883,0
9884,-2
9885,-4
9886,-4
9887,-3
9888,-3
9889,-3
9890,-1
9891,-1
9892,-1
9893,-5
9894,-3
9895,-4
9896,-4
9897,-1
9898,-4
9899,-4
9900,-3
9901,-1
9902,-2
9903,-2
9904,-1
9905,-5
9906,-2
9907,-4
9908,-3
9909,-3
9910,-2
9911,-4
9912,-3
9913,-2
9914,-4
9915,-6
9916,-2
9917,-2
9918,-3
9919,-3
9920,0
9921,-3
9922,0
9923,-4
9924,-4
9925,-2
9926,-4
9927,-2
9928,-3
9929,-4
9930,-3
9931,-2
9932,-5
9933,-1
9934,-2
9935,-3
9936,-2
9937,-3
9938,-3
9939,-3
9940,0
9941,-5
9942,-4
9943,-3
9944,-2
9945,-2
9946,-2
9947,-4
9948,-2
9949,-2
9950,-4
9951,-5
9952,-3
9953,-4
9954,-5
9955,-2
9956,-3
9957,-3
9958,-2
9959,-4
9960,-3
9961,-2
9962,-2
9963,-2
9964,-3
9965,-5
9966,-3
9967,-5
9968,-1
9969,-2
9970,-5
9971,-4
9972,-4
9973,-3
9974,-3
9975,-3
9976,-2
9977,-4
9978,-2
9979,-5
9980,-2
9981,-2
9982,-1
9983,-1
9984,-4
9985,-3
9986,-2
9987,-4
9988,-1
9989,-3
9990,-4
9991,-2
9992,-3
9993,-3
9994,-2
9995,-2
9996,-3
9997,-1
9998,-2
9999,-2
