,p1_pkmn_alive
0,5
1,3
2,5
3,3
4,5
5,6
6,3
7,4
8,2
9,4
10,2
11,3
12,4
13,4
14,4
15,6
16,6
17,4
18,6
19,3
20,5
21,5
22,3
23,5
24,1
25,5
26,5
27,5
28,4
29,2
30,3
31,5
32,2
33,6
34,2
35,4
36,6
37,4
38,6
39,5
40,4
41,5
42,5
43,5
44,5
45,6
46,3
47,4
48,6
49,3
50,4
51,5
52,5
53,4
54,6
55,6
56,6
57,6
58,2
59,4
60,5
61,5
62,5
63,3
64,6
65,4
66,6
67,6
68,5
69,5
70,4
71,4
72,3
73,4
74,5
75,4
76,3
77,6
78,3
79,4
80,5
81,6
82,4
83,5
84,6
85,4
86,2
87,5
88,3
89,4
90,3
91,5
92,6
93,1
94,3
95,6
96,1
97,5
98,3
99,5
100,5
101,3
102,5
103,2
104,5
105,4
106,3
107,2
108,6
109,6
110,5
111,4
112,3
113,6
114,6
115,4
116,6
117,4
118,5
119,4
120,3
121,2
122,6
123,4
124,5
125,4
126,5
127,4
128,5
129,3
130,5
131,2
132,3
133,3
134,5
135,5
136,6
137,3
138,5
139,6
140,4
141,4
142,3
143,5
144,4
145,4
146,4
147,2
148,6
149,4
150,5
151,5
152,5
153,5
154,5
155,4
156,6
157,3
158,5
159,4
160,4
161,6
162,5
163,3
164,3
165,4
166,5
167,5
168,5
169,4
170,1
171,4
172,5
173,3
174,5
175,4
176,5
177,4
178,4
179,3
180,5
181,4
182,4
183,6
184,6
185,5
186,5
187,4
188,1
189,6
190,5
191,3
192,3
193,3
194,4
195,3
196,5
197,6
198,6
199,4
200,2
201,4
202,5
203,4
204,4
205,2
206,5
207,4
208,5
209,4
210,6
211,5
212,4
213,4
214,3
215,6
216,5
217,2
218,5
219,3
220,3
221,5
222,3
223,4
224,5
225,4
226,5
227,2
228,3
229,5
230,4
231,5
232,6
233,3
234,4
235,4
236,6
237,5
238,5
239,5
240,4
241,5
242,5
243,4
244,5
245,4
246,5
247,4
248,4
249,3
250,6
251,5
252,6
253,5
254,5
255,3
256,4
257,6
258,4
259,4
260,6
261,5
262,4
263,5
264,5
265,5
266,4
267,4
268,5
269,1
270,3
271,2
272,5
273,6
274,6
275,5
276,3
277,6
278,3
279,3
280,2
281,3
282,6
283,4
284,4
285,6
286,3
287,4
288,5
289,6
290,5
291,5
292,3
293,4
294,2
295,3
296,5
297,4
298,6
299,5
300,4
301,6
302,2
303,6
304,4
305,5
306,5
307,4
308,6
309,5
310,5
311,5
312,4
313,4
314,2
315,5
316,3
317,4
318,5
319,4
320,4
321,4
322,4
323,6
324,4
325,2
326,3
327,4
328,5
329,3
330,4
331,6
332,3
333,3
334,3
335,3
336,3
337,4
338,3
339,4
340,3
341,5
342,5
343,5
344,6
345,5
346,6
347,3
348,4
349,6
350,5
351,6
352,4
353,5
354,4
355,4
356,5
357,3
358,4
359,6
360,4
361,4
362,5
363,4
364,2
365,6
366,5
367,4
368,4
369,3
370,3
371,3
372,5
373,3
374,5
375,3
376,4
377,5
378,3
379,3
380,3
381,3
382,6
383,5
384,5
385,3
386,6
387,4
388,5
389,4
390,4
391,4
392,5
393,6
394,5
395,5
396,4
397,3
398,5
399,3
400,3
401,4
402,5
403,3
404,2
405,5
406,3
407,5
408,6
409,5
410,1
411,4
412,6
413,4
414,2
415,4
416,4
417,3
418,5
419,5
420,4
421,4
422,6
423,6
424,6
425,5
426,6
427,4
428,4
429,4
430,3
431,4
432,6
433,4
434,6
435,6
436,2
437,2
438,4
439,4
440,5
441,5
442,3
443,5
444,4
445,5
446,4
447,3
448,5
449,6
450,5
451,3
452,5
453,4
454,3
455,1
456,3
457,6
458,6
459,4
460,6
461,5
462,4
463,4
464,5
465,4
466,4
467,5
468,4
469,4
470,3
471,5
472,3
473,4
474,4
475,6
476,2
477,4
478,5
479,5
480,5
481,5
482,3
483,4
484,2
485,3
486,5
487,5
488,2
489,6
490,5
491,2
492,5
493,5
494,2
495,4
496,4
497,6
498,3
499,5
500,4
501,5
502,2
503,3
504,2
505,5
506,5
507,3
508,5
509,5
510,5
511,5
512,3
513,5
514,5
515,5
516,5
517,5
518,3
519,5
520,3
521,5
522,5
523,5
524,1
525,3
526,6
527,5
528,6
529,4
530,6
531,4
532,6
533,4
534,5
535,6
536,3
537,4
538,4
539,2
540,6
541,4
542,3
543,4
544,2
545,5
546,3
547,5
548,5
549,4
550,6
551,4
552,2
553,3
554,6
555,6
556,3
557,6
558,4
559,4
560,4
561,5
562,5
563,6
564,6
565,4
566,6
567,3
568,3
569,5
570,6
571,3
572,4
573,4
574,4
575,3
576,6
577,6
578,5
579,4
580,3
581,4
582,4
583,4
584,5
585,5
586,5
587,6
588,5
589,5
590,6
591,2
592,6
593,3
594,4
595,5
596,5
597,5
598,5
599,4
600,4
601,6
602,4
603,4
604,2
605,4
606,3
607,6
608,4
609,3
610,6
611,2
612,5
613,5
614,5
615,5
616,3
617,4
618,4
619,4
620,6
621,1
622,3
623,2
624,5
625,5
626,6
627,3
628,4
629,4
630,5
631,2
632,3
633,3
634,5
635,6
636,3
637,5
638,5
639,5
640,3
641,4
642,5
643,3
644,3
645,5
646,4
647,2
648,6
649,3
650,5
651,5
652,5
653,3
654,4
655,5
656,6
657,6
658,4
659,4
660,5
661,5
662,1
663,3
664,5
665,6
666,4
667,4
668,4
669,3
670,6
671,3
672,4
673,3
674,4
675,4
676,3
677,2
678,1
679,4
680,3
681,5
682,4
683,3
684,4
685,5
686,3
687,5
688,4
689,5
690,1
691,4
692,1
693,4
694,5
695,6
696,5
697,5
698,5
699,3
700,5
701,5
702,2
703,4
704,5
705,4
706,3
707,4
708,5
709,5
710,2
711,6
712,4
713,5
714,5
715,5
716,3
717,6
718,4
719,6
720,3
721,6
722,5
723,5
724,3
725,2
726,4
727,5
728,5
729,3
730,5
731,4
732,5
733,6
734,3
735,4
736,5
737,4
738,6
739,4
740,4
741,3
742,6
743,3
744,6
745,4
746,6
747,5
748,6
749,3
750,5
751,6
752,5
753,3
754,3
755,5
756,4
757,6
758,5
759,5
760,6
761,2
762,5
763,4
764,4
765,6
766,5
767,6
768,1
769,6
770,5
771,5
772,4
773,4
774,4
775,3
776,6
777,5
778,5
779,5
780,5
781,6
782,5
783,2
784,5
785,4
786,5
787,6
788,4
789,4
790,3
791,6
792,5
793,3
794,6
795,3
796,4
797,6
798,6
799,3
800,3
801,5
802,4
803,5
804,5
805,2
806,3
807,4
808,4
809,2
810,3
811,6
812,5
813,4
814,5
815,6
816,6
817,2
818,3
819,4
820,6
821,5
822,4
823,6
824,6
825,2
826,5
827,4
828,6
829,5
830,4
831,1
832,6
833,4
834,5
835,4
836,2
837,5
838,3
839,3
840,3
841,5
842,6
843,2
844,4
845,6
846,5
847,5
848,4
849,5
850,5
851,6
852,4
853,2
854,4
855,5
856,4
857,5
858,6
859,4
860,5
861,4
862,5
863,4
864,5
865,3
866,5
867,4
868,5
869,3
870,3
871,5
872,3
873,3
874,6
875,3
876,4
877,5
878,2
879,5
880,3
881,5
882,5
883,5
884,5
885,2
886,5
887,4
888,4
889,6
890,5
891,5
892,2
893,5
894,5
895,6
896,6
897,5
898,6
899,6
900,4
901,3
902,6
903,3
904,5
905,4
906,2
907,2
908,3
909,4
910,5
911,4
912,4
913,5
914,5
915,6
916,5
917,3
918,5
919,6
920,5
921,5
922,5
923,2
924,5
925,5
926,4
927,3
928,4
929,5
930,6
931,5
932,2
933,2
934,4
935,2
936,6
937,6
938,5
939,4
940,5
941,4
942,6
943,5
944,5
945,4
946,3
947,3
948,4
949,4
950,5
951,5
952,2
953,4
954,4
955,4
956,4
957,4
958,4
959,5
960,4
961,5
962,5
963,3
964,3
965,3
966,2
967,4
968,6
969,5
970,6
971,3
972,3
973,5
974,6
975,4
976,5
977,4
978,3
979,3
980,5
981,6
982,5
983,5
984,6
985,5
986,3
987,6
988,3
989,2
990,6
991,6
992,5
993,3
994,3
995,5
996,1
997,6
998,2
999,4
1000,4
1001,5
1002,3
1003,4
1004,2
1005,4
1006,4
1007,4
1008,3
1009,5
1010,5
1011,5
1012,5
1013,6
1014,3
1015,5
1016,4
1017,3
1018,5
1019,4
1020,4
1021,5
1022,6
1023,5
1024,3
1025,3
1026,4
1027,3
1028,4
1029,3
1030,1
1031,5
1032,5
1033,4
1034,6
1035,4
1036,4
1037,3
1038,6
1039,2
1040,4
1041,5
1042,6
1043,2
1044,6
1045,3
1046,3
1047,4
1048,6
1049,2
1050,6
1051,3
1052,3
1053,3
1054,5
1055,4
1056,6
1057,5
1058,5
1059,4
1060,5
1061,5
1062,4
1063,4
1064,5
1065,4
1066,5
1067,6
1068,5
1069,5
1070,6
1071,5
1072,6
1073,4
1074,4
1075,3
1076,5
1077,5
1078,5
1079,6
1080,4
1081,3
1082,6
1083,3
1084,5
1085,5
1086,4
1087,5
1088,6
1089,6
1090,6
1091,4
1092,5
1093,6
1094,3
1095,5
1096,5
1097,1
1098,5
1099,5
1100,4
1101,5
1102,5
1103,4
1104,3
1105,4
1106,4
1107,6
1108,2
1109,1
1110,3
1111,6
1112,5
1113,5
1114,3
1115,5
1116,5
1117,5
1118,3
1119,3
1120,4
1121,5
1122,6
1123,3
1124,3
1125,5
1126,3
1127,4
1128,4
1129,4
1130,5
1131,5
1132,1
1133,3
1134,5
1135,4
1136,4
1137,3
1138,5
1139,5
1140,1
1141,2
1142,4
1143,5
1144,4
1145,6
1146,6
1147,5
1148,3
1149,6
1150,4
1151,6
1152,4
1153,4
1154,3
1155,5
1156,4
1157,6
1158,3
1159,4
1160,5
1161,4
1162,5
1163,6
1164,6
1165,6
1166,5
1167,4
1168,6
1169,3
1170,5
1171,6
1172,6
1173,6
1174,6
1175,4
1176,6
1177,5
1178,5
1179,5
1180,4
1181,3
1182,4
1183,5
1184,5
1185,4
1186,5
1187,5
1188,5
1189,6
1190,5
1191,5
1192,2
1193,6
1194,5
1195,5
1196,3
1197,5
1198,3
1199,3
1200,4
1201,5
1202,2
1203,2
1204,3
1205,4
1206,5
1207,4
1208,4
1209,4
1210,3
1211,4
1212,4
1213,6
1214,4
1215,3
1216,5
1217,6
1218,6
1219,4
1220,4
1221,5
1222,1
1223,4
1224,2
1225,4
1226,5
1227,3
1228,4
1229,4
1230,5
1231,6
1232,6
1233,6
1234,4
1235,4
1236,5
1237,3
1238,5
1239,4
1240,5
1241,6
1242,3
1243,5
1244,4
1245,4
1246,5
1247,5
1248,3
1249,5
1250,5
1251,4
1252,4
1253,4
1254,5
1255,3
1256,6
1257,5
1258,4
1259,6
1260,3
1261,3
1262,4
1263,4
1264,5
1265,6
1266,6
1267,4
1268,6
1269,6
1270,3
1271,5
1272,3
1273,3
1274,5
1275,5
1276,5
1277,5
1278,4
1279,5
1280,5
1281,5
1282,5
1283,5
1284,3
1285,3
1286,6
1287,6
1288,4
1289,2
1290,3
1291,3
1292,1
1293,1
1294,5
1295,6
1296,2
1297,5
1298,5
1299,6
1300,6
1301,3
1302,2
1303,3
1304,4
1305,3
1306,6
1307,5
1308,3
1309,3
1310,2
1311,2
1312,5
1313,5
1314,5
1315,6
1316,1
1317,6
1318,5
1319,4
1320,5
1321,6
1322,4
1323,6
1324,3
1325,6
1326,5
1327,3
1328,5
1329,4
1330,3
1331,3
1332,4
1333,5
1334,5
1335,5
1336,6
1337,5
1338,6
1339,5
1340,2
1341,5
1342,2
1343,5
1344,5
1345,3
1346,3
1347,4
1348,1
1349,5
1350,5
1351,5
1352,5
1353,5
1354,2
1355,3
1356,5
1357,5
1358,5
1359,3
1360,5
1361,6
1362,5
1363,3
1364,2
1365,5
1366,6
1367,3
1368,5
1369,2
1370,4
1371,1
1372,4
1373,5
1374,5
1375,4
1376,6
1377,6
1378,1
1379,6
1380,2
1381,4
1382,6
1383,5
1384,3
1385,6
1386,2
1387,2
1388,6
1389,6
1390,4
1391,4
1392,6
1393,3
1394,6
1395,4
1396,3
1397,5
1398,4
1399,3
1400,5
1401,5
1402,6
1403,5
1404,6
1405,4
1406,4
1407,5
1408,6
1409,4
1410,5
1411,5
1412,6
1413,5
1414,3
1415,4
1416,3
1417,3
1418,4
1419,2
1420,5
1421,4
1422,5
1423,5
1424,4
1425,5
1426,5
1427,2
1428,5
1429,5
1430,1
1431,3
1432,5
1433,4
1434,3
1435,4
1436,3
1437,2
1438,3
1439,5
1440,4
1441,3
1442,4
1443,2
1444,5
1445,4
1446,4
1447,4
1448,5
1449,4
1450,3
1451,2
1452,4
1453,5
1454,4
1455,6
1456,4
1457,4
1458,2
1459,4
1460,4
1461,5
1462,3
1463,2
1464,2
1465,5
1466,3
1467,4
1468,6
1469,5
1470,5
1471,3
1472,5
1473,6
1474,6
1475,5
1476,6
1477,5
1478,3
1479,3
1480,3
1481,6
1482,5
1483,5
1484,2
1485,4
1486,4
1487,4
1488,2
1489,6
1490,5
1491,5
1492,5
1493,5
1494,5
1495,3
1496,4
1497,4
1498,5
1499,4
1500,4
1501,5
1502,3
1503,5
1504,5
1505,5
1506,4
1507,3
1508,6
1509,2
1510,5
1511,3
1512,6
1513,5
1514,6
1515,5
1516,3
1517,3
1518,4
1519,4
1520,5
1521,3
1522,3
1523,6
1524,5
1525,3
1526,3
1527,4
1528,5
1529,5
1530,2
1531,5
1532,4
1533,6
1534,4
1535,4
1536,6
1537,5
1538,5
1539,5
1540,5
1541,5
1542,1
1543,5
1544,6
1545,2
1546,3
1547,5
1548,4
1549,5
1550,5
1551,4
1552,6
1553,5
1554,4
1555,5
1556,4
1557,6
1558,4
1559,4
1560,5
1561,3
1562,5
1563,5
1564,2
1565,6
1566,4
1567,4
1568,4
1569,4
1570,5
1571,3
1572,5
1573,5
1574,5
1575,3
1576,4
1577,3
1578,4
1579,6
1580,5
1581,6
1582,4
1583,4
1584,4
1585,5
1586,5
1587,4
1588,3
1589,4
1590,1
1591,6
1592,4
1593,4
1594,3
1595,3
1596,5
1597,4
1598,3
1599,3
1600,5
1601,3
1602,4
1603,3
1604,6
1605,4
1606,3
1607,4
1608,5
1609,4
1610,5
1611,4
1612,6
1613,4
1614,2
1615,4
1616,3
1617,1
1618,3
1619,6
1620,5
1621,3
1622,3
1623,4
1624,1
1625,4
1626,4
1627,3
1628,6
1629,3
1630,5
1631,5
1632,4
1633,5
1634,3
1635,5
1636,3
1637,4
1638,3
1639,5
1640,4
1641,5
1642,4
1643,4
1644,6
1645,2
1646,4
1647,5
1648,3
1649,4
1650,3
1651,4
1652,5
1653,5
1654,3
1655,2
1656,3
1657,4
1658,6
1659,4
1660,5
1661,5
1662,5
1663,6
1664,5
1665,6
1666,6
1667,6
1668,3
1669,4
1670,3
1671,5
1672,5
1673,4
1674,4
1675,5
1676,6
1677,5
1678,6
1679,5
1680,3
1681,5
1682,5
1683,2
1684,4
1685,5
1686,5
1687,5
1688,3
1689,4
1690,5
1691,5
1692,3
1693,4
1694,4
1695,3
1696,4
1697,5
1698,5
1699,5
1700,4
1701,4
1702,5
1703,6
1704,6
1705,4
1706,6
1707,6
1708,6
1709,5
1710,4
1711,5
1712,5
1713,2
1714,6
1715,6
1716,3
1717,6
1718,3
1719,2
1720,6
1721,3
1722,3
1723,4
1724,4
1725,5
1726,5
1727,4
1728,6
1729,6
1730,4
1731,5
1732,3
1733,6
1734,6
1735,4
1736,5
1737,6
1738,6
1739,4
1740,5
1741,4
1742,4
1743,3
1744,6
1745,3
1746,3
1747,4
1748,6
1749,4
1750,5
1751,5
1752,3
1753,5
1754,5
1755,3
1756,2
1757,6
1758,3
1759,6
1760,6
1761,6
1762,3
1763,4
1764,6
1765,5
1766,4
1767,6
1768,6
1769,4
1770,5
1771,5
1772,5
1773,6
1774,3
1775,6
1776,3
1777,4
1778,6
1779,4
1780,5
1781,4
1782,6
1783,4
1784,5
1785,5
1786,6
1787,4
1788,5
1789,6
1790,5
1791,6
1792,5
1793,4
1794,4
1795,4
1796,1
1797,4
1798,5
1799,6
1800,3
1801,3
1802,2
1803,5
1804,2
1805,5
1806,4
1807,2
1808,4
1809,6
1810,3
1811,2
1812,5
1813,4
1814,4
1815,3
1816,4
1817,5
1818,3
1819,5
1820,6
1821,6
1822,5
1823,3
1824,5
1825,5
1826,2
1827,3
1828,5
1829,5
1830,5
1831,6
1832,3
1833,4
1834,6
1835,4
1836,5
1837,6
1838,3
1839,5
1840,6
1841,3
1842,6
1843,4
1844,5
1845,4
1846,4
1847,5
1848,4
1849,6
1850,6
1851,5
1852,6
1853,4
1854,2
1855,2
1856,2
1857,2
1858,6
1859,6
1860,2
1861,5
1862,4
1863,4
1864,4
1865,4
1866,4
1867,5
1868,5
1869,3
1870,4
1871,5
1872,5
1873,5
1874,5
1875,4
1876,6
1877,3
1878,5
1879,4
1880,6
1881,5
1882,4
1883,4
1884,6
1885,5
1886,5
1887,6
1888,4
1889,5
1890,6
1891,4
1892,6
1893,6
1894,5
1895,6
1896,6
1897,4
1898,6
1899,6
1900,4
1901,5
1902,6
1903,4
1904,6
1905,3
1906,4
1907,4
1908,6
1909,4
1910,4
1911,6
1912,4
1913,6
1914,3
1915,3
1916,5
1917,6
1918,4
1919,6
1920,3
1921,5
1922,3
1923,2
1924,5
1925,5
1926,5
1927,6
1928,4
1929,4
1930,4
1931,3
1932,4
1933,3
1934,5
1935,3
1936,3
1937,5
1938,5
1939,5
1940,6
1941,4
1942,5
1943,4
1944,3
1945,3
1946,4
1947,6
1948,6
1949,6
1950,4
1951,2
1952,5
1953,3
1954,3
1955,2
1956,4
1957,4
1958,5
1959,3
1960,3
1961,3
1962,3
1963,6
1964,5
1965,6
1966,5
1967,5
1968,4
1969,5
1970,4
1971,5
1972,5
1973,4
1974,6
1975,6
1976,4
1977,3
1978,3
1979,4
1980,6
1981,2
1982,4
1983,3
1984,4
1985,3
1986,4
1987,1
1988,6
1989,5
1990,6
1991,2
1992,4
1993,1
1994,5
1995,3
1996,6
1997,6
1998,6
1999,4
2000,1
2001,6
2002,6
2003,6
2004,4
2005,4
2006,4
2007,5
2008,6
2009,4
2010,5
2011,3
2012,5
2013,5
2014,3
2015,2
2016,5
2017,2
2018,5
2019,3
2020,4
2021,5
2022,4
2023,4
2024,3
2025,6
2026,4
2027,4
2028,4
2029,5
2030,1
2031,4
2032,4
2033,4
2034,5
2035,5
2036,5
2037,6
2038,5
2039,5
2040,4
2041,5
2042,4
2043,6
2044,4
2045,6
2046,4
2047,5
2048,4
2049,2
2050,6
2051,4
2052,2
2053,4
2054,5
2055,6
2056,4
2057,2
2058,3
2059,6
2060,5
2061,4
2062,6
2063,2
2064,4
2065,4
2066,3
2067,4
2068,5
2069,3
2070,5
2071,3
2072,6
2073,5
2074,3
2075,6
2076,5
2077,4
2078,4
2079,2
2080,4
2081,4
2082,2
2083,5
2084,5
2085,1
2086,2
2087,6
2088,5
2089,3
2090,6
2091,3
2092,6
2093,3
2094,5
2095,5
2096,3
2097,5
2098,4
2099,3
2100,3
2101,3
2102,4
2103,5
2104,6
2105,4
2106,5
2107,3
2108,5
2109,4
2110,5
2111,5
2112,3
2113,4
2114,2
2115,5
2116,5
2117,6
2118,6
2119,3
2120,4
2121,5
2122,5
2123,4
2124,6
2125,5
2126,2
2127,4
2128,5
2129,3
2130,4
2131,5
2132,5
2133,5
2134,5
2135,5
2136,4
2137,4
2138,3
2139,5
2140,4
2141,3
2142,3
2143,5
2144,6
2145,6
2146,2
2147,6
2148,4
2149,4
2150,5
2151,3
2152,6
2153,2
2154,3
2155,4
2156,4
2157,2
2158,3
2159,6
2160,2
2161,4
2162,3
2163,5
2164,3
2165,3
2166,4
2167,6
2168,4
2169,3
2170,4
2171,4
2172,3
2173,4
2174,4
2175,2
2176,3
2177,4
2178,5
2179,4
2180,5
2181,3
2182,6
2183,3
2184,6
2185,6
2186,3
2187,5
2188,4
2189,5
2190,6
2191,2
2192,3
2193,4
2194,5
2195,5
2196,4
2197,3
2198,6
2199,5
2200,3
2201,4
2202,5
2203,4
2204,5
2205,3
2206,3
2207,4
2208,4
2209,6
2210,5
2211,4
2212,4
2213,5
2214,4
2215,4
2216,5
2217,4
2218,5
2219,2
2220,3
2221,5
2222,6
2223,6
2224,5
2225,5
2226,5
2227,5
2228,5
2229,6
2230,5
2231,4
2232,5
2233,3
2234,5
2235,5
2236,3
2237,5
2238,4
2239,5
2240,3
2241,4
2242,6
2243,1
2244,5
2245,4
2246,4
2247,5
2248,2
2249,4
2250,5
2251,4
2252,4
2253,6
2254,5
2255,5
2256,6
2257,5
2258,5
2259,6
2260,4
2261,6
2262,5
2263,4
2264,5
2265,4
2266,6
2267,6
2268,5
2269,3
2270,3
2271,5
2272,5
2273,5
2274,4
2275,5
2276,4
2277,4
2278,4
2279,5
2280,5
2281,4
2282,3
2283,4
2284,5
2285,4
2286,4
2287,4
2288,3
2289,3
2290,6
2291,5
2292,6
2293,3
2294,4
2295,2
2296,2
2297,6
2298,5
2299,5
2300,2
2301,5
2302,2
2303,4
2304,4
2305,2
2306,5
2307,5
2308,5
2309,3
2310,4
2311,3
2312,5
2313,3
2314,6
2315,2
2316,2
2317,4
2318,5
2319,4
2320,4
2321,5
2322,6
2323,2
2324,5
2325,3
2326,5
2327,4
2328,5
2329,5
2330,5
2331,5
2332,3
2333,2
2334,5
2335,4
2336,4
2337,5
2338,3
2339,4
2340,5
2341,5
2342,4
2343,4
2344,5
2345,2
2346,4
2347,2
2348,5
2349,5
2350,6
2351,5
2352,6
2353,5
2354,3
2355,5
2356,5
2357,4
2358,6
2359,4
2360,3
2361,3
2362,5
2363,5
2364,5
2365,3
2366,5
2367,5
2368,6
2369,5
2370,6
2371,4
2372,5
2373,6
2374,4
2375,4
2376,4
2377,5
2378,6
2379,5
2380,5
2381,6
2382,3
2383,3
2384,5
2385,4
2386,4
2387,4
2388,4
2389,6
2390,6
2391,6
2392,6
2393,4
2394,5
2395,4
2396,3
2397,3
2398,5
2399,5
2400,4
2401,3
2402,4
2403,6
2404,5
2405,6
2406,4
2407,6
2408,6
2409,5
2410,6
2411,5
2412,4
2413,2
2414,4
2415,3
2416,3
2417,5
2418,2
2419,4
2420,2
2421,5
2422,6
2423,5
2424,4
2425,2
2426,2
2427,4
2428,3
2429,4
2430,3
2431,1
2432,3
2433,4
2434,5
2435,5
2436,5
2437,3
2438,6
2439,5
2440,4
2441,2
2442,2
2443,2
2444,2
2445,5
2446,4
2447,5
2448,3
2449,4
2450,4
2451,6
2452,3
2453,6
2454,4
2455,4
2456,4
2457,5
2458,6
2459,5
2460,4
2461,3
2462,6
2463,3
2464,3
2465,4
2466,4
2467,2
2468,5
2469,5
2470,6
2471,6
2472,6
2473,2
2474,3
2475,4
2476,5
2477,4
2478,5
2479,3
2480,6
2481,4
2482,6
2483,4
2484,3
2485,5
2486,4
2487,6
2488,2
2489,5
2490,4
2491,3
2492,5
2493,3
2494,5
2495,5
2496,3
2497,6
2498,4
2499,4
2500,4
2501,4
2502,3
2503,3
2504,2
2505,5
2506,6
2507,3
2508,6
2509,5
2510,5
2511,4
2512,4
2513,3
2514,5
2515,3
2516,5
2517,5
2518,6
2519,4
2520,6
2521,6
2522,1
2523,4
2524,3
2525,3
2526,5
2527,4
2528,4
2529,5
2530,5
2531,4
2532,5
2533,4
2534,5
2535,6
2536,3
2537,4
2538,5
2539,3
2540,6
2541,6
2542,2
2543,2
2544,4
2545,5
2546,3
2547,4
2548,5
2549,6
2550,3
2551,5
2552,6
2553,6
2554,2
2555,4
2556,6
2557,1
2558,4
2559,3
2560,4
2561,5
2562,6
2563,5
2564,4
2565,2
2566,2
2567,3
2568,5
2569,4
2570,5
2571,4
2572,5
2573,5
2574,6
2575,3
2576,4
2577,6
2578,5
2579,5
2580,3
2581,2
2582,5
2583,5
2584,3
2585,6
2586,5
2587,5
2588,5
2589,4
2590,4
2591,4
2592,5
2593,1
2594,6
2595,3
2596,5
2597,4
2598,4
2599,5
2600,1
2601,6
2602,5
2603,3
2604,3
2605,3
2606,4
2607,2
2608,6
2609,3
2610,5
2611,5
2612,4
2613,4
2614,6
2615,4
2616,3
2617,2
2618,3
2619,5
2620,6
2621,5
2622,4
2623,5
2624,5
2625,3
2626,5
2627,4
2628,2
2629,5
2630,4
2631,5
2632,5
2633,2
2634,6
2635,3
2636,2
2637,6
2638,3
2639,6
2640,2
2641,6
2642,4
2643,4
2644,5
2645,4
2646,4
2647,6
2648,5
2649,6
2650,3
2651,3
2652,5
2653,2
2654,6
2655,5
2656,5
2657,6
2658,6
2659,3
2660,2
2661,5
2662,5
2663,6
2664,5
2665,4
2666,4
2667,5
2668,6
2669,3
2670,4
2671,6
2672,5
2673,3
2674,2
2675,5
2676,4
2677,6
2678,2
2679,6
2680,3
2681,3
2682,4
2683,4
2684,4
2685,4
2686,3
2687,3
2688,6
2689,5
2690,4
2691,4
2692,6
2693,6
2694,6
2695,3
2696,3
2697,4
2698,3
2699,6
2700,6
2701,4
2702,5
2703,4
2704,5
2705,5
2706,4
2707,5
2708,4
2709,3
2710,3
2711,3
2712,4
2713,5
2714,5
2715,5
2716,4
2717,5
2718,3
2719,4
2720,2
2721,5
2722,6
2723,5
2724,4
2725,4
2726,4
2727,6
2728,4
2729,4
2730,6
2731,3
2732,5
2733,5
2734,5
2735,4
2736,3
2737,4
2738,5
2739,4
2740,4
2741,2
2742,3
2743,2
2744,1
2745,5
2746,5
2747,4
2748,3
2749,4
2750,6
2751,5
2752,4
2753,3
2754,4
2755,6
2756,5
2757,6
2758,5
2759,3
2760,2
2761,4
2762,6
2763,3
2764,4
2765,5
2766,3
2767,3
2768,4
2769,5
2770,5
2771,5
2772,6
2773,1
2774,6
2775,6
2776,5
2777,2
2778,2
2779,2
2780,5
2781,4
2782,5
2783,5
2784,2
2785,3
2786,4
2787,4
2788,4
2789,4
2790,4
2791,6
2792,5
2793,4
2794,3
2795,4
2796,3
2797,2
2798,4
2799,4
2800,3
2801,2
2802,3
2803,3
2804,6
2805,4
2806,5
2807,3
2808,4
2809,2
2810,4
2811,5
2812,5
2813,3
2814,5
2815,5
2816,3
2817,5
2818,6
2819,4
2820,4
2821,5
2822,4
2823,4
2824,4
2825,4
2826,4
2827,3
2828,4
2829,4
2830,3
2831,4
2832,5
2833,4
2834,5
2835,3
2836,3
2837,5
2838,4
2839,5
2840,6
2841,3
2842,4
2843,5
2844,6
2845,4
2846,3
2847,2
2848,6
2849,4
2850,5
2851,5
2852,5
2853,5
2854,3
2855,4
2856,1
2857,2
2858,6
2859,5
2860,3
2861,6
2862,4
2863,4
2864,3
2865,2
2866,3
2867,3
2868,5
2869,3
2870,4
2871,5
2872,3
2873,5
2874,4
2875,2
2876,3
2877,4
2878,5
2879,5
2880,5
2881,4
2882,5
2883,5
2884,4
2885,4
2886,3
2887,6
2888,6
2889,2
2890,4
2891,3
2892,4
2893,5
2894,5
2895,6
2896,5
2897,3
2898,4
2899,4
2900,6
2901,5
2902,5
2903,6
2904,4
2905,5
2906,5
2907,5
2908,4
2909,4
2910,4
2911,4
2912,5
2913,3
2914,6
2915,5
2916,3
2917,3
2918,3
2919,6
2920,5
2921,6
2922,4
2923,3
2924,5
2925,3
2926,6
2927,4
2928,5
2929,4
2930,6
2931,5
2932,3
2933,5
2934,3
2935,5
2936,2
2937,5
2938,5
2939,5
2940,6
2941,4
2942,5
2943,4
2944,4
2945,5
2946,4
2947,4
2948,5
2949,5
2950,5
2951,4
2952,4
2953,5
2954,6
2955,1
2956,3
2957,3
2958,2
2959,5
2960,5
2961,2
2962,4
2963,6
2964,4
2965,4
2966,4
2967,6
2968,5
2969,5
2970,5
2971,6
2972,6
2973,4
2974,4
2975,3
2976,6
2977,6
2978,6
2979,4
2980,2
2981,5
2982,3
2983,3
2984,3
2985,6
2986,5
2987,2
2988,5
2989,4
2990,3
2991,6
2992,6
2993,4
2994,6
2995,5
2996,6
2997,4
2998,6
2999,3
3000,4
3001,5
3002,6
3003,5
3004,4
3005,5
3006,6
3007,3
3008,6
3009,4
3010,1
3011,4
3012,5
3013,5
3014,6
3015,5
3016,4
3017,2
3018,4
3019,4
3020,5
3021,3
3022,3
3023,6
3024,2
3025,4
3026,6
3027,3
3028,5
3029,5
3030,4
3031,4
3032,4
3033,4
3034,2
3035,3
3036,5
3037,6
3038,4
3039,5
3040,6
3041,6
3042,4
3043,5
3044,5
3045,4
3046,4
3047,4
3048,4
3049,3
3050,6
3051,6
3052,4
3053,4
3054,4
3055,5
3056,4
3057,3
3058,5
3059,2
3060,5
3061,3
3062,5
3063,4
3064,3
3065,6
3066,4
3067,4
3068,5
3069,4
3070,5
3071,4
3072,6
3073,3
3074,5
3075,1
3076,4
3077,2
3078,4
3079,4
3080,4
3081,5
3082,1
3083,4
3084,6
3085,5
3086,2
3087,5
3088,4
3089,3
3090,6
3091,2
3092,5
3093,5
3094,3
3095,5
3096,5
3097,4
3098,3
3099,4
3100,5
3101,3
3102,2
3103,5
3104,3
3105,6
3106,3
3107,6
3108,5
3109,5
3110,2
3111,3
3112,3
3113,5
3114,5
3115,6
3116,3
3117,4
3118,5
3119,5
3120,4
3121,5
3122,4
3123,5
3124,4
3125,4
3126,6
3127,5
3128,3
3129,4
3130,2
3131,3
3132,4
3133,6
3134,6
3135,2
3136,5
3137,5
3138,4
3139,5
3140,1
3141,3
3142,6
3143,5
3144,5
3145,5
3146,5
3147,5
3148,4
3149,5
3150,5
3151,4
3152,2
3153,2
3154,4
3155,6
3156,4
3157,5
3158,5
3159,5
3160,4
3161,4
3162,5
3163,5
3164,6
3165,4
3166,5
3167,4
3168,4
3169,6
3170,2
3171,6
3172,3
3173,5
3174,5
3175,4
3176,2
3177,5
3178,3
3179,2
3180,6
3181,5
3182,5
3183,3
3184,5
3185,5
3186,6
3187,5
3188,2
3189,4
3190,6
3191,6
3192,2
3193,5
3194,5
3195,4
3196,3
3197,5
3198,1
3199,5
3200,4
3201,4
3202,6
3203,4
3204,6
3205,4
3206,5
3207,2
3208,4
3209,5
3210,4
3211,4
3212,3
3213,5
3214,4
3215,2
3216,5
3217,6
3218,3
3219,6
3220,3
3221,3
3222,4
3223,6
3224,5
3225,6
3226,5
3227,4
3228,2
3229,4
3230,3
3231,5
3232,4
3233,5
3234,6
3235,4
3236,4
3237,5
3238,2
3239,5
3240,4
3241,5
3242,4
3243,4
3244,3
3245,5
3246,4
3247,5
3248,5
3249,4
3250,6
3251,4
3252,6
3253,3
3254,5
3255,5
3256,6
3257,3
3258,6
3259,5
3260,6
3261,5
3262,4
3263,3
3264,3
3265,5
3266,5
3267,5
3268,3
3269,6
3270,3
3271,5
3272,4
3273,3
3274,4
3275,6
3276,1
3277,4
3278,5
3279,6
3280,4
3281,3
3282,6
3283,6
3284,6
3285,6
3286,5
3287,1
3288,5
3289,5
3290,1
3291,2
3292,5
3293,2
3294,5
3295,4
3296,5
3297,4
3298,4
3299,4
3300,3
3301,3
3302,3
3303,5
3304,6
3305,5
3306,5
3307,3
3308,2
3309,4
3310,5
3311,6
3312,3
3313,3
3314,3
3315,4
3316,4
3317,3
3318,6
3319,3
3320,4
3321,3
3322,6
3323,5
3324,2
3325,4
3326,5
3327,4
3328,6
3329,6
3330,4
3331,3
3332,4
3333,6
3334,6
3335,4
3336,4
3337,3
3338,4
3339,5
3340,6
3341,4
3342,4
3343,6
3344,4
3345,4
3346,6
3347,6
3348,4
3349,4
3350,4
3351,5
3352,5
3353,3
3354,5
3355,5
3356,5
3357,4
3358,4
3359,3
3360,3
3361,3
3362,3
3363,4
3364,4
3365,5
3366,4
3367,5
3368,3
3369,3
3370,4
3371,4
3372,6
3373,5
3374,5
3375,3
3376,6
3377,4
3378,5
3379,5
3380,6
3381,6
3382,4
3383,2
3384,3
3385,5
3386,5
3387,4
3388,5
3389,3
3390,4
3391,6
3392,4
3393,5
3394,6
3395,5
3396,5
3397,2
3398,4
3399,1
3400,5
3401,6
3402,4
3403,4
3404,5
3405,3
3406,3
3407,1
3408,5
3409,2
3410,5
3411,4
3412,6
3413,6
3414,3
3415,2
3416,4
3417,4
3418,5
3419,5
3420,4
3421,4
3422,3
3423,4
3424,3
3425,6
3426,5
3427,3
3428,6
3429,2
3430,6
3431,4
3432,3
3433,5
3434,4
3435,5
3436,5
3437,5
3438,5
3439,2
3440,4
3441,3
3442,5
3443,3
3444,6
3445,6
3446,4
3447,6
3448,6
3449,4
3450,3
3451,5
3452,4
3453,4
3454,4
3455,5
3456,5
3457,5
3458,4
3459,6
3460,5
3461,5
3462,2
3463,3
3464,5
3465,4
3466,4
3467,3
3468,2
3469,3
3470,4
3471,6
3472,5
3473,4
3474,5
3475,2
3476,5
3477,4
3478,3
3479,3
3480,5
3481,3
3482,5
3483,5
3484,3
3485,6
3486,2
3487,3
3488,6
3489,5
3490,5
3491,4
3492,3
3493,2
3494,4
3495,6
3496,5
3497,5
3498,6
3499,4
3500,4
3501,2
3502,5
3503,4
3504,5
3505,5
3506,6
3507,3
3508,6
3509,4
3510,4
3511,6
3512,5
3513,4
3514,6
3515,4
3516,1
3517,6
3518,4
3519,5
3520,4
3521,3
3522,2
3523,5
3524,6
3525,4
3526,6
3527,6
3528,5
3529,3
3530,5
3531,4
3532,5
3533,3
3534,5
3535,5
3536,5
3537,4
3538,3
3539,5
3540,3
3541,5
3542,5
3543,4
3544,5
3545,5
3546,4
3547,2
3548,1
3549,4
3550,6
3551,3
3552,4
3553,3
3554,2
3555,3
3556,2
3557,6
3558,3
3559,4
3560,6
3561,4
3562,5
3563,6
3564,5
3565,4
3566,4
3567,5
3568,3
3569,6
3570,5
3571,4
3572,4
3573,4
3574,3
3575,4
3576,5
3577,5
3578,4
3579,6
3580,4
3581,5
3582,4
3583,5
3584,4
3585,4
3586,6
3587,3
3588,4
3589,3
3590,6
3591,5
3592,2
3593,4
3594,6
3595,3
3596,5
3597,4
3598,5
3599,6
3600,4
3601,5
3602,6
3603,5
3604,4
3605,5
3606,3
3607,5
3608,4
3609,3
3610,3
3611,6
3612,5
3613,5
3614,5
3615,4
3616,5
3617,1
3618,4
3619,1
3620,5
3621,4
3622,6
3623,4
3624,4
3625,5
3626,6
3627,5
3628,3
3629,6
3630,6
3631,5
3632,3
3633,5
3634,6
3635,5
3636,6
3637,6
3638,5
3639,5
3640,6
3641,3
3642,4
3643,5
3644,4
3645,6
3646,5
3647,3
3648,5
3649,2
3650,6
3651,5
3652,5
3653,5
3654,3
3655,5
3656,4
3657,3
3658,5
3659,4
3660,2
3661,3
3662,6
3663,5
3664,5
3665,6
3666,3
3667,4
3668,4
3669,6
3670,4
3671,2
3672,6
3673,6
3674,5
3675,5
3676,5
3677,3
3678,4
3679,5
3680,4
3681,4
3682,6
3683,5
3684,5
3685,1
3686,5
3687,5
3688,3
3689,3
3690,5
3691,4
3692,4
3693,5
3694,4
3695,5
3696,3
3697,4
3698,6
3699,4
3700,3
3701,5
3702,4
3703,4
3704,5
3705,4
3706,5
3707,4
3708,4
3709,6
3710,6
3711,4
3712,3
3713,6
3714,5
3715,6
3716,6
3717,3
3718,4
3719,4
3720,6
3721,5
3722,6
3723,3
3724,5
3725,6
3726,6
3727,3
3728,3
3729,4
3730,5
3731,6
3732,3
3733,3
3734,6
3735,4
3736,4
3737,3
3738,4
3739,5
3740,6
3741,5
3742,5
3743,2
3744,5
3745,3
3746,2
3747,5
3748,5
3749,3
3750,2
3751,2
3752,5
3753,5
3754,4
3755,5
3756,4
3757,3
3758,3
3759,6
3760,4
3761,5
3762,2
3763,2
3764,6
3765,4
3766,3
3767,3
3768,3
3769,6
3770,6
3771,4
3772,4
3773,6
3774,6
3775,2
3776,5
3777,3
3778,6
3779,3
3780,1
3781,3
3782,5
3783,3
3784,1
3785,4
3786,5
3787,5
3788,4
3789,5
3790,4
3791,5
3792,4
3793,3
3794,2
3795,6
3796,5
3797,5
3798,3
3799,5
3800,3
3801,3
3802,3
3803,6
3804,6
3805,2
3806,6
3807,4
3808,6
3809,3
3810,5
3811,5
3812,5
3813,6
3814,5
3815,4
3816,6
3817,4
3818,4
3819,4
3820,5
3821,2
3822,5
3823,5
3824,6
3825,5
3826,5
3827,2
3828,5
3829,6
3830,6
3831,5
3832,2
3833,4
3834,2
3835,6
3836,6
3837,5
3838,5
3839,3
3840,5
3841,5
3842,6
3843,3
3844,3
3845,4
3846,4
3847,5
3848,3
3849,3
3850,4
3851,6
3852,2
3853,6
3854,6
3855,3
3856,6
3857,3
3858,4
3859,5
3860,5
3861,5
3862,6
3863,5
3864,3
3865,3
3866,5
3867,3
3868,2
3869,6
3870,3
3871,3
3872,4
3873,5
3874,5
3875,5
3876,4
3877,1
3878,5
3879,5
3880,4
3881,4
3882,6
3883,6
3884,5
3885,5
3886,3
3887,4
3888,3
3889,5
3890,6
3891,4
3892,5
3893,6
3894,4
3895,3
3896,4
3897,3
3898,5
3899,4
3900,5
3901,4
3902,4
3903,3
3904,6
3905,3
3906,5
3907,4
3908,5
3909,5
3910,4
3911,6
3912,2
3913,5
3914,5
3915,6
3916,4
3917,4
3918,4
3919,2
3920,3
3921,2
3922,4
3923,6
3924,5
3925,3
3926,3
3927,2
3928,6
3929,4
3930,4
3931,4
3932,2
3933,3
3934,3
3935,2
3936,4
3937,4
3938,5
3939,3
3940,6
3941,6
3942,4
3943,3
3944,6
3945,5
3946,5
3947,4
3948,6
3949,3
3950,3
3951,5
3952,6
3953,6
3954,5
3955,2
3956,5
3957,4
3958,4
3959,5
3960,4
3961,5
3962,5
3963,3
3964,4
3965,6
3966,6
3967,6
3968,3
3969,5
3970,4
3971,5
3972,6
3973,6
3974,5
3975,5
3976,5
3977,5
3978,5
3979,2
3980,5
3981,5
3982,5
3983,5
3984,3
3985,2
3986,2
3987,6
3988,4
3989,3
3990,5
3991,5
3992,4
3993,5
3994,3
3995,5
3996,4
3997,3
3998,4
3999,5
4000,4
4001,2
4002,5
4003,3
4004,4
4005,5
4006,6
4007,4
4008,4
4009,2
4010,4
4011,3
4012,5
4013,4
4014,4
4015,3
4016,4
4017,6
4018,5
4019,5
4020,4
4021,3
4022,4
4023,4
4024,6
4025,6
4026,5
4027,3
4028,4
4029,4
4030,5
4031,5
4032,4
4033,3
4034,6
4035,4
4036,6
4037,5
4038,4
4039,6
4040,4
4041,4
4042,5
4043,5
4044,3
4045,3
4046,6
4047,6
4048,3
4049,4
4050,4
4051,4
4052,6
4053,5
4054,5
4055,1
4056,5
4057,6
4058,2
4059,4
4060,4
4061,3
4062,3
4063,6
4064,6
4065,5
4066,3
4067,5
4068,4
4069,5
4070,5
4071,4
4072,5
4073,6
4074,5
4075,4
4076,4
4077,6
4078,2
4079,3
4080,5
4081,5
4082,1
4083,4
4084,4
4085,4
4086,3
4087,3
4088,6
4089,4
4090,3
4091,4
4092,5
4093,4
4094,5
4095,4
4096,5
4097,6
4098,6
4099,4
4100,6
4101,4
4102,4
4103,5
4104,5
4105,6
4106,3
4107,3
4108,2
4109,2
4110,3
4111,3
4112,6
4113,5
4114,6
4115,5
4116,6
4117,6
4118,6
4119,4
4120,5
4121,4
4122,3
4123,1
4124,4
4125,2
4126,3
4127,2
4128,5
4129,5
4130,3
4131,2
4132,6
4133,2
4134,5
4135,5
4136,6
4137,5
4138,3
4139,3
4140,3
4141,5
4142,5
4143,4
4144,3
4145,6
4146,5
4147,4
4148,3
4149,1
4150,2
4151,4
4152,4
4153,4
4154,5
4155,5
4156,2
4157,3
4158,4
4159,4
4160,1
4161,5
4162,4
4163,6
4164,4
4165,4
4166,3
4167,5
4168,6
4169,6
4170,3
4171,4
4172,5
4173,3
4174,4
4175,2
4176,3
4177,4
4178,4
4179,5
4180,5
4181,6
4182,2
4183,4
4184,4
4185,2
4186,2
4187,4
4188,5
4189,6
4190,4
4191,6
4192,3
4193,5
4194,5
4195,5
4196,2
4197,2
4198,2
4199,4
4200,3
4201,3
4202,5
4203,5
4204,5
4205,4
4206,4
4207,3
4208,5
4209,4
4210,4
4211,2
4212,6
4213,5
4214,3
4215,4
4216,4
4217,4
4218,3
4219,6
4220,6
4221,4
4222,5
4223,4
4224,6
4225,4
4226,6
4227,6
4228,6
4229,5
4230,3
4231,4
4232,4
4233,4
4234,5
4235,3
4236,6
4237,5
4238,6
4239,5
4240,2
4241,6
4242,3
4243,4
4244,6
4245,4
4246,6
4247,3
4248,3
4249,5
4250,2
4251,4
4252,2
4253,5
4254,6
4255,4
4256,5
4257,5
4258,4
4259,5
4260,4
4261,6
4262,6
4263,3
4264,6
4265,6
4266,5
4267,6
4268,3
4269,5
4270,5
4271,6
4272,6
4273,3
4274,3
4275,4
4276,4
4277,4
4278,1
4279,6
4280,4
4281,2
4282,6
4283,5
4284,2
4285,1
4286,4
4287,3
4288,5
4289,1
4290,4
4291,4
4292,2
4293,4
4294,4
4295,6
4296,4
4297,5
4298,4
4299,4
4300,6
4301,5
4302,5
4303,6
4304,3
4305,4
4306,2
4307,4
4308,4
4309,3
4310,5
4311,3
4312,3
4313,2
4314,3
4315,6
4316,4
4317,4
4318,5
4319,3
4320,2
4321,3
4322,1
4323,4
4324,4
4325,3
4326,4
4327,3
4328,4
4329,5
4330,3
4331,6
4332,2
4333,6
4334,6
4335,6
4336,4
4337,4
4338,5
4339,4
4340,4
4341,5
4342,6
4343,4
4344,5
4345,2
4346,2
4347,3
4348,3
4349,1
4350,6
4351,5
4352,6
4353,4
4354,5
4355,3
4356,5
4357,4
4358,6
4359,4
4360,4
4361,5
4362,6
4363,2
4364,4
4365,5
4366,6
4367,5
4368,5
4369,2
4370,5
4371,6
4372,5
4373,4
4374,5
4375,4
4376,5
4377,3
4378,4
4379,5
4380,3
4381,4
4382,5
4383,4
4384,4
4385,3
4386,2
4387,5
4388,3
4389,6
4390,3
4391,3
4392,4
4393,4
4394,5
4395,6
4396,6
4397,5
4398,4
4399,5
4400,5
4401,5
4402,6
4403,2
4404,5
4405,4
4406,5
4407,5
4408,5
4409,5
4410,3
4411,5
4412,3
4413,2
4414,4
4415,5
4416,3
4417,5
4418,4
4419,5
4420,4
4421,3
4422,5
4423,5
4424,4
4425,4
4426,6
4427,5
4428,6
4429,3
4430,3
4431,4
4432,3
4433,4
4434,3
4435,6
4436,4
4437,6
4438,5
4439,6
4440,5
4441,4
4442,5
4443,4
4444,3
4445,3
4446,3
4447,3
4448,6
4449,4
4450,3
4451,4
4452,4
4453,4
4454,5
4455,3
4456,1
4457,3
4458,5
4459,5
4460,3
4461,6
4462,6
4463,4
4464,6
4465,2
4466,5
4467,5
4468,5
4469,5
4470,5
4471,5
4472,4
4473,6
4474,6
4475,5
4476,5
4477,4
4478,4
4479,3
4480,4
4481,3
4482,5
4483,4
4484,3
4485,5
4486,4
4487,5
4488,4
4489,4
4490,4
4491,5
4492,5
4493,5
4494,3
4495,5
4496,6
4497,5
4498,3
4499,1
4500,4
4501,2
4502,5
4503,5
4504,5
4505,5
4506,6
4507,2
4508,4
4509,3
4510,6
4511,6
4512,6
4513,3
4514,1
4515,4
4516,4
4517,3
4518,5
4519,4
4520,3
4521,4
4522,5
4523,4
4524,6
4525,5
4526,4
4527,3
4528,3
4529,4
4530,1
4531,6
4532,5
4533,5
4534,5
4535,4
4536,6
4537,5
4538,3
4539,4
4540,6
4541,5
4542,5
4543,5
4544,5
4545,3
4546,6
4547,3
4548,2
4549,4
4550,4
4551,6
4552,5
4553,4
4554,5
4555,4
4556,4
4557,5
4558,4
4559,5
4560,2
4561,3
4562,2
4563,4
4564,3
4565,3
4566,3
4567,2
4568,5
4569,5
4570,5
4571,5
4572,4
4573,6
4574,5
4575,5
4576,4
4577,5
4578,6
4579,3
4580,4
4581,3
4582,6
4583,5
4584,6
4585,6
4586,4
4587,3
4588,4
4589,5
4590,5
4591,5
4592,4
4593,1
4594,4
4595,3
4596,6
4597,6
4598,1
4599,5
4600,1
4601,5
4602,5
4603,4
4604,3
4605,4
4606,3
4607,5
4608,5
4609,5
4610,6
4611,4
4612,4
4613,5
4614,1
4615,5
4616,5
4617,5
4618,4
4619,5
4620,5
4621,6
4622,4
4623,3
4624,6
4625,4
4626,4
4627,4
4628,3
4629,3
4630,4
4631,5
4632,4
4633,4
4634,3
4635,4
4636,1
4637,4
4638,6
4639,3
4640,5
4641,3
4642,6
4643,5
4644,4
4645,2
4646,4
4647,4
4648,4
4649,4
4650,6
4651,2
4652,1
4653,4
4654,5
4655,3
4656,6
4657,4
4658,6
4659,4
4660,4
4661,1
4662,5
4663,3
4664,3
4665,6
4666,1
4667,4
4668,4
4669,3
4670,2
4671,6
4672,6
4673,6
4674,3
4675,4
4676,5
4677,6
4678,5
4679,5
4680,2
4681,6
4682,2
4683,6
4684,5
4685,4
4686,6
4687,4
4688,6
4689,5
4690,4
4691,4
4692,4
4693,2
4694,4
4695,5
4696,5
4697,6
4698,4
4699,5
4700,2
4701,5
4702,5
4703,5
4704,1
4705,2
4706,6
4707,6
4708,5
4709,5
4710,6
4711,5
4712,5
4713,5
4714,5
4715,5
4716,3
4717,4
4718,5
4719,4
4720,6
4721,6
4722,4
4723,3
4724,4
4725,3
4726,5
4727,4
4728,4
4729,3
4730,6
4731,4
4732,5
4733,5
4734,4
4735,2
4736,4
4737,4
4738,5
4739,5
4740,4
4741,4
4742,5
4743,3
4744,3
4745,4
4746,4
4747,5
4748,5
4749,6
4750,5
4751,3
4752,3
4753,5
4754,4
4755,5
4756,5
4757,4
4758,5
4759,4
4760,6
4761,3
4762,1
4763,6
4764,5
4765,4
4766,5
4767,2
4768,6
4769,4
4770,6
4771,4
4772,4
4773,4
4774,4
4775,6
4776,4
4777,6
4778,5
4779,5
4780,3
4781,5
4782,5
4783,5
4784,4
4785,3
4786,4
4787,3
4788,5
4789,3
4790,3
4791,4
4792,5
4793,6
4794,4
4795,4
4796,6
4797,6
4798,6
4799,6
4800,3
4801,5
4802,4
4803,3
4804,3
4805,2
4806,6
4807,2
4808,4
4809,5
4810,6
4811,5
4812,2
4813,6
4814,4
4815,5
4816,3
4817,6
4818,3
4819,4
4820,5
4821,3
4822,3
4823,5
4824,5
4825,6
4826,4
4827,5
4828,6
4829,6
4830,2
4831,3
4832,5
4833,4
4834,5
4835,5
4836,2
4837,3
4838,3
4839,5
4840,4
4841,4
4842,5
4843,3
4844,4
4845,3
4846,5
4847,6
4848,6
4849,2
4850,2
4851,4
4852,4
4853,4
4854,6
4855,6
4856,3
4857,5
4858,2
4859,3
4860,2
4861,4
4862,5
4863,4
4864,5
4865,5
4866,4
4867,5
4868,4
4869,4
4870,4
4871,6
4872,4
4873,3
4874,3
4875,4
4876,5
4877,0
4878,4
4879,3
4880,5
4881,5
4882,5
4883,3
4884,5
4885,6
4886,3
4887,5
4888,4
4889,6
4890,6
4891,2
4892,6
4893,3
4894,4
4895,4
4896,5
4897,4
4898,6
4899,5
4900,4
4901,5
4902,4
4903,5
4904,4
4905,6
4906,6
4907,5
4908,3
4909,5
4910,5
4911,5
4912,4
4913,4
4914,5
4915,6
4916,3
4917,4
4918,5
4919,5
4920,5
4921,6
4922,4
4923,4
4924,5
4925,6
4926,5
4927,2
4928,4
4929,3
4930,4
4931,4
4932,3
4933,5
4934,3
4935,3
4936,4
4937,4
4938,2
4939,5
4940,4
4941,5
4942,5
4943,6
4944,2
4945,5
4946,4
4947,2
4948,4
4949,4
4950,5
4951,5
4952,6
4953,6
4954,2
4955,6
4956,5
4957,2
4958,3
4959,5
4960,5
4961,3
4962,6
4963,4
4964,3
4965,5
4966,5
4967,5
4968,6
4969,3
4970,6
4971,3
4972,6
4973,3
4974,3
4975,3
4976,4
4977,1
4978,5
4979,3
4980,6
4981,4
4982,4
4983,4
4984,5
4985,4
4986,6
4987,4
4988,2
4989,3
4990,6
4991,5
4992,5
4993,4
4994,5
4995,4
4996,5
4997,4
4998,4
4999,5
5000,1
5001,2
5002,5
5003,6
5004,3
5005,1
5006,4
5007,3
5008,4
5009,4
5010,3
5011,2
5012,5
5013,4
5014,2
5015,5
5016,2
5017,0
5018,4
5019,2
5020,4
5021,3
5022,2
5023,4
5024,3
5025,4
5026,3
5027,3
5028,4
5029,3
5030,5
5031,5
5032,4
5033,2
5034,1
5035,2
5036,2
5037,1
5038,4
5039,1
5040,4
5041,4
5042,4
5043,4
5044,3
5045,4
5046,3
5047,3
5048,5
5049,3
5050,0
5051,2
5052,3
5053,0
5054,3
5055,4
5056,2
5057,1
5058,2
5059,3
5060,5
5061,4
5062,3
5063,3
5064,3
5065,3
5066,2
5067,2
5068,4
5069,2
5070,3
5071,2
5072,2
5073,4
5074,3
5075,4
5076,2
5077,2
5078,1
5079,5
5080,4
5081,2
5082,6
5083,2
5084,2
5085,6
5086,2
5087,3
5088,3
5089,4
5090,2
5091,3
5092,1
5093,3
5094,3
5095,4
5096,2
5097,4
5098,1
5099,3
5100,1
5101,1
5102,3
5103,2
5104,0
5105,6
5106,3
5107,5
5108,3
5109,3
5110,3
5111,3
5112,4
5113,5
5114,4
5115,4
5116,1
5117,4
5118,4
5119,4
5120,4
5121,4
5122,3
5123,3
5124,2
5125,3
5126,3
5127,4
5128,2
5129,2
5130,1
5131,2
5132,4
5133,4
5134,4
5135,1
5136,5
5137,3
5138,4
5139,1
5140,3
5141,2
5142,5
5143,3
5144,2
5145,2
5146,4
5147,2
5148,5
5149,4
5150,6
5151,2
5152,4
5153,2
5154,4
5155,1
5156,2
5157,3
5158,3
5159,1
5160,3
5161,4
5162,3
5163,2
5164,4
5165,2
5166,5
5167,3
5168,5
5169,3
5170,2
5171,2
5172,4
5173,5
5174,2
5175,2
5176,5
5177,4
5178,2
5179,3
5180,0
5181,1
5182,4
5183,2
5184,3
5185,2
5186,5
5187,6
5188,5
5189,1
5190,2
5191,4
5192,3
5193,6
5194,2
5195,1
5196,4
5197,2
5198,3
5199,4
5200,4
5201,2
5202,3
5203,5
5204,1
5205,1
5206,2
5207,2
5208,2
5209,2
5210,3
5211,2
5212,2
5213,3
5214,4
5215,2
5216,1
5217,4
5218,4
5219,2
5220,1
5221,4
5222,3
5223,3
5224,2
5225,1
5226,3
5227,1
5228,3
5229,2
5230,6
5231,2
5232,2
5233,4
5234,1
5235,3
5236,4
5237,4
5238,4
5239,3
5240,5
5241,3
5242,4
5243,2
5244,3
5245,4
5246,3
5247,2
5248,3
5249,4
5250,4
5251,5
5252,3
5253,2
5254,4
5255,2
5256,5
5257,5
5258,5
5259,1
5260,1
5261,2
5262,1
5263,3
5264,1
5265,3
5266,3
5267,2
5268,1
5269,3
5270,4
5271,3
5272,3
5273,5
5274,3
5275,4
5276,3
5277,4
5278,4
5279,2
5280,4
5281,3
5282,4
5283,4
5284,1
5285,4
5286,2
5287,3
5288,2
5289,4
5290,4
5291,4
5292,2
5293,3
5294,5
5295,4
5296,2
5297,2
5298,1
5299,2
5300,3
5301,3
5302,4
5303,3
5304,4
5305,2
5306,1
5307,5
5308,4
5309,3
5310,2
5311,5
5312,4
5313,4
5314,2
5315,1
5316,3
5317,4
5318,4
5319,1
5320,3
5321,3
5322,4
5323,3
5324,5
5325,4
5326,3
5327,1
5328,3
5329,1
5330,3
5331,4
5332,3
5333,3
5334,5
5335,2
5336,1
5337,2
5338,3
5339,4
5340,4
5341,1
5342,6
5343,2
5344,6
5345,3
5346,2
5347,2
5348,4
5349,5
5350,2
5351,1
5352,4
5353,2
5354,2
5355,4
5356,3
5357,2
5358,4
5359,4
5360,4
5361,2
5362,5
5363,1
5364,2
5365,3
5366,3
5367,2
5368,4
5369,3
5370,3
5371,0
5372,1
5373,5
5374,2
5375,4
5376,5
5377,4
5378,3
5379,1
5380,2
5381,2
5382,3
5383,4
5384,5
5385,5
5386,4
5387,1
5388,5
5389,2
5390,4
5391,3
5392,0
5393,5
5394,4
5395,2
5396,3
5397,1
5398,1
5399,2
5400,5
5401,1
5402,2
5403,1
5404,3
5405,4
5406,5
5407,2
5408,4
5409,2
5410,4
5411,4
5412,1
5413,1
5414,4
5415,6
5416,2
5417,2
5418,3
5419,3
5420,4
5421,1
5422,3
5423,2
5424,4
5425,3
5426,4
5427,3
5428,4
5429,2
5430,1
5431,5
5432,3
5433,0
5434,5
5435,2
5436,0
5437,3
5438,2
5439,2
5440,4
5441,2
5442,3
5443,2
5444,4
5445,5
5446,2
5447,3
5448,3
5449,6
5450,3
5451,5
5452,2
5453,0
5454,3
5455,3
5456,6
5457,1
5458,2
5459,4
5460,4
5461,4
5462,4
5463,2
5464,2
5465,2
5466,6
5467,4
5468,4
5469,2
5470,6
5471,5
5472,3
5473,3
5474,3
5475,2
5476,6
5477,3
5478,2
5479,4
5480,2
5481,3
5482,4
5483,3
5484,4
5485,5
5486,3
5487,2
5488,4
5489,5
5490,3
5491,1
5492,4
5493,3
5494,5
5495,3
5496,3
5497,5
5498,4
5499,3
5500,2
5501,3
5502,1
5503,2
5504,3
5505,3
5506,2
5507,1
5508,1
5509,5
5510,2
5511,4
5512,2
5513,3
5514,3
5515,4
5516,2
5517,5
5518,2
5519,4
5520,2
5521,2
5522,3
5523,0
5524,4
5525,2
5526,2
5527,2
5528,4
5529,4
5530,5
5531,3
5532,3
5533,3
5534,4
5535,2
5536,3
5537,3
5538,4
5539,4
5540,0
5541,3
5542,1
5543,5
5544,3
5545,4
5546,4
5547,5
5548,2
5549,1
5550,4
5551,1
5552,2
5553,1
5554,1
5555,2
5556,2
5557,4
5558,4
5559,2
5560,4
5561,5
5562,4
5563,4
5564,4
5565,2
5566,2
5567,2
5568,2
5569,2
5570,3
5571,1
5572,2
5573,4
5574,3
5575,4
5576,1
5577,3
5578,3
5579,4
5580,5
5581,2
5582,2
5583,2
5584,6
5585,3
5586,2
5587,5
5588,3
5589,3
5590,1
5591,3
5592,3
5593,3
5594,2
5595,2
5596,1
5597,3
5598,1
5599,1
5600,4
5601,5
5602,1
5603,5
5604,3
5605,4
5606,3
5607,2
5608,1
5609,3
5610,3
5611,4
5612,5
5613,2
5614,3
5615,2
5616,3
5617,3
5618,2
5619,4
5620,3
5621,2
5622,5
5623,2
5624,2
5625,5
5626,3
5627,1
5628,4
5629,3
5630,2
5631,5
5632,2
5633,3
5634,4
5635,2
5636,1
5637,2
5638,2
5639,3
5640,2
5641,0
5642,4
5643,4
5644,5
5645,3
5646,3
5647,0
5648,2
5649,1
5650,6
5651,2
5652,4
5653,3
5654,3
5655,1
5656,4
5657,1
5658,2
5659,5
5660,4
5661,3
5662,4
5663,4
5664,2
5665,4
5666,1
5667,2
5668,2
5669,3
5670,3
5671,4
5672,3
5673,5
5674,3
5675,4
5676,3
5677,1
5678,2
5679,3
5680,3
5681,1
5682,4
5683,4
5684,2
5685,2
5686,3
5687,2
5688,1
5689,5
5690,3
5691,3
5692,2
5693,4
5694,5
5695,1
5696,2
5697,3
5698,3
5699,4
5700,3
5701,3
5702,3
5703,5
5704,4
5705,2
5706,4
5707,4
5708,3
5709,2
5710,1
5711,3
5712,4
5713,2
5714,4
5715,2
5716,2
5717,1
5718,3
5719,2
5720,1
5721,3
5722,3
5723,6
5724,1
5725,2
5726,3
5727,1
5728,3
5729,3
5730,3
5731,2
5732,3
5733,4
5734,2
5735,5
5736,2
5737,2
5738,3
5739,4
5740,2
5741,3
5742,6
5743,3
5744,4
5745,5
5746,2
5747,2
5748,3
5749,1
5750,2
5751,3
5752,3
5753,2
5754,1
5755,3
5756,2
5757,4
5758,5
5759,1
5760,2
5761,5
5762,1
5763,3
5764,2
5765,4
5766,0
5767,3
5768,4
5769,2
5770,4
5771,0
5772,4
5773,3
5774,2
5775,2
5776,5
5777,5
5778,4
5779,6
5780,6
5781,3
5782,5
5783,5
5784,4
5785,4
5786,2
5787,2
5788,1
5789,4
5790,2
5791,1
5792,3
5793,3
5794,2
5795,2
5796,3
5797,3
5798,3
5799,2
5800,5
5801,5
5802,3
5803,3
5804,3
5805,4
5806,2
5807,3
5808,6
5809,2
5810,4
5811,3
5812,4
5813,2
5814,2
5815,1
5816,4
5817,1
5818,2
5819,4
5820,2
5821,3
5822,2
5823,1
5824,4
5825,2
5826,3
5827,2
5828,5
5829,6
5830,2
5831,5
5832,4
5833,1
5834,3
5835,4
5836,2
5837,3
5838,4
5839,3
5840,2
5841,3
5842,1
5843,1
5844,5
5845,3
5846,1
5847,4
5848,4
5849,4
5850,1
5851,4
5852,5
5853,3
5854,2
5855,4
5856,3
5857,3
5858,1
5859,3
5860,3
5861,3
5862,3
5863,5
5864,3
5865,4
5866,5
5867,2
5868,4
5869,5
5870,4
5871,2
5872,2
5873,6
5874,1
5875,4
5876,1
5877,4
5878,6
5879,3
5880,3
5881,2
5882,2
5883,4
5884,3
5885,3
5886,5
5887,4
5888,4
5889,5
5890,1
5891,2
5892,2
5893,3
5894,4
5895,1
5896,4
5897,4
5898,2
5899,5
5900,2
5901,4
5902,5
5903,2
5904,4
5905,0
5906,4
5907,2
5908,1
5909,4
5910,3
5911,3
5912,5
5913,4
5914,1
5915,1
5916,4
5917,5
5918,1
5919,5
5920,3
5921,3
5922,4
5923,3
5924,4
5925,2
5926,5
5927,1
5928,1
5929,0
5930,3
5931,4
5932,3
5933,1
5934,4
5935,4
5936,3
5937,3
5938,5
5939,3
5940,2
5941,3
5942,3
5943,4
5944,1
5945,4
5946,3
5947,1
5948,1
5949,3
5950,4
5951,3
5952,2
5953,3
5954,2
5955,1
5956,1
5957,2
5958,5
5959,3
5960,2
5961,5
5962,2
5963,5
5964,4
5965,4
5966,1
5967,4
5968,1
5969,4
5970,3
5971,1
5972,4
5973,3
5974,3
5975,3
5976,1
5977,4
5978,4
5979,3
5980,4
5981,4
5982,0
5983,3
5984,3
5985,1
5986,4
5987,1
5988,2
5989,3
5990,2
5991,2
5992,5
5993,3
5994,4
5995,3
5996,2
5997,1
5998,4
5999,3
6000,3
6001,3
6002,3
6003,3
6004,2
6005,1
6006,1
6007,2
6008,6
6009,2
6010,2
6011,3
6012,4
6013,5
6014,2
6015,2
6016,2
6017,4
6018,6
6019,1
6020,5
6021,3
6022,4
6023,4
6024,4
6025,4
6026,2
6027,5
6028,5
6029,3
6030,3
6031,4
6032,2
6033,2
6034,4
6035,1
6036,3
6037,3
6038,0
6039,4
6040,2
6041,5
6042,3
6043,0
6044,4
6045,2
6046,4
6047,1
6048,6
6049,5
6050,2
6051,4
6052,4
6053,5
6054,0
6055,3
6056,0
6057,3
6058,2
6059,1
6060,2
6061,3
6062,1
6063,4
6064,1
6065,5
6066,5
6067,2
6068,2
6069,1
6070,3
6071,4
6072,3
6073,5
6074,3
6075,3
6076,2
6077,5
6078,5
6079,3
6080,3
6081,2
6082,3
6083,6
6084,6
6085,2
6086,2
6087,2
6088,4
6089,2
6090,2
6091,4
6092,1
6093,1
6094,3
6095,4
6096,5
6097,2
6098,2
6099,3
6100,2
6101,3
6102,3
6103,4
6104,3
6105,4
6106,2
6107,3
6108,0
6109,3
6110,2
6111,4
6112,1
6113,3
6114,3
6115,4
6116,2
6117,1
6118,1
6119,1
6120,2
6121,2
6122,0
6123,2
6124,2
6125,2
6126,6
6127,5
6128,2
6129,3
6130,2
6131,2
6132,4
6133,4
6134,5
6135,4
6136,3
6137,4
6138,0
6139,2
6140,3
6141,5
6142,1
6143,3
6144,2
6145,1
6146,2
6147,1
6148,5
6149,3
6150,1
6151,5
6152,3
6153,3
6154,1
6155,0
6156,3
6157,4
6158,3
6159,0
6160,2
6161,4
6162,3
6163,3
6164,5
6165,0
6166,2
6167,3
6168,4
6169,5
6170,4
6171,1
6172,3
6173,3
6174,4
6175,4
6176,3
6177,4
6178,3
6179,2
6180,4
6181,4
6182,3
6183,2
6184,1
6185,4
6186,3
6187,4
6188,2
6189,2
6190,2
6191,4
6192,3
6193,0
6194,5
6195,3
6196,2
6197,5
6198,4
6199,2
6200,2
6201,3
6202,3
6203,1
6204,2
6205,5
6206,2
6207,4
6208,5
6209,3
6210,6
6211,4
6212,3
6213,3
6214,2
6215,3
6216,2
6217,4
6218,2
6219,5
6220,4
6221,5
6222,3
6223,3
6224,3
6225,2
6226,5
6227,5
6228,2
6229,2
6230,4
6231,3
6232,1
6233,6
6234,3
6235,4
6236,4
6237,4
6238,1
6239,2
6240,3
6241,4
6242,3
6243,5
6244,6
6245,2
6246,2
6247,6
6248,2
6249,2
6250,3
6251,2
6252,3
6253,0
6254,3
6255,5
6256,2
6257,3
6258,4
6259,2
6260,5
6261,2
6262,3
6263,3
6264,1
6265,1
6266,3
6267,5
6268,4
6269,3
6270,3
6271,3
6272,4
6273,3
6274,4
6275,5
6276,2
6277,3
6278,5
6279,6
6280,3
6281,3
6282,1
6283,6
6284,3
6285,5
6286,3
6287,6
6288,3
6289,4
6290,5
6291,2
6292,4
6293,1
6294,3
6295,1
6296,3
6297,4
6298,3
6299,2
6300,4
6301,2
6302,3
6303,5
6304,2
6305,2
6306,1
6307,2
6308,5
6309,4
6310,3
6311,4
6312,2
6313,4
6314,3
6315,1
6316,0
6317,3
6318,3
6319,1
6320,3
6321,3
6322,5
6323,4
6324,4
6325,3
6326,2
6327,6
6328,3
6329,1
6330,3
6331,4
6332,3
6333,4
6334,2
6335,1
6336,2
6337,3
6338,2
6339,2
6340,2
6341,5
6342,2
6343,3
6344,3
6345,4
6346,2
6347,3
6348,5
6349,2
6350,1
6351,3
6352,3
6353,3
6354,3
6355,3
6356,3
6357,4
6358,4
6359,3
6360,2
6361,3
6362,2
6363,3
6364,5
6365,3
6366,4
6367,1
6368,4
6369,1
6370,5
6371,4
6372,2
6373,2
6374,5
6375,3
6376,6
6377,2
6378,4
6379,5
6380,4
6381,2
6382,2
6383,1
6384,4
6385,4
6386,1
6387,2
6388,3
6389,1
6390,1
6391,4
6392,3
6393,4
6394,2
6395,4
6396,3
6397,3
6398,0
6399,4
6400,4
6401,2
6402,0
6403,1
6404,3
6405,3
6406,2
6407,3
6408,3
6409,3
6410,5
6411,1
6412,1
6413,2
6414,2
6415,2
6416,1
6417,3
6418,4
6419,3
6420,4
6421,2
6422,1
6423,2
6424,6
6425,0
6426,3
6427,2
6428,3
6429,0
6430,1
6431,5
6432,5
6433,3
6434,3
6435,4
6436,4
6437,5
6438,4
6439,1
6440,4
6441,5
6442,2
6443,3
6444,1
6445,3
6446,5
6447,5
6448,4
6449,4
6450,1
6451,5
6452,4
6453,4
6454,6
6455,1
6456,3
6457,3
6458,4
6459,2
6460,2
6461,5
6462,3
6463,3
6464,0
6465,4
6466,1
6467,5
6468,4
6469,1
6470,4
6471,1
6472,3
6473,4
6474,2
6475,3
6476,5
6477,2
6478,4
6479,4
6480,2
6481,4
6482,3
6483,4
6484,2
6485,1
6486,3
6487,2
6488,5
6489,2
6490,4
6491,2
6492,4
6493,3
6494,3
6495,3
6496,3
6497,3
6498,2
6499,4
6500,2
6501,4
6502,3
6503,3
6504,1
6505,3
6506,5
6507,2
6508,1
6509,2
6510,3
6511,2
6512,4
6513,2
6514,4
6515,3
6516,1
6517,4
6518,4
6519,2
6520,2
6521,1
6522,4
6523,3
6524,1
6525,3
6526,4
6527,5
6528,2
6529,3
6530,4
6531,5
6532,3
6533,4
6534,3
6535,3
6536,3
6537,3
6538,2
6539,3
6540,4
6541,4
6542,2
6543,5
6544,1
6545,3
6546,4
6547,3
6548,1
6549,3
6550,5
6551,3
6552,1
6553,4
6554,2
6555,3
6556,3
6557,0
6558,2
6559,3
6560,3
6561,4
6562,1
6563,1
6564,1
6565,2
6566,4
6567,4
6568,2
6569,2
6570,5
6571,1
6572,4
6573,6
6574,1
6575,3
6576,3
6577,4
6578,5
6579,1
6580,3
6581,1
6582,2
6583,1
6584,6
6585,2
6586,2
6587,3
6588,2
6589,2
6590,3
6591,2
6592,3
6593,1
6594,2
6595,4
6596,2
6597,3
6598,5
6599,3
6600,2
6601,3
6602,0
6603,4
6604,3
6605,4
6606,1
6607,3
6608,5
6609,2
6610,3
6611,2
6612,4
6613,3
6614,2
6615,0
6616,4
6617,4
6618,5
6619,2
6620,1
6621,2
6622,2
6623,4
6624,4
6625,4
6626,4
6627,2
6628,3
6629,4
6630,2
6631,2
6632,3
6633,1
6634,4
6635,5
6636,4
6637,3
6638,4
6639,4
6640,3
6641,4
6642,2
6643,2
6644,3
6645,3
6646,1
6647,3
6648,3
6649,4
6650,4
6651,3
6652,4
6653,3
6654,3
6655,1
6656,3
6657,4
6658,3
6659,3
6660,5
6661,4
6662,1
6663,2
6664,3
6665,3
6666,3
6667,2
6668,3
6669,3
6670,2
6671,3
6672,4
6673,3
6674,1
6675,4
6676,6
6677,1
6678,3
6679,3
6680,2
6681,2
6682,6
6683,3
6684,3
6685,3
6686,5
6687,3
6688,3
6689,3
6690,5
6691,2
6692,4
6693,1
6694,3
6695,3
6696,4
6697,2
6698,2
6699,1
6700,2
6701,3
6702,2
6703,2
6704,2
6705,3
6706,2
6707,5
6708,2
6709,2
6710,5
6711,2
6712,3
6713,2
6714,1
6715,3
6716,3
6717,3
6718,4
6719,1
6720,2
6721,4
6722,2
6723,1
6724,1
6725,4
6726,1
6727,2
6728,2
6729,2
6730,3
6731,5
6732,2
6733,3
6734,6
6735,3
6736,3
6737,3
6738,4
6739,2
6740,2
6741,2
6742,3
6743,4
6744,2
6745,1
6746,4
6747,4
6748,5
6749,3
6750,3
6751,1
6752,2
6753,2
6754,3
6755,5
6756,0
6757,1
6758,1
6759,3
6760,0
6761,1
6762,2
6763,3
6764,3
6765,3
6766,3
6767,2
6768,1
6769,1
6770,3
6771,3
6772,2
6773,3
6774,2
6775,3
6776,5
6777,2
6778,1
6779,4
6780,2
6781,3
6782,3
6783,3
6784,2
6785,2
6786,5
6787,2
6788,1
6789,1
6790,5
6791,2
6792,2
6793,2
6794,3
6795,1
6796,2
6797,0
6798,3
6799,3
6800,4
6801,3
6802,1
6803,2
6804,4
6805,4
6806,2
6807,4
6808,3
6809,3
6810,5
6811,1
6812,1
6813,1
6814,6
6815,3
6816,2
6817,2
6818,4
6819,5
6820,1
6821,1
6822,3
6823,4
6824,4
6825,0
6826,3
6827,4
6828,5
6829,4
6830,5
6831,4
6832,3
6833,3
6834,3
6835,4
6836,1
6837,2
6838,1
6839,3
6840,3
6841,1
6842,4
6843,2
6844,2
6845,6
6846,3
6847,4
6848,2
6849,3
6850,2
6851,4
6852,3
6853,3
6854,3
6855,2
6856,3
6857,2
6858,2
6859,4
6860,5
6861,3
6862,5
6863,6
6864,3
6865,5
6866,3
6867,2
6868,2
6869,1
6870,1
6871,2
6872,1
6873,4
6874,3
6875,2
6876,3
6877,1
6878,0
6879,2
6880,1
6881,4
6882,3
6883,3
6884,3
6885,5
6886,3
6887,5
6888,4
6889,2
6890,1
6891,3
6892,4
6893,2
6894,4
6895,1
6896,2
6897,6
6898,1
6899,4
6900,4
6901,4
6902,4
6903,2
6904,2
6905,2
6906,4
6907,1
6908,3
6909,2
6910,1
6911,5
6912,1
6913,5
6914,3
6915,2
6916,1
6917,3
6918,2
6919,2
6920,3
6921,4
6922,4
6923,4
6924,4
6925,5
6926,4
6927,3
6928,2
6929,2
6930,2
6931,2
6932,2
6933,3
6934,3
6935,0
6936,2
6937,4
6938,1
6939,3
6940,2
6941,1
6942,3
6943,4
6944,2
6945,4
6946,2
6947,3
6948,3
6949,2
6950,4
6951,2
6952,5
6953,4
6954,4
6955,5
6956,2
6957,1
6958,2
6959,5
6960,3
6961,3
6962,3
6963,3
6964,1
6965,4
6966,2
6967,4
6968,1
6969,5
6970,4
6971,2
6972,2
6973,1
6974,3
6975,4
6976,4
6977,4
6978,4
6979,1
6980,4
6981,2
6982,4
6983,4
6984,3
6985,3
6986,4
6987,4
6988,4
6989,0
6990,3
6991,2
6992,0
6993,3
6994,4
6995,4
6996,2
6997,5
6998,4
6999,1
7000,3
7001,2
7002,2
7003,2
7004,5
7005,3
7006,3
7007,4
7008,1
7009,1
7010,5
7011,4
7012,2
7013,4
7014,3
7015,4
7016,3
7017,3
7018,2
7019,5
7020,2
7021,4
7022,1
7023,4
7024,1
7025,1
7026,2
7027,2
7028,1
7029,5
7030,3
7031,4
7032,4
7033,2
7034,3
7035,5
7036,2
7037,2
7038,3
7039,3
7040,1
7041,3
7042,2
7043,5
7044,2
7045,2
7046,6
7047,4
7048,3
7049,6
7050,3
7051,2
7052,3
7053,2
7054,4
7055,2
7056,2
7057,2
7058,3
7059,3
7060,4
7061,2
7062,1
7063,5
7064,3
7065,4
7066,4
7067,3
7068,3
7069,0
7070,2
7071,4
7072,3
7073,4
7074,3
7075,2
7076,4
7077,2
7078,3
7079,1
7080,3
7081,3
7082,5
7083,3
7084,0
7085,6
7086,4
7087,2
7088,2
7089,2
7090,0
7091,5
7092,0
7093,3
7094,4
7095,4
7096,4
7097,5
7098,3
7099,3
7100,5
7101,2
7102,1
7103,1
7104,3
7105,3
7106,2
7107,0
7108,4
7109,3
7110,1
7111,3
7112,4
7113,2
7114,3
7115,3
7116,0
7117,2
7118,3
7119,1
7120,2
7121,4
7122,3
7123,4
7124,2
7125,2
7126,1
7127,3
7128,2
7129,3
7130,3
7131,4
7132,3
7133,5
7134,3
7135,2
7136,1
7137,2
7138,5
7139,2
7140,2
7141,2
7142,2
7143,1
7144,5
7145,0
7146,4
7147,3
7148,4
7149,3
7150,1
7151,2
7152,5
7153,0
7154,2
7155,1
7156,1
7157,3
7158,3
7159,3
7160,5
7161,3
7162,3
7163,2
7164,3
7165,1
7166,5
7167,4
7168,5
7169,3
7170,4
7171,4
7172,2
7173,4
7174,4
7175,5
7176,2
7177,3
7178,1
7179,4
7180,2
7181,4
7182,2
7183,4
7184,2
7185,3
7186,1
7187,4
7188,2
7189,2
7190,3
7191,4
7192,4
7193,2
7194,2
7195,5
7196,1
7197,5
7198,4
7199,4
7200,3
7201,5
7202,4
7203,4
7204,4
7205,3
7206,2
7207,6
7208,3
7209,2
7210,3
7211,4
7212,3
7213,4
7214,2
7215,4
7216,3
7217,4
7218,1
7219,4
7220,3
7221,2
7222,1
7223,3
7224,4
7225,4
7226,6
7227,2
7228,3
7229,2
7230,3
7231,4
7232,2
7233,2
7234,1
7235,2
7236,4
7237,0
7238,3
7239,3
7240,1
7241,3
7242,2
7243,6
7244,5
7245,4
7246,4
7247,2
7248,4
7249,1
7250,5
7251,5
7252,3
7253,4
7254,4
7255,5
7256,2
7257,3
7258,3
7259,2
7260,4
7261,0
7262,1
7263,5
7264,4
7265,3
7266,3
7267,0
7268,3
7269,2
7270,3
7271,2
7272,6
7273,3
7274,2
7275,4
7276,2
7277,4
7278,5
7279,3
7280,5
7281,0
7282,4
7283,5
7284,4
7285,4
7286,3
7287,3
7288,5
7289,3
7290,2
7291,1
7292,0
7293,2
7294,3
7295,2
7296,3
7297,2
7298,4
7299,4
7300,1
7301,4
7302,6
7303,2
7304,5
7305,3
7306,2
7307,1
7308,2
7309,3
7310,5
7311,2
7312,2
7313,2
7314,5
7315,4
7316,3
7317,2
7318,3
7319,3
7320,3
7321,1
7322,3
7323,4
7324,3
7325,3
7326,2
7327,2
7328,2
7329,4
7330,5
7331,1
7332,4
7333,4
7334,1
7335,3
7336,3
7337,3
7338,2
7339,2
7340,1
7341,2
7342,6
7343,2
7344,2
7345,3
7346,3
7347,2
7348,6
7349,4
7350,2
7351,2
7352,3
7353,2
7354,3
7355,4
7356,3
7357,1
7358,4
7359,5
7360,5
7361,4
7362,3
7363,4
7364,2
7365,3
7366,5
7367,2
7368,1
7369,5
7370,3
7371,2
7372,2
7373,4
7374,3
7375,3
7376,4
7377,3
7378,2
7379,1
7380,3
7381,5
7382,0
7383,6
7384,5
7385,2
7386,3
7387,4
7388,5
7389,5
7390,5
7391,2
7392,1
7393,4
7394,5
7395,2
7396,1
7397,3
7398,3
7399,3
7400,3
7401,4
7402,5
7403,3
7404,3
7405,1
7406,2
7407,4
7408,1
7409,4
7410,5
7411,3
7412,3
7413,3
7414,4
7415,5
7416,3
7417,3
7418,6
7419,4
7420,2
7421,4
7422,5
7423,4
7424,0
7425,1
7426,1
7427,1
7428,3
7429,2
7430,3
7431,1
7432,2
7433,3
7434,3
7435,1
7436,3
7437,2
7438,2
7439,1
7440,2
7441,5
7442,2
7443,1
7444,2
7445,3
7446,2
7447,3
7448,3
7449,2
7450,1
7451,4
7452,4
7453,3
7454,4
7455,3
7456,3
7457,0
7458,1
7459,1
7460,2
7461,1
7462,3
7463,5
7464,2
7465,0
7466,4
7467,1
7468,0
7469,3
7470,2
7471,3
7472,2
7473,2
7474,1
7475,2
7476,4
7477,3
7478,2
7479,4
7480,5
7481,2
7482,2
7483,4
7484,4
7485,5
7486,2
7487,3
7488,2
7489,3
7490,2
7491,4
7492,2
7493,3
7494,1
7495,3
7496,4
7497,4
7498,4
7499,2
7500,4
7501,3
7502,4
7503,4
7504,5
7505,3
7506,6
7507,4
7508,2
7509,2
7510,3
7511,3
7512,1
7513,3
7514,4
7515,2
7516,3
7517,4
7518,2
7519,2
7520,2
7521,5
7522,3
7523,3
7524,2
7525,2
7526,5
7527,3
7528,0
7529,4
7530,2
7531,4
7532,2
7533,2
7534,3
7535,6
7536,4
7537,3
7538,4
7539,3
7540,4
7541,3
7542,3
7543,3
7544,3
7545,4
7546,4
7547,4
7548,4
7549,3
7550,3
7551,3
7552,4
7553,4
7554,4
7555,3
7556,4
7557,2
7558,4
7559,3
7560,2
7561,3
7562,3
7563,5
7564,4
7565,2
7566,6
7567,3
7568,5
7569,4
7570,1
7571,2
7572,3
7573,5
7574,3
7575,3
7576,1
7577,4
7578,3
7579,2
7580,1
7581,4
7582,3
7583,2
7584,2
7585,1
7586,3
7587,3
7588,3
7589,2
7590,1
7591,3
7592,3
7593,4
7594,2
7595,2
7596,2
7597,2
7598,4
7599,1
7600,2
7601,1
7602,3
7603,3
7604,4
7605,3
7606,4
7607,6
7608,3
7609,1
7610,3
7611,5
7612,2
7613,2
7614,1
7615,1
7616,4
7617,2
7618,4
7619,2
7620,3
7621,2
7622,4
7623,6
7624,3
7625,3
7626,4
7627,2
7628,2
7629,0
7630,4
7631,2
7632,5
7633,2
7634,4
7635,4
7636,3
7637,1
7638,3
7639,6
7640,2
7641,5
7642,3
7643,6
7644,2
7645,4
7646,5
7647,3
7648,4
7649,3
7650,4
7651,6
7652,5
7653,2
7654,5
7655,2
7656,0
7657,3
7658,0
7659,1
7660,3
7661,3
7662,2
7663,5
7664,1
7665,3
7666,5
7667,3
7668,3
7669,4
7670,2
7671,2
7672,6
7673,3
7674,1
7675,4
7676,3
7677,3
7678,3
7679,1
7680,4
7681,2
7682,1
7683,1
7684,6
7685,2
7686,3
7687,1
7688,2
7689,4
7690,4
7691,4
7692,4
7693,2
7694,1
7695,3
7696,2
7697,2
7698,3
7699,4
7700,1
7701,4
7702,2
7703,5
7704,0
7705,1
7706,4
7707,2
7708,4
7709,4
7710,2
7711,4
7712,5
7713,4
7714,3
7715,2
7716,5
7717,4
7718,1
7719,4
7720,4
7721,4
7722,2
7723,5
7724,5
7725,2
7726,3
7727,3
7728,4
7729,3
7730,5
7731,3
7732,4
7733,4
7734,3
7735,3
7736,2
7737,2
7738,5
7739,6
7740,3
7741,6
7742,1
7743,1
7744,3
7745,5
7746,2
7747,3
7748,0
7749,1
7750,3
7751,2
7752,3
7753,4
7754,6
7755,4
7756,1
7757,2
7758,1
7759,3
7760,3
7761,2
7762,3
7763,3
7764,2
7765,0
7766,4
7767,2
7768,3
7769,5
7770,3
7771,1
7772,4
7773,3
7774,2
7775,3
7776,4
7777,2
7778,4
7779,2
7780,2
7781,1
7782,1
7783,1
7784,4
7785,2
7786,3
7787,1
7788,2
7789,2
7790,3
7791,2
7792,4
7793,1
7794,3
7795,3
7796,0
7797,4
7798,3
7799,2
7800,2
7801,3
7802,5
7803,2
7804,6
7805,3
7806,1
7807,2
7808,3
7809,4
7810,4
7811,4
7812,4
7813,3
7814,4
7815,5
7816,3
7817,4
7818,2
7819,5
7820,3
7821,1
7822,2
7823,4
7824,3
7825,0
7826,4
7827,3
7828,4
7829,6
7830,1
7831,4
7832,4
7833,1
7834,3
7835,2
7836,4
7837,3
7838,2
7839,2
7840,3
7841,3
7842,1
7843,3
7844,6
7845,0
7846,4
7847,3
7848,2
7849,4
7850,3
7851,3
7852,0
7853,1
7854,2
7855,2
7856,4
7857,4
7858,1
7859,5
7860,1
7861,3
7862,5
7863,2
7864,2
7865,2
7866,1
7867,1
7868,2
7869,3
7870,2
7871,4
7872,2
7873,4
7874,3
7875,4
7876,3
7877,3
7878,2
7879,2
7880,4
7881,1
7882,3
7883,3
7884,6
7885,2
7886,2
7887,1
7888,1
7889,1
7890,2
7891,4
7892,4
7893,2
7894,2
7895,1
7896,3
7897,5
7898,2
7899,4
7900,4
7901,6
7902,3
7903,2
7904,3
7905,3
7906,1
7907,4
7908,2
7909,2
7910,3
7911,4
7912,5
7913,0
7914,1
7915,1
7916,5
7917,5
7918,5
7919,4
7920,4
7921,2
7922,3
7923,2
7924,4
7925,5
7926,3
7927,1
7928,3
7929,4
7930,2
7931,5
7932,5
7933,1
7934,1
7935,3
7936,2
7937,4
7938,4
7939,3
7940,2
7941,5
7942,1
7943,5
7944,5
7945,2
7946,4
7947,2
7948,3
7949,2
7950,4
7951,1
7952,4
7953,3
7954,2
7955,2
7956,2
7957,2
7958,4
7959,3
7960,3
7961,2
7962,4
7963,4
7964,1
7965,4
7966,3
7967,2
7968,2
7969,6
7970,2
7971,1
7972,5
7973,4
7974,2
7975,2
7976,1
7977,4
7978,5
7979,3
7980,4
7981,5
7982,3
7983,2
7984,0
7985,1
7986,5
7987,3
7988,3
7989,4
7990,2
7991,3
7992,2
7993,4
7994,4
7995,2
7996,3
7997,3
7998,3
7999,3
8000,3
8001,0
8002,5
8003,5
8004,2
8005,3
8006,4
8007,0
8008,5
8009,1
8010,1
8011,3
8012,4
8013,2
8014,5
8015,2
8016,2
8017,4
8018,2
8019,5
8020,4
8021,3
8022,2
8023,2
8024,2
8025,3
8026,1
8027,4
8028,1
8029,5
8030,3
8031,2
8032,3
8033,6
8034,5
8035,3
8036,1
8037,1
8038,4
8039,4
8040,4
8041,1
8042,4
8043,3
8044,4
8045,2
8046,5
8047,3
8048,2
8049,4
8050,2
8051,3
8052,4
8053,2
8054,3
8055,4
8056,1
8057,1
8058,4
8059,2
8060,4
8061,2
8062,1
8063,5
8064,1
8065,5
8066,4
8067,4
8068,3
8069,2
8070,1
8071,2
8072,2
8073,3
8074,4
8075,2
8076,1
8077,4
8078,0
8079,5
8080,3
8081,3
8082,4
8083,4
8084,2
8085,1
8086,1
8087,5
8088,4
8089,3
8090,5
8091,4
8092,2
8093,2
8094,4
8095,3
8096,0
8097,2
8098,4
8099,2
8100,3
8101,3
8102,3
8103,3
8104,4
8105,4
8106,2
8107,2
8108,2
8109,2
8110,6
8111,3
8112,5
8113,3
8114,2
8115,3
8116,3
8117,4
8118,4
8119,3
8120,3
8121,4
8122,4
8123,6
8124,4
8125,6
8126,2
8127,1
8128,2
8129,4
8130,2
8131,5
8132,3
8133,3
8134,1
8135,2
8136,3
8137,5
8138,4
8139,3
8140,6
8141,4
8142,3
8143,5
8144,2
8145,3
8146,5
8147,6
8148,3
8149,2
8150,2
8151,2
8152,2
8153,2
8154,4
8155,2
8156,3
8157,4
8158,2
8159,2
8160,3
8161,1
8162,1
8163,3
8164,3
8165,5
8166,2
8167,3
8168,6
8169,2
8170,2
8171,3
8172,4
8173,2
8174,0
8175,2
8176,3
8177,5
8178,1
8179,3
8180,1
8181,5
8182,1
8183,3
8184,3
8185,4
8186,2
8187,1
8188,2
8189,2
8190,0
8191,3
8192,5
8193,5
8194,2
8195,2
8196,4
8197,1
8198,3
8199,2
8200,5
8201,2
8202,2
8203,5
8204,3
8205,1
8206,3
8207,4
8208,2
8209,5
8210,2
8211,1
8212,4
8213,2
8214,2
8215,3
8216,4
8217,3
8218,4
8219,2
8220,3
8221,5
8222,2
8223,4
8224,5
8225,3
8226,1
8227,2
8228,4
8229,1
8230,4
8231,4
8232,4
8233,2
8234,1
8235,4
8236,2
8237,3
8238,5
8239,1
8240,3
8241,2
8242,4
8243,1
8244,4
8245,5
8246,3
8247,2
8248,5
8249,2
8250,4
8251,1
8252,2
8253,1
8254,4
8255,3
8256,1
8257,3
8258,1
8259,2
8260,4
8261,2
8262,3
8263,4
8264,5
8265,2
8266,4
8267,1
8268,4
8269,6
8270,4
8271,3
8272,6
8273,1
8274,2
8275,2
8276,4
8277,3
8278,0
8279,1
8280,1
8281,3
8282,5
8283,5
8284,3
8285,4
8286,2
8287,2
8288,4
8289,4
8290,2
8291,2
8292,4
8293,2
8294,1
8295,3
8296,0
8297,0
8298,4
8299,1
8300,3
8301,4
8302,3
8303,5
8304,3
8305,4
8306,2
8307,5
8308,3
8309,3
8310,4
8311,1
8312,3
8313,1
8314,3
8315,3
8316,1
8317,2
8318,0
8319,3
8320,3
8321,4
8322,2
8323,4
8324,1
8325,3
8326,4
8327,3
8328,3
8329,3
8330,3
8331,4
8332,2
8333,3
8334,2
8335,4
8336,3
8337,2
8338,3
8339,2
8340,3
8341,2
8342,5
8343,1
8344,2
8345,2
8346,6
8347,4
8348,3
8349,2
8350,1
8351,5
8352,3
8353,1
8354,5
8355,3
8356,4
8357,4
8358,1
8359,5
8360,5
8361,3
8362,4
8363,3
8364,3
8365,2
8366,5
8367,1
8368,2
8369,3
8370,4
8371,3
8372,6
8373,2
8374,3
8375,1
8376,2
8377,5
8378,2
8379,1
8380,2
8381,5
8382,6
8383,5
8384,3
8385,3
8386,2
8387,1
8388,3
8389,2
8390,3
8391,4
8392,3
8393,5
8394,6
8395,2
8396,3
8397,1
8398,4
8399,3
8400,2
8401,1
8402,4
8403,3
8404,2
8405,3
8406,2
8407,3
8408,2
8409,5
8410,2
8411,3
8412,3
8413,2
8414,1
8415,1
8416,3
8417,4
8418,4
8419,1
8420,2
8421,1
8422,2
8423,1
8424,3
8425,3
8426,5
8427,2
8428,4
8429,3
8430,2
8431,1
8432,2
8433,4
8434,5
8435,1
8436,2
8437,2
8438,6
8439,3
8440,5
8441,3
8442,4
8443,3
8444,2
8445,4
8446,3
8447,3
8448,4
8449,1
8450,4
8451,4
8452,4
8453,4
8454,4
8455,1
8456,2
8457,4
8458,4
8459,3
8460,4
8461,2
8462,2
8463,3
8464,3
8465,6
8466,3
8467,5
8468,4
8469,3
8470,1
8471,3
8472,0
8473,1
8474,4
8475,2
8476,2
8477,3
8478,3
8479,2
8480,2
8481,3
8482,3
8483,2
8484,0
8485,3
8486,3
8487,3
8488,3
8489,3
8490,3
8491,2
8492,2
8493,5
8494,1
8495,3
8496,4
8497,2
8498,4
8499,3
8500,4
8501,2
8502,3
8503,5
8504,3
8505,6
8506,4
8507,5
8508,1
8509,3
8510,3
8511,4
8512,2
8513,4
8514,3
8515,2
8516,2
8517,5
8518,4
8519,3
8520,3
8521,2
8522,3
8523,2
8524,4
8525,3
8526,2
8527,1
8528,6
8529,2
8530,3
8531,4
8532,3
8533,3
8534,6
8535,3
8536,3
8537,2
8538,4
8539,1
8540,2
8541,6
8542,3
8543,1
8544,4
8545,3
8546,5
8547,3
8548,5
8549,3
8550,4
8551,1
8552,4
8553,3
8554,2
8555,5
8556,4
8557,3
8558,3
8559,2
8560,2
8561,1
8562,1
8563,4
8564,4
8565,1
8566,3
8567,4
8568,2
8569,3
8570,1
8571,1
8572,1
8573,2
8574,3
8575,2
8576,1
8577,3
8578,4
8579,3
8580,2
8581,3
8582,2
8583,3
8584,0
8585,3
8586,4
8587,1
8588,5
8589,2
8590,6
8591,3
8592,5
8593,4
8594,2
8595,2
8596,4
8597,3
8598,4
8599,2
8600,2
8601,2
8602,2
8603,2
8604,2
8605,2
8606,3
8607,4
8608,3
8609,4
8610,5
8611,4
8612,3
8613,3
8614,4
8615,3
8616,3
8617,3
8618,2
8619,4
8620,0
8621,2
8622,2
8623,4
8624,3
8625,3
8626,3
8627,3
8628,4
8629,2
8630,3
8631,2
8632,4
8633,3
8634,0
8635,1
8636,2
8637,3
8638,4
8639,3
8640,1
8641,5
8642,4
8643,1
8644,3
8645,3
8646,3
8647,1
8648,6
8649,4
8650,4
8651,5
8652,2
8653,4
8654,5
8655,3
8656,4
8657,2
8658,3
8659,4
8660,3
8661,1
8662,1
8663,4
8664,5
8665,2
8666,2
8667,4
8668,3
8669,4
8670,2
8671,4
8672,3
8673,4
8674,2
8675,4
8676,2
8677,1
8678,1
8679,0
8680,1
8681,5
8682,3
8683,2
8684,1
8685,4
8686,2
8687,5
8688,3
8689,5
8690,4
8691,4
8692,2
8693,2
8694,2
8695,5
8696,6
8697,5
8698,3
8699,2
8700,4
8701,1
8702,3
8703,3
8704,2
8705,6
8706,4
8707,5
8708,4
8709,5
8710,2
8711,2
8712,6
8713,2
8714,3
8715,2
8716,5
8717,1
8718,3
8719,0
8720,5
8721,2
8722,1
8723,3
8724,1
8725,2
8726,3
8727,1
8728,5
8729,3
8730,3
8731,4
8732,1
8733,4
8734,4
8735,2
8736,5
8737,3
8738,4
8739,5
8740,3
8741,4
8742,1
8743,3
8744,4
8745,3
8746,2
8747,3
8748,2
8749,1
8750,3
8751,5
8752,3
8753,3
8754,3
8755,2
8756,4
8757,2
8758,2
8759,3
8760,6
8761,5
8762,4
8763,3
8764,2
8765,4
8766,2
8767,4
8768,1
8769,4
8770,1
8771,5
8772,2
8773,1
8774,3
8775,3
8776,4
8777,4
8778,3
8779,5
8780,0
8781,3
8782,3
8783,3
8784,4
8785,3
8786,3
8787,2
8788,3
8789,2
8790,3
8791,3
8792,3
8793,3
8794,3
8795,2
8796,2
8797,4
8798,2
8799,1
8800,2
8801,3
8802,2
8803,2
8804,1
8805,3
8806,3
8807,1
8808,2
8809,2
8810,4
8811,4
8812,3
8813,2
8814,3
8815,2
8816,3
8817,3
8818,5
8819,2
8820,4
8821,3
8822,4
8823,2
8824,3
8825,2
8826,3
8827,2
8828,2
8829,2
8830,1
8831,1
8832,4
8833,5
8834,3
8835,3
8836,4
8837,4
8838,4
8839,3
8840,2
8841,5
8842,1
8843,3
8844,3
8845,5
8846,5
8847,5
8848,5
8849,3
8850,3
8851,2
8852,4
8853,2
8854,3
8855,3
8856,3
8857,4
8858,1
8859,0
8860,2
8861,3
8862,4
8863,4
8864,3
8865,3
8866,4
8867,3
8868,3
8869,4
8870,3
8871,4
8872,2
8873,3
8874,5
8875,3
8876,2
8877,2
8878,3
8879,3
8880,2
8881,2
8882,0
8883,2
8884,2
8885,3
8886,3
8887,5
8888,6
8889,5
8890,4
8891,4
8892,2
8893,5
8894,5
8895,4
8896,2
8897,5
8898,2
8899,3
8900,4
8901,1
8902,1
8903,2
8904,3
8905,3
8906,1
8907,1
8908,3
8909,4
8910,4
8911,2
8912,3
8913,2
8914,5
8915,4
8916,4
8917,2
8918,2
8919,2
8920,2
8921,3
8922,3
8923,3
8924,0
8925,3
8926,2
8927,5
8928,5
8929,4
8930,4
8931,3
8932,3
8933,2
8934,4
8935,2
8936,4
8937,3
8938,4
8939,6
8940,4
8941,4
8942,3
8943,4
8944,2
8945,2
8946,1
8947,4
8948,2
8949,5
8950,1
8951,1
8952,5
8953,1
8954,2
8955,3
8956,2
8957,3
8958,2
8959,3
8960,4
8961,3
8962,2
8963,1
8964,4
8965,2
8966,2
8967,1
8968,1
8969,0
8970,2
8971,4
8972,3
8973,4
8974,3
8975,1
8976,2
8977,2
8978,2
8979,5
8980,2
8981,1
8982,5
8983,2
8984,2
8985,2
8986,1
8987,5
8988,4
8989,2
8990,3
8991,1
8992,2
8993,3
8994,2
8995,4
8996,3
8997,1
8998,1
8999,2
9000,2
9001,3
9002,0
9003,2
9004,2
9005,1
9006,4
9007,3
9008,4
9009,2
9010,1
9011,2
9012,3
9013,1
9014,4
9015,4
9016,3
9017,1
9018,1
9019,5
9020,3
9021,4
9022,4
9023,3
9024,2
9025,3
9026,0
9027,2
9028,3
9029,3
9030,2
9031,3
9032,4
9033,3
9034,5
9035,3
9036,4
9037,2
9038,2
9039,1
9040,3
9041,5
9042,2
9043,2
9044,5
9045,2
9046,1
9047,2
9048,2
9049,2
9050,1
9051,3
9052,4
9053,3
9054,3
9055,3
9056,1
9057,2
9058,6
9059,1
9060,1
9061,2
9062,1
9063,2
9064,2
9065,2
9066,3
9067,2
9068,4
9069,1
9070,1
9071,2
9072,3
9073,4
9074,3
9075,3
9076,2
9077,3
9078,5
9079,3
9080,4
9081,1
9082,2
9083,4
9084,3
9085,4
9086,4
9087,4
9088,1
9089,3
9090,5
9091,1
9092,5
9093,3
9094,1
9095,5
9096,5
9097,1
9098,1
9099,2
9100,6
9101,3
9102,3
9103,4
9104,4
9105,3
9106,4
9107,4
9108,4
9109,1
9110,4
9111,2
9112,4
9113,3
9114,2
9115,1
9116,3
9117,2
9118,2
9119,6
9120,2
9121,2
9122,5
9123,3
9124,3
9125,1
9126,4
9127,4
9128,2
9129,4
9130,1
9131,4
9132,3
9133,4
9134,1
9135,2
9136,5
9137,1
9138,5
9139,4
9140,3
9141,1
9142,4
9143,2
9144,1
9145,5
9146,1
9147,3
9148,6
9149,2
9150,3
9151,1
9152,1
9153,4
9154,2
9155,2
9156,3
9157,2
9158,3
9159,4
9160,2
9161,3
9162,5
9163,0
9164,2
9165,2
9166,2
9167,5
9168,2
9169,3
9170,4
9171,4
9172,3
9173,3
9174,2
9175,3
9176,4
9177,4
9178,2
9179,3
9180,5
9181,3
9182,2
9183,4
9184,4
9185,3
9186,4
9187,2
9188,4
9189,2
9190,4
9191,4
9192,1
9193,4
9194,4
9195,4
9196,4
9197,1
9198,2
9199,4
9200,5
9201,6
9202,6
9203,3
9204,4
9205,5
9206,4
9207,2
9208,4
9209,3
9210,1
9211,4
9212,3
9213,5
9214,1
9215,4
9216,5
9217,4
9218,3
9219,4
9220,2
9221,5
9222,3
9223,4
9224,4
9225,1
9226,2
9227,1
9228,3
9229,4
9230,1
9231,2
9232,1
9233,1
9234,1
9235,3
9236,4
9237,4
9238,2
9239,2
9240,4
9241,3
9242,3
9243,3
9244,3
9245,3
9246,3
9247,2
9248,4
9249,1
9250,3
9251,1
9252,2
9253,1
9254,4
9255,6
9256,4
9257,2
9258,2
9259,2
9260,6
9261,2
9262,4
9263,3
9264,6
9265,5
9266,2
9267,5
9268,4
9269,3
9270,5
9271,4
9272,5
9273,0
9274,6
9275,2
9276,4
9277,3
9278,4
9279,1
9280,4
9281,3
9282,3
9283,2
9284,4
9285,5
9286,4
9287,4
9288,2
9289,3
9290,4
9291,2
9292,3
9293,4
9294,5
9295,0
9296,5
9297,3
9298,4
9299,1
9300,1
9301,4
9302,4
9303,5
9304,1
9305,3
9306,4
9307,2
9308,1
9309,6
9310,4
9311,1
9312,1
9313,0
9314,2
9315,3
9316,2
9317,4
9318,1
9319,2
9320,1
9321,3
9322,5
9323,4
9324,3
9325,1
9326,2
9327,0
9328,4
9329,4
9330,3
9331,0
9332,4
9333,1
9334,2
9335,5
9336,2
9337,3
9338,5
9339,4
9340,3
9341,4
9342,6
9343,2
9344,3
9345,5
9346,3
9347,4
9348,3
9349,3
9350,3
9351,2
9352,4
9353,1
9354,3
9355,4
9356,2
9357,3
9358,1
9359,4
9360,5
9361,3
9362,1
9363,2
9364,4
9365,4
9366,0
9367,5
9368,3
9369,3
9370,4
9371,2
9372,1
9373,5
9374,6
9375,4
9376,3
9377,5
9378,2
9379,4
9380,3
9381,3
9382,2
9383,5
9384,1
9385,4
9386,1
9387,4
9388,2
9389,4
9390,5
9391,4
9392,2
9393,6
9394,3
9395,4
9396,5
9397,0
9398,5
9399,5
9400,1
9401,6
9402,3
9403,3
9404,2
9405,6
9406,3
9407,5
9408,2
9409,3
9410,2
9411,6
9412,2
9413,5
9414,2
9415,4
9416,4
9417,5
9418,1
9419,2
9420,3
9421,5
9422,1
9423,0
9424,4
9425,4
9426,1
9427,4
9428,5
9429,3
9430,1
9431,2
9432,3
9433,5
9434,4
9435,3
9436,1
9437,4
9438,1
9439,3
9440,2
9441,3
9442,5
9443,1
9444,3
9445,4
9446,6
9447,3
9448,2
9449,4
9450,4
9451,2
9452,2
9453,3
9454,5
9455,2
9456,2
9457,2
9458,4
9459,1
9460,5
9461,3
9462,2
9463,3
9464,2
9465,2
9466,4
9467,3
9468,3
9469,0
9470,2
9471,2
9472,4
9473,1
9474,4
9475,3
9476,4
9477,2
9478,4
9479,2
9480,3
9481,4
9482,4
9483,5
9484,4
9485,3
9486,2
9487,1
9488,2
9489,3
9490,2
9491,4
9492,4
9493,0
9494,3
9495,4
9496,2
9497,5
9498,1
9499,2
9500,2
9501,1
9502,3
9503,4
9504,3
9505,0
9506,1
9507,4
9508,1
9509,5
9510,2
9511,3
9512,2
9513,0
9514,5
9515,3
9516,4
9517,1
9518,4
9519,3
9520,3
9521,1
9522,3
9523,1
9524,3
9525,2
9526,3
9527,3
9528,3
9529,4
9530,4
9531,1
9532,1
9533,4
9534,3
9535,4
9536,3
9537,1
9538,5
9539,4
9540,3
9541,1
9542,1
9543,5
9544,2
9545,0
9546,3
9547,2
9548,2
9549,3
9550,5
9551,3
9552,2
9553,3
9554,2
9555,1
9556,4
9557,4
9558,2
9559,5
9560,2
9561,3
9562,1
9563,4
9564,6
9565,4
9566,2
9567,0
9568,5
9569,4
9570,2
9571,4
9572,2
9573,4
9574,2
9575,4
9576,1
9577,3
9578,4
9579,4
9580,4
9581,5
9582,1
9583,1
9584,1
9585,2
9586,5
9587,1
9588,4
9589,6
9590,4
9591,2
9592,4
9593,2
9594,2
9595,3
9596,4
9597,1
9598,5
9599,3
9600,2
9601,1
9602,2
9603,2
9604,2
9605,3
9606,1
9607,2
9608,4
9609,3
9610,3
9611,4
9612,2
9613,1
9614,1
9615,4
9616,2
9617,2
9618,4
9619,1
9620,3
9621,1
9622,1
9623,4
9624,3
9625,2
9626,3
9627,4
9628,4
9629,3
9630,4
9631,1
9632,4
9633,3
9634,1
9635,1
9636,4
9637,6
9638,3
9639,5
9640,5
9641,1
9642,4
9643,3
9644,1
9645,2
9646,3
9647,3
9648,2
9649,1
9650,2
9651,1
9652,2
9653,3
9654,3
9655,2
9656,2
9657,4
9658,1
9659,5
9660,3
9661,5
9662,2
9663,1
9664,3
9665,1
9666,1
9667,3
9668,3
9669,4
9670,5
9671,4
9672,5
9673,2
9674,3
9675,3
9676,2
9677,1
9678,2
9679,1
9680,1
9681,2
9682,3
9683,2
9684,2
9685,1
9686,3
9687,2
9688,4
9689,3
9690,3
9691,2
9692,1
9693,3
9694,2
9695,4
9696,4
9697,5
9698,1
9699,6
9700,2
9701,4
9702,3
9703,3
9704,2
9705,2
9706,4
9707,0
9708,2
9709,5
9710,2
9711,4
9712,2
9713,4
9714,2
9715,6
9716,3
9717,2
9718,5
9719,2
9720,4
9721,4
9722,3
9723,3
9724,1
9725,3
9726,4
9727,3
9728,1
9729,4
9730,2
9731,3
9732,3
9733,3
9734,2
9735,2
9736,2
9737,1
9738,4
9739,2
9740,3
9741,1
9742,3
9743,5
9744,5
9745,4
9746,2
9747,4
9748,2
9749,3
9750,4
9751,3
9752,4
9753,4
9754,1
9755,2
9756,3
9757,2
9758,3
9759,3
9760,2
9761,4
9762,5
9763,2
9764,1
9765,2
9766,4
9767,1
9768,5
9769,3
9770,3
9771,1
9772,1
9773,2
9774,5
9775,4
9776,3
9777,1
9778,4
9779,3
9780,5
9781,5
9782,4
9783,1
9784,5
9785,3
9786,4
9787,1
9788,1
9789,4
9790,1
9791,1
9792,1
9793,2
9794,3
9795,5
9796,4
9797,4
9798,4
9799,2
9800,1
9801,2
9802,2
9803,5
9804,2
9805,2
9806,3
9807,1
9808,3
9809,3
9810,2
9811,2
9812,6
9813,3
9814,1
9815,3
9816,4
9817,2
9818,0
9819,4
9820,1
9821,6
9822,5
9823,1
9824,2
9825,1
9826,1
9827,2
9828,3
9829,2
9830,5
9831,4
9832,2
9833,1
9834,1
9835,2
9836,2
9837,4
9838,4
9839,0
9840,2
9841,2
9842,2
9843,2
9844,1
9845,1
9846,5
9847,6
9848,0
9849,2
9850,1
9851,3
9852,4
9853,0
9854,3
9855,1
9856,4
9857,2
9858,3
9859,2
9860,4
9861,2
9862,2
9863,2
9864,3
9865,3
9866,5
9867,5
9868,2
9869,2
9870,4
9871,2
9872,4
9873,1
9874,3
9875,2
9876,3
9877,4
9878,3
9879,4
9880,2
9881,3
9882,2
9883,6
9884,4
9885,2
9886,2
9887,3
9888,3
9889,3
9890,5
9891,5
9892,4
9893,1
9894,3
9895,2
9896,2
9897,5
9898,1
9899,2
9900,3
9901,5
9902,3
9903,4
9904,5
9905,0
9906,4
9907,0
9908,3
9909,2
9910,3
9911,2
9912,3
9913,4
9914,2
9915,0
9916,4
9917,4
9918,3
9919,3
9920,6
9921,3
9922,6
9923,2
9924,2
9925,4
9926,2
9927,4
9928,3
9929,2
9930,2
9931,3
9932,1
9933,5
9934,4
9935,2
9936,2
9937,3
9938,3
9939,1
9940,6
9941,1
9942,2
9943,3
9944,4
9945,4
9946,4
9947,2
9948,3
9949,4
9950,2
9951,0
9952,2
9953,2
9954,0
9955,4
9956,3
9957,3
9958,3
9959,2
9960,3
9961,3
9962,3
9963,4
9964,3
9965,1
9966,3
9967,1
9968,5
9969,4
9970,1
9971,2
9972,2
9973,3
9974,2
9975,3
9976,4
9977,2
9978,4
9979,1
9980,3
9981,2
9982,5
9983,5
9984,2
9985,2
9986,3
9987,2
9988,4
9989,3
9990,1
9991,3
9992,2
9993,2
9994,4
9995,4
9996,3
9997,5
9998,3
9999,2
