,p1_status_inflicted
0,3
1,3
2,3
3,2
4,5
5,4
6,4
7,2
8,4
9,5
10,5
11,4
12,3
13,4
14,3
15,2
16,6
17,5
18,4
19,3
20,3
21,5
22,3
23,3
24,4
25,6
26,5
27,2
28,5
29,4
30,2
31,7
32,3
33,6
34,2
35,5
36,5
37,5
38,5
39,4
40,4
41,2
42,4
43,6
44,3
45,3
46,2
47,5
48,4
49,6
50,5
51,6
52,2
53,4
54,6
55,6
56,5
57,5
58,5
59,4
60,2
61,4
62,7
63,4
64,3
65,6
66,5
67,4
68,3
69,6
70,2
71,3
72,3
73,4
74,3
75,2
76,3
77,5
78,5
79,4
80,6
81,6
82,3
83,5
84,4
85,2
86,3
87,5
88,3
89,5
90,4
91,3
92,6
93,4
94,4
95,6
96,3
97,5
98,4
99,4
100,4
101,2
102,6
103,5
104,4
105,5
106,3
107,5
108,5
109,6
110,4
111,6
112,6
113,3
114,7
115,5
116,3
117,5
118,7
119,5
120,4
121,3
122,6
123,5
124,5
125,5
126,6
127,5
128,5
129,6
130,4
131,3
132,6
133,4
134,6
135,5
136,4
137,4
138,4
139,5
140,4
141,3
142,3
143,4
144,4
145,5
146,4
147,6
148,5
149,1
150,4
151,4
152,4
153,4
154,4
155,5
156,6
157,3
158,6
159,3
160,3
161,5
162,5
163,6
164,5
165,6
166,6
167,3
168,6
169,5
170,4
171,4
172,3
173,4
174,5
175,4
176,4
177,3
178,3
179,6
180,5
181,6
182,5
183,7
184,4
185,6
186,4
187,3
188,4
189,4
190,4
191,3
192,5
193,4
194,6
195,3
196,6
197,2
198,0
199,5
200,2
201,5
202,5
203,5
204,5
205,5
206,3
207,3
208,1
209,5
210,6
211,5
212,6
213,5
214,3
215,4
216,2
217,0
218,1
219,4
220,4
221,6
222,5
223,4
224,3
225,7
226,4
227,3
228,3
229,4
230,4
231,4
232,7
233,5
234,4
235,3
236,4
237,5
238,2
239,6
240,4
241,4
242,2
243,5
244,4
245,5
246,5
247,8
248,2
249,6
250,7
251,4
252,2
253,2
254,4
255,4
256,5
257,7
258,4
259,6
260,4
261,5
262,2
263,5
264,7
265,4
266,6
267,6
268,5
269,2
270,5
271,4
272,3
273,4
274,5
275,4
276,2
277,6
278,2
279,6
280,4
281,3
282,5
283,4
284,5
285,5
286,5
287,6
288,4
289,3
290,3
291,3
292,4
293,8
294,3
295,4
296,6
297,5
298,6
299,3
300,4
301,4
302,2
303,4
304,3
305,4
306,2
307,4
308,6
309,6
310,5
311,3
312,3
313,3
314,1
315,6
316,6
317,5
318,7
319,1
320,5
321,2
322,2
323,6
324,4
325,6
326,4
327,3
328,5
329,3
330,2
331,6
332,3
333,0
334,7
335,4
336,3
337,2
338,4
339,6
340,2
341,5
342,1
343,5
344,4
345,6
346,7
347,3
348,5
349,5
350,4
351,4
352,5
353,4
354,4
355,4
356,5
357,2
358,5
359,8
360,5
361,3
362,5
363,5
364,4
365,5
366,3
367,4
368,2
369,1
370,4
371,6
372,5
373,3
374,5
375,4
376,3
377,3
378,5
379,4
380,1
381,6
382,4
383,5
384,4
385,3
386,5
387,3
388,6
389,4
390,3
391,3
392,3
393,3
394,5
395,2
396,5
397,4
398,4
399,6
400,6
401,4
402,4
403,5
404,4
405,4
406,4
407,6
408,4
409,5
410,3
411,4
412,5
413,5
414,2
415,2
416,4
417,4
418,6
419,5
420,5
421,5
422,4
423,5
424,5
425,5
426,4
427,5
428,4
429,4
430,6
431,6
432,4
433,6
434,3
435,4
436,6
437,4
438,8
439,3
440,2
441,3
442,6
443,6
444,5
445,3
446,3
447,4
448,2
449,6
450,5
451,5
452,4
453,4
454,4
455,3
456,5
457,5
458,2
459,5
460,6
461,5
462,4
463,7
464,5
465,3
466,5
467,3
468,5
469,2
470,4
471,5
472,5
473,4
474,4
475,5
476,5
477,4
478,5
479,5
480,2
481,4
482,1
483,5
484,3
485,4
486,5
487,5
488,1
489,5
490,3
491,5
492,3
493,6
494,3
495,5
496,5
497,3
498,2
499,4
500,6
501,4
502,3
503,7
504,5
505,5
506,4
507,4
508,6
509,3
510,2
511,6
512,5
513,3
514,3
515,4
516,5
517,4
518,4
519,5
520,3
521,4
522,6
523,5
524,4
525,5
526,3
527,5
528,4
529,4
530,3
531,3
532,5
533,4
534,3
535,4
536,4
537,5
538,4
539,4
540,5
541,4
542,4
543,4
544,6
545,6
546,5
547,3
548,3
549,6
550,6
551,4
552,4
553,3
554,2
555,4
556,3
557,3
558,5
559,5
560,4
561,5
562,4
563,4
564,0
565,7
566,6
567,4
568,3
569,3
570,4
571,3
572,6
573,4
574,2
575,3
576,4
577,7
578,4
579,3
580,5
581,4
582,2
583,2
584,5
585,5
586,5
587,5
588,4
589,2
590,6
591,4
592,6
593,7
594,6
595,4
596,2
597,4
598,4
599,3
600,4
601,3
602,5
603,5
604,3
605,5
606,3
607,2
608,4
609,3
610,7
611,4
612,1
613,4
614,7
615,5
616,2
617,6
618,4
619,4
620,5
621,3
622,2
623,2
624,3
625,4
626,6
627,4
628,2
629,3
630,4
631,5
632,4
633,5
634,4
635,2
636,4
637,7
638,3
639,5
640,3
641,2
642,6
643,4
644,4
645,4
646,7
647,4
648,6
649,3
650,5
651,3
652,5
653,4
654,3
655,4
656,5
657,3
658,5
659,2
660,3
661,4
662,1
663,5
664,5
665,5
666,5
667,5
668,4
669,3
670,5
671,5
672,4
673,4
674,6
675,6
676,4
677,6
678,6
679,3
680,2
681,6
682,4
683,5
684,4
685,3
686,4
687,4
688,6
689,5
690,3
691,5
692,4
693,4
694,5
695,4
696,4
697,5
698,5
699,5
700,6
701,7
702,5
703,5
704,4
705,5
706,4
707,5
708,3
709,5
710,3
711,1
712,3
713,5
714,6
715,4
716,5
717,4
718,5
719,6
720,4
721,5
722,4
723,7
724,4
725,1
726,5
727,5
728,4
729,4
730,5
731,4
732,6
733,3
734,3
735,4
736,3
737,5
738,6
739,4
740,6
741,6
742,4
743,4
744,4
745,6
746,4
747,6
748,3
749,3
750,3
751,4
752,4
753,3
754,1
755,4
756,5
757,4
758,5
759,4
760,5
761,3
762,5
763,3
764,4
765,5
766,6
767,6
768,4
769,1
770,5
771,5
772,3
773,4
774,6
775,0
776,2
777,4
778,5
779,4
780,2
781,3
782,4
783,3
784,5
785,2
786,3
787,4
788,5
789,6
790,2
791,5
792,4
793,4
794,4
795,5
796,3
797,4
798,5
799,4
800,5
801,5
802,2
803,6
804,6
805,6
806,5
807,4
808,3
809,4
810,6
811,5
812,3
813,4
814,5
815,8
816,3
817,5
818,2
819,6
820,3
821,7
822,4
823,4
824,3
825,3
826,5
827,4
828,5
829,3
830,6
831,2
832,5
833,5
834,6
835,4
836,3
837,4
838,4
839,4
840,7
841,3
842,3
843,5
844,4
845,3
846,3
847,5
848,5
849,6
850,3
851,7
852,3
853,1
854,3
855,6
856,6
857,6
858,4
859,4
860,4
861,5
862,4
863,5
864,4
865,3
866,4
867,4
868,3
869,3
870,3
871,3
872,3
873,4
874,3
875,5
876,7
877,4
878,2
879,5
880,2
881,5
882,4
883,4
884,4
885,3
886,6
887,3
888,2
889,6
890,4
891,5
892,5
893,6
894,7
895,1
896,5
897,4
898,4
899,3
900,3
901,5
902,5
903,4
904,5
905,4
906,1
907,2
908,3
909,3
910,7
911,3
912,5
913,3
914,4
915,6
916,5
917,4
918,4
919,3
920,2
921,5
922,3
923,2
924,3
925,6
926,4
927,5
928,3
929,5
930,6
931,3
932,2
933,6
934,3
935,2
936,0
937,4
938,5
939,4
940,7
941,3
942,2
943,5
944,4
945,4
946,5
947,3
948,6
949,4
950,5
951,4
952,1
953,5
954,5
955,3
956,5
957,3
958,1
959,3
960,4
961,8
962,3
963,2
964,4
965,6
966,0
967,5
968,5
969,2
970,3
971,4
972,4
973,3
974,3
975,4
976,7
977,3
978,2
979,4
980,3
981,4
982,5
983,4
984,5
985,8
986,3
987,5
988,4
989,5
990,4
991,5
992,3
993,4
994,5
995,6
996,6
997,5
998,4
999,5
1000,5
1001,0
1002,2
1003,7
1004,6
1005,5
1006,2
1007,5
1008,4
1009,4
1010,4
1011,4
1012,5
1013,4
1014,5
1015,2
1016,3
1017,3
1018,5
1019,4
1020,4
1021,6
1022,7
1023,5
1024,4
1025,3
1026,5
1027,1
1028,4
1029,5
1030,2
1031,4
1032,2
1033,4
1034,8
1035,3
1036,4
1037,3
1038,7
1039,4
1040,5
1041,4
1042,5
1043,2
1044,5
1045,4
1046,3
1047,5
1048,7
1049,4
1050,5
1051,6
1052,4
1053,4
1054,5
1055,4
1056,3
1057,4
1058,6
1059,6
1060,6
1061,5
1062,6
1063,5
1064,6
1065,4
1066,5
1067,4
1068,5
1069,3
1070,5
1071,4
1072,4
1073,5
1074,5
1075,5
1076,4
1077,5
1078,2
1079,4
1080,4
1081,4
1082,7
1083,3
1084,3
1085,4
1086,5
1087,4
1088,6
1089,7
1090,5
1091,3
1092,2
1093,3
1094,4
1095,5
1096,6
1097,3
1098,2
1099,5
1100,3
1101,4
1102,6
1103,3
1104,6
1105,4
1106,5
1107,7
1108,2
1109,2
1110,4
1111,4
1112,5
1113,6
1114,6
1115,6
1116,4
1117,3
1118,3
1119,4
1120,6
1121,6
1122,3
1123,5
1124,4
1125,3
1126,5
1127,4
1128,3
1129,6
1130,5
1131,7
1132,2
1133,4
1134,6
1135,3
1136,4
1137,5
1138,7
1139,4
1140,3
1141,2
1142,4
1143,6
1144,5
1145,4
1146,2
1147,4
1148,5
1149,6
1150,10
1151,4
1152,7
1153,3
1154,3
1155,4
1156,2
1157,5
1158,4
1159,4
1160,4
1161,4
1162,4
1163,8
1164,4
1165,4
1166,5
1167,3
1168,5
1169,3
1170,5
1171,5
1172,2
1173,2
1174,4
1175,5
1176,3
1177,4
1178,5
1179,5
1180,5
1181,5
1182,5
1183,6
1184,4
1185,7
1186,6
1187,5
1188,5
1189,5
1190,3
1191,4
1192,0
1193,4
1194,4
1195,4
1196,5
1197,5
1198,6
1199,2
1200,5
1201,4
1202,4
1203,3
1204,3
1205,3
1206,5
1207,4
1208,1
1209,6
1210,5
1211,6
1212,5
1213,6
1214,4
1215,2
1216,5
1217,5
1218,5
1219,6
1220,7
1221,6
1222,4
1223,5
1224,4
1225,5
1226,4
1227,4
1228,5
1229,4
1230,4
1231,5
1232,3
1233,5
1234,6
1235,5
1236,3
1237,5
1238,2
1239,4
1240,5
1241,4
1242,4
1243,6
1244,6
1245,3
1246,8
1247,4
1248,3
1249,3
1250,4
1251,5
1252,5
1253,5
1254,5
1255,5
1256,4
1257,4
1258,2
1259,5
1260,5
1261,5
1262,6
1263,3
1264,3
1265,4
1266,6
1267,6
1268,5
1269,7
1270,2
1271,4
1272,1
1273,3
1274,3
1275,3
1276,5
1277,4
1278,5
1279,4
1280,4
1281,4
1282,4
1283,3
1284,5
1285,4
1286,3
1287,4
1288,4
1289,4
1290,5
1291,5
1292,4
1293,5
1294,5
1295,4
1296,4
1297,5
1298,4
1299,4
1300,3
1301,4
1302,2
1303,4
1304,3
1305,5
1306,5
1307,6
1308,4
1309,9
1310,5
1311,4
1312,5
1313,6
1314,5
1315,5
1316,4
1317,5
1318,5
1319,3
1320,5
1321,3
1322,5
1323,5
1324,3
1325,3
1326,5
1327,4
1328,5
1329,0
1330,5
1331,6
1332,6
1333,4
1334,6
1335,7
1336,4
1337,5
1338,3
1339,4
1340,5
1341,5
1342,2
1343,6
1344,6
1345,4
1346,4
1347,6
1348,3
1349,5
1350,6
1351,7
1352,4
1353,5
1354,2
1355,5
1356,4
1357,3
1358,4
1359,3
1360,4
1361,6
1362,6
1363,5
1364,4
1365,2
1366,4
1367,5
1368,4
1369,4
1370,4
1371,4
1372,4
1373,6
1374,6
1375,1
1376,6
1377,5
1378,3
1379,4
1380,6
1381,4
1382,3
1383,4
1384,4
1385,4
1386,6
1387,4
1388,4
1389,4
1390,5
1391,5
1392,3
1393,6
1394,4
1395,4
1396,5
1397,4
1398,3
1399,4
1400,5
1401,5
1402,4
1403,3
1404,1
1405,3
1406,4
1407,5
1408,4
1409,3
1410,3
1411,4
1412,5
1413,6
1414,5
1415,4
1416,3
1417,5
1418,4
1419,2
1420,4
1421,4
1422,6
1423,4
1424,7
1425,6
1426,5
1427,3
1428,5
1429,5
1430,4
1431,4
1432,5
1433,4
1434,3
1435,4
1436,4
1437,4
1438,4
1439,7
1440,3
1441,6
1442,4
1443,5
1444,5
1445,4
1446,2
1447,5
1448,3
1449,5
1450,3
1451,2
1452,6
1453,5
1454,8
1455,5
1456,4
1457,6
1458,3
1459,4
1460,6
1461,5
1462,4
1463,3
1464,3
1465,5
1466,5
1467,6
1468,4
1469,3
1470,2
1471,4
1472,3
1473,3
1474,2
1475,4
1476,2
1477,4
1478,2
1479,4
1480,3
1481,5
1482,6
1483,2
1484,5
1485,3
1486,4
1487,4
1488,4
1489,5
1490,5
1491,5
1492,5
1493,5
1494,6
1495,6
1496,5
1497,4
1498,4
1499,5
1500,2
1501,3
1502,4
1503,3
1504,4
1505,3
1506,3
1507,5
1508,7
1509,5
1510,5
1511,4
1512,5
1513,4
1514,4
1515,4
1516,4
1517,5
1518,4
1519,5
1520,4
1521,2
1522,4
1523,6
1524,3
1525,4
1526,3
1527,3
1528,6
1529,4
1530,1
1531,2
1532,3
1533,4
1534,3
1535,5
1536,4
1537,3
1538,4
1539,4
1540,5
1541,5
1542,2
1543,5
1544,4
1545,3
1546,3
1547,4
1548,6
1549,4
1550,4
1551,5
1552,4
1553,6
1554,5
1555,5
1556,4
1557,3
1558,6
1559,6
1560,4
1561,5
1562,6
1563,6
1564,3
1565,5
1566,5
1567,6
1568,5
1569,6
1570,5
1571,5
1572,4
1573,3
1574,7
1575,3
1576,5
1577,3
1578,6
1579,6
1580,7
1581,4
1582,3
1583,3
1584,2
1585,5
1586,4
1587,4
1588,5
1589,4
1590,3
1591,3
1592,4
1593,2
1594,4
1595,4
1596,6
1597,6
1598,2
1599,7
1600,2
1601,2
1602,0
1603,4
1604,6
1605,4
1606,5
1607,4
1608,4
1609,5
1610,3
1611,3
1612,5
1613,5
1614,3
1615,3
1616,2
1617,2
1618,4
1619,7
1620,5
1621,6
1622,5
1623,4
1624,2
1625,6
1626,5
1627,3
1628,4
1629,4
1630,5
1631,4
1632,5
1633,4
1634,1
1635,4
1636,2
1637,4
1638,4
1639,4
1640,5
1641,3
1642,3
1643,6
1644,8
1645,4
1646,5
1647,5
1648,4
1649,3
1650,4
1651,6
1652,7
1653,4
1654,4
1655,4
1656,5
1657,4
1658,4
1659,4
1660,5
1661,6
1662,5
1663,4
1664,3
1665,4
1666,5
1667,7
1668,4
1669,3
1670,4
1671,5
1672,5
1673,5
1674,4
1675,5
1676,5
1677,4
1678,7
1679,6
1680,3
1681,5
1682,7
1683,5
1684,4
1685,2
1686,1
1687,5
1688,4
1689,7
1690,7
1691,4
1692,3
1693,5
1694,4
1695,2
1696,4
1697,6
1698,4
1699,4
1700,2
1701,4
1702,5
1703,4
1704,3
1705,4
1706,4
1707,5
1708,5
1709,3
1710,3
1711,6
1712,4
1713,4
1714,4
1715,6
1716,3
1717,5
1718,5
1719,3
1720,6
1721,4
1722,5
1723,5
1724,4
1725,5
1726,6
1727,2
1728,6
1729,6
1730,3
1731,3
1732,4
1733,3
1734,4
1735,5
1736,4
1737,5
1738,6
1739,2
1740,5
1741,5
1742,2
1743,2
1744,7
1745,3
1746,3
1747,2
1748,4
1749,4
1750,2
1751,4
1752,4
1753,5
1754,0
1755,5
1756,2
1757,4
1758,3
1759,3
1760,3
1761,4
1762,4
1763,1
1764,4
1765,5
1766,5
1767,2
1768,4
1769,5
1770,5
1771,4
1772,5
1773,6
1774,5
1775,3
1776,1
1777,5
1778,5
1779,6
1780,7
1781,7
1782,4
1783,5
1784,5
1785,5
1786,4
1787,3
1788,5
1789,8
1790,5
1791,3
1792,7
1793,4
1794,5
1795,4
1796,4
1797,4
1798,6
1799,6
1800,4
1801,4
1802,3
1803,4
1804,4
1805,5
1806,3
1807,3
1808,5
1809,5
1810,4
1811,6
1812,4
1813,6
1814,4
1815,5
1816,2
1817,4
1818,6
1819,4
1820,3
1821,5
1822,3
1823,3
1824,5
1825,4
1826,5
1827,1
1828,3
1829,6
1830,3
1831,5
1832,2
1833,5
1834,5
1835,3
1836,6
1837,4
1838,3
1839,6
1840,1
1841,5
1842,5
1843,4
1844,6
1845,4
1846,2
1847,3
1848,5
1849,4
1850,7
1851,5
1852,3
1853,4
1854,4
1855,3
1856,3
1857,5
1858,5
1859,4
1860,5
1861,4
1862,3
1863,4
1864,3
1865,6
1866,3
1867,2
1868,4
1869,4
1870,5
1871,4
1872,6
1873,5
1874,6
1875,2
1876,4
1877,4
1878,5
1879,4
1880,5
1881,4
1882,5
1883,5
1884,4
1885,5
1886,5
1887,5
1888,5
1889,5
1890,4
1891,1
1892,6
1893,3
1894,5
1895,2
1896,0
1897,6
1898,5
1899,4
1900,3
1901,3
1902,6
1903,7
1904,5
1905,6
1906,4
1907,4
1908,5
1909,5
1910,5
1911,5
1912,6
1913,5
1914,2
1915,4
1916,5
1917,7
1918,5
1919,5
1920,2
1921,4
1922,3
1923,4
1924,4
1925,7
1926,5
1927,4
1928,4
1929,3
1930,5
1931,4
1932,6
1933,3
1934,5
1935,4
1936,3
1937,5
1938,3
1939,2
1940,2
1941,4
1942,4
1943,5
1944,5
1945,4
1946,3
1947,3
1948,5
1949,4
1950,4
1951,3
1952,3
1953,7
1954,5
1955,4
1956,4
1957,6
1958,3
1959,4
1960,0
1961,6
1962,4
1963,6
1964,4
1965,6
1966,5
1967,5
1968,4
1969,4
1970,5
1971,1
1972,4
1973,3
1974,5
1975,5
1976,5
1977,3
1978,3
1979,5
1980,3
1981,4
1982,4
1983,1
1984,4
1985,3
1986,1
1987,4
1988,6
1989,4
1990,3
1991,2
1992,6
1993,3
1994,4
1995,3
1996,3
1997,5
1998,5
1999,4
2000,3
2001,7
2002,5
2003,4
2004,1
2005,4
2006,6
2007,4
2008,3
2009,5
2010,4
2011,4
2012,6
2013,4
2014,3
2015,3
2016,4
2017,4
2018,6
2019,4
2020,6
2021,4
2022,3
2023,2
2024,4
2025,3
2026,3
2027,4
2028,5
2029,4
2030,4
2031,5
2032,7
2033,5
2034,3
2035,4
2036,4
2037,5
2038,5
2039,7
2040,3
2041,6
2042,4
2043,4
2044,4
2045,5
2046,5
2047,5
2048,4
2049,1
2050,5
2051,2
2052,4
2053,2
2054,6
2055,4
2056,3
2057,4
2058,3
2059,1
2060,6
2061,4
2062,4
2063,6
2064,3
2065,4
2066,6
2067,4
2068,4
2069,6
2070,6
2071,2
2072,5
2073,4
2074,7
2075,3
2076,3
2077,5
2078,4
2079,4
2080,4
2081,3
2082,3
2083,5
2084,4
2085,5
2086,3
2087,2
2088,6
2089,4
2090,5
2091,5
2092,5
2093,3
2094,5
2095,6
2096,4
2097,3
2098,4
2099,4
2100,4
2101,3
2102,5
2103,3
2104,5
2105,6
2106,6
2107,5
2108,5
2109,4
2110,4
2111,4
2112,3
2113,5
2114,3
2115,4
2116,7
2117,7
2118,5
2119,4
2120,3
2121,6
2122,4
2123,5
2124,4
2125,6
2126,2
2127,2
2128,3
2129,6
2130,3
2131,6
2132,5
2133,7
2134,5
2135,2
2136,4
2137,5
2138,6
2139,4
2140,3
2141,6
2142,4
2143,4
2144,4
2145,4
2146,2
2147,7
2148,2
2149,2
2150,3
2151,3
2152,4
2153,0
2154,4
2155,4
2156,6
2157,3
2158,5
2159,5
2160,3
2161,7
2162,5
2163,2
2164,4
2165,5
2166,4
2167,5
2168,5
2169,2
2170,3
2171,4
2172,3
2173,3
2174,6
2175,1
2176,4
2177,3
2178,2
2179,6
2180,1
2181,2
2182,5
2183,5
2184,5
2185,5
2186,4
2187,5
2188,4
2189,5
2190,2
2191,3
2192,3
2193,6
2194,5
2195,4
2196,5
2197,3
2198,3
2199,4
2200,4
2201,6
2202,4
2203,4
2204,4
2205,4
2206,1
2207,5
2208,4
2209,5
2210,4
2211,4
2212,5
2213,5
2214,3
2215,4
2216,6
2217,6
2218,3
2219,2
2220,3
2221,6
2222,5
2223,4
2224,3
2225,3
2226,4
2227,5
2228,5
2229,7
2230,2
2231,5
2232,5
2233,5
2234,3
2235,6
2236,3
2237,7
2238,5
2239,6
2240,2
2241,4
2242,4
2243,2
2244,3
2245,5
2246,8
2247,7
2248,1
2249,4
2250,2
2251,4
2252,2
2253,5
2254,4
2255,4
2256,7
2257,6
2258,7
2259,5
2260,3
2261,5
2262,3
2263,4
2264,5
2265,4
2266,6
2267,4
2268,6
2269,5
2270,3
2271,6
2272,4
2273,4
2274,6
2275,6
2276,3
2277,4
2278,6
2279,7
2280,4
2281,5
2282,2
2283,2
2284,6
2285,5
2286,3
2287,1
2288,4
2289,4
2290,5
2291,4
2292,2
2293,2
2294,5
2295,3
2296,5
2297,5
2298,3
2299,3
2300,3
2301,5
2302,3
2303,5
2304,4
2305,5
2306,5
2307,5
2308,4
2309,5
2310,5
2311,3
2312,5
2313,7
2314,5
2315,3
2316,1
2317,6
2318,4
2319,5
2320,3
2321,0
2322,6
2323,3
2324,4
2325,4
2326,4
2327,6
2328,4
2329,5
2330,3
2331,3
2332,2
2333,3
2334,4
2335,5
2336,6
2337,4
2338,4
2339,5
2340,4
2341,6
2342,6
2343,5
2344,6
2345,4
2346,4
2347,3
2348,4
2349,6
2350,5
2351,2
2352,4
2353,4
2354,3
2355,6
2356,3
2357,5
2358,4
2359,3
2360,5
2361,6
2362,5
2363,4
2364,4
2365,1
2366,4
2367,1
2368,3
2369,3
2370,6
2371,5
2372,5
2373,5
2374,4
2375,3
2376,5
2377,5
2378,2
2379,4
2380,4
2381,5
2382,4
2383,5
2384,3
2385,6
2386,3
2387,4
2388,4
2389,5
2390,4
2391,1
2392,6
2393,6
2394,4
2395,4
2396,4
2397,4
2398,6
2399,3
2400,5
2401,5
2402,5
2403,3
2404,3
2405,4
2406,5
2407,6
2408,2
2409,6
2410,5
2411,5
2412,4
2413,2
2414,2
2415,3
2416,3
2417,3
2418,2
2419,4
2420,4
2421,5
2422,4
2423,5
2424,6
2425,4
2426,3
2427,2
2428,4
2429,4
2430,3
2431,5
2432,2
2433,8
2434,4
2435,6
2436,4
2437,3
2438,8
2439,4
2440,6
2441,6
2442,5
2443,4
2444,4
2445,3
2446,4
2447,5
2448,4
2449,2
2450,5
2451,8
2452,4
2453,3
2454,3
2455,4
2456,4
2457,5
2458,1
2459,5
2460,5
2461,2
2462,4
2463,3
2464,4
2465,6
2466,4
2467,4
2468,5
2469,2
2470,7
2471,3
2472,5
2473,2
2474,6
2475,4
2476,5
2477,5
2478,5
2479,5
2480,6
2481,4
2482,4
2483,6
2484,3
2485,4
2486,6
2487,5
2488,4
2489,4
2490,4
2491,3
2492,4
2493,3
2494,6
2495,4
2496,6
2497,6
2498,4
2499,7
2500,3
2501,1
2502,1
2503,3
2504,2
2505,2
2506,2
2507,2
2508,3
2509,3
2510,2
2511,6
2512,2
2513,5
2514,5
2515,4
2516,4
2517,3
2518,6
2519,5
2520,4
2521,6
2522,3
2523,4
2524,2
2525,4
2526,5
2527,2
2528,5
2529,5
2530,5
2531,2
2532,2
2533,5
2534,4
2535,5
2536,4
2537,6
2538,6
2539,3
2540,5
2541,5
2542,6
2543,4
2544,6
2545,4
2546,6
2547,4
2548,3
2549,4
2550,2
2551,2
2552,3
2553,5
2554,4
2555,4
2556,6
2557,2
2558,6
2559,4
2560,3
2561,4
2562,4
2563,6
2564,5
2565,2
2566,6
2567,3
2568,6
2569,2
2570,2
2571,2
2572,5
2573,4
2574,4
2575,5
2576,2
2577,3
2578,4
2579,5
2580,2
2581,5
2582,2
2583,4
2584,4
2585,4
2586,5
2587,4
2588,3
2589,6
2590,3
2591,5
2592,6
2593,2
2594,4
2595,5
2596,3
2597,3
2598,5
2599,4
2600,5
2601,6
2602,6
2603,4
2604,6
2605,4
2606,4
2607,4
2608,4
2609,4
2610,3
2611,4
2612,6
2613,5
2614,5
2615,3
2616,5
2617,3
2618,5
2619,4
2620,5
2621,4
2622,5
2623,4
2624,6
2625,2
2626,5
2627,2
2628,3
2629,5
2630,4
2631,5
2632,5
2633,2
2634,7
2635,3
2636,4
2637,3
2638,4
2639,4
2640,2
2641,4
2642,5
2643,6
2644,4
2645,3
2646,5
2647,2
2648,5
2649,5
2650,3
2651,2
2652,5
2653,5
2654,4
2655,5
2656,4
2657,8
2658,4
2659,4
2660,5
2661,4
2662,5
2663,5
2664,2
2665,6
2666,5
2667,5
2668,2
2669,2
2670,5
2671,5
2672,6
2673,6
2674,5
2675,3
2676,5
2677,7
2678,3
2679,3
2680,5
2681,4
2682,5
2683,4
2684,4
2685,5
2686,4
2687,6
2688,6
2689,5
2690,4
2691,5
2692,6
2693,3
2694,6
2695,3
2696,4
2697,5
2698,3
2699,6
2700,5
2701,5
2702,5
2703,4
2704,2
2705,4
2706,5
2707,4
2708,5
2709,4
2710,5
2711,4
2712,5
2713,6
2714,5
2715,5
2716,7
2717,5
2718,6
2719,6
2720,4
2721,6
2722,6
2723,4
2724,4
2725,5
2726,4
2727,4
2728,6
2729,3
2730,5
2731,4
2732,6
2733,3
2734,3
2735,5
2736,5
2737,7
2738,5
2739,5
2740,3
2741,1
2742,4
2743,7
2744,3
2745,5
2746,5
2747,4
2748,5
2749,5
2750,2
2751,7
2752,2
2753,3
2754,4
2755,3
2756,4
2757,4
2758,4
2759,5
2760,2
2761,6
2762,7
2763,4
2764,1
2765,5
2766,5
2767,4
2768,5
2769,5
2770,7
2771,3
2772,5
2773,3
2774,1
2775,4
2776,4
2777,4
2778,2
2779,3
2780,4
2781,5
2782,6
2783,6
2784,2
2785,3
2786,4
2787,5
2788,5
2789,4
2790,5
2791,4
2792,5
2793,5
2794,3
2795,6
2796,4
2797,2
2798,4
2799,4
2800,3
2801,5
2802,6
2803,3
2804,6
2805,5
2806,2
2807,3
2808,5
2809,5
2810,5
2811,5
2812,4
2813,3
2814,6
2815,5
2816,5
2817,5
2818,5
2819,2
2820,6
2821,7
2822,3
2823,5
2824,4
2825,5
2826,5
2827,3
2828,2
2829,5
2830,4
2831,6
2832,4
2833,3
2834,6
2835,3
2836,7
2837,5
2838,4
2839,5
2840,3
2841,2
2842,5
2843,4
2844,5
2845,4
2846,4
2847,4
2848,7
2849,2
2850,6
2851,6
2852,4
2853,5
2854,3
2855,6
2856,4
2857,3
2858,4
2859,4
2860,3
2861,3
2862,5
2863,4
2864,4
2865,4
2866,4
2867,4
2868,3
2869,5
2870,3
2871,4
2872,1
2873,3
2874,4
2875,3
2876,2
2877,4
2878,4
2879,4
2880,3
2881,4
2882,5
2883,5
2884,5
2885,2
2886,3
2887,2
2888,7
2889,2
2890,3
2891,5
2892,6
2893,2
2894,2
2895,6
2896,5
2897,3
2898,6
2899,5
2900,5
2901,6
2902,4
2903,5
2904,4
2905,5
2906,6
2907,4
2908,4
2909,6
2910,5
2911,5
2912,4
2913,3
2914,2
2915,5
2916,4
2917,3
2918,4
2919,5
2920,2
2921,4
2922,5
2923,3
2924,6
2925,3
2926,7
2927,1
2928,5
2929,5
2930,3
2931,3
2932,6
2933,4
2934,4
2935,3
2936,3
2937,4
2938,6
2939,6
2940,3
2941,4
2942,6
2943,5
2944,5
2945,3
2946,6
2947,7
2948,4
2949,6
2950,6
2951,4
2952,4
2953,3
2954,3
2955,5
2956,0
2957,4
2958,4
2959,4
2960,4
2961,3
2962,6
2963,1
2964,4
2965,4
2966,5
2967,5
2968,3
2969,4
2970,4
2971,3
2972,3
2973,5
2974,7
2975,3
2976,5
2977,4
2978,4
2979,4
2980,2
2981,5
2982,3
2983,2
2984,3
2985,6
2986,6
2987,2
2988,3
2989,5
2990,5
2991,5
2992,6
2993,4
2994,5
2995,4
2996,4
2997,5
2998,4
2999,2
3000,4
3001,3
3002,5
3003,5
3004,2
3005,5
3006,6
3007,4
3008,7
3009,5
3010,2
3011,3
3012,5
3013,3
3014,6
3015,3
3016,3
3017,4
3018,5
3019,5
3020,6
3021,4
3022,3
3023,1
3024,4
3025,5
3026,5
3027,1
3028,4
3029,3
3030,5
3031,5
3032,3
3033,4
3034,2
3035,5
3036,3
3037,6
3038,4
3039,3
3040,6
3041,3
3042,4
3043,5
3044,5
3045,5
3046,5
3047,4
3048,4
3049,4
3050,5
3051,2
3052,4
3053,3
3054,4
3055,0
3056,2
3057,4
3058,3
3059,4
3060,5
3061,4
3062,4
3063,5
3064,5
3065,6
3066,4
3067,3
3068,4
3069,5
3070,4
3071,4
3072,2
3073,3
3074,2
3075,2
3076,5
3077,5
3078,5
3079,6
3080,7
3081,4
3082,2
3083,5
3084,3
3085,6
3086,4
3087,4
3088,6
3089,3
3090,5
3091,2
3092,4
3093,2
3094,4
3095,4
3096,5
3097,5
3098,4
3099,4
3100,6
3101,4
3102,4
3103,3
3104,4
3105,6
3106,3
3107,4
3108,4
3109,5
3110,2
3111,4
3112,4
3113,7
3114,3
3115,4
3116,4
3117,3
3118,6
3119,6
3120,2
3121,5
3122,3
3123,4
3124,5
3125,3
3126,6
3127,6
3128,4
3129,5
3130,4
3131,5
3132,3
3133,3
3134,8
3135,5
3136,3
3137,3
3138,5
3139,4
3140,4
3141,1
3142,5
3143,5
3144,5
3145,4
3146,5
3147,1
3148,7
3149,6
3150,5
3151,2
3152,4
3153,4
3154,4
3155,6
3156,3
3157,5
3158,4
3159,5
3160,4
3161,4
3162,3
3163,4
3164,6
3165,3
3166,3
3167,4
3168,4
3169,2
3170,2
3171,5
3172,4
3173,6
3174,5
3175,5
3176,3
3177,6
3178,3
3179,6
3180,4
3181,5
3182,6
3183,6
3184,1
3185,3
3186,3
3187,4
3188,2
3189,1
3190,5
3191,6
3192,6
3193,3
3194,5
3195,3
3196,4
3197,2
3198,3
3199,4
3200,5
3201,5
3202,6
3203,5
3204,4
3205,1
3206,5
3207,3
3208,3
3209,4
3210,3
3211,3
3212,3
3213,4
3214,5
3215,3
3216,4
3217,4
3218,5
3219,5
3220,3
3221,3
3222,2
3223,3
3224,6
3225,5
3226,4
3227,2
3228,4
3229,6
3230,1
3231,5
3232,3
3233,4
3234,4
3235,6
3236,3
3237,1
3238,4
3239,6
3240,5
3241,6
3242,5
3243,4
3244,4
3245,4
3246,5
3247,5
3248,6
3249,6
3250,3
3251,5
3252,1
3253,4
3254,2
3255,6
3256,6
3257,4
3258,5
3259,5
3260,2
3261,5
3262,4
3263,2
3264,1
3265,3
3266,4
3267,5
3268,1
3269,4
3270,3
3271,5
3272,3
3273,2
3274,2
3275,4
3276,3
3277,6
3278,7
3279,3
3280,3
3281,5
3282,4
3283,3
3284,4
3285,5
3286,6
3287,1
3288,4
3289,2
3290,1
3291,4
3292,6
3293,3
3294,5
3295,4
3296,5
3297,2
3298,4
3299,5
3300,4
3301,5
3302,5
3303,3
3304,4
3305,3
3306,3
3307,5
3308,3
3309,2
3310,4
3311,6
3312,5
3313,1
3314,5
3315,4
3316,5
3317,5
3318,6
3319,2
3320,7
3321,2
3322,6
3323,5
3324,3
3325,6
3326,4
3327,4
3328,4
3329,5
3330,3
3331,4
3332,3
3333,7
3334,7
3335,3
3336,5
3337,4
3338,5
3339,6
3340,3
3341,4
3342,3
3343,4
3344,5
3345,4
3346,4
3347,3
3348,5
3349,1
3350,6
3351,5
3352,5
3353,6
3354,4
3355,1
3356,4
3357,2
3358,5
3359,6
3360,5
3361,1
3362,2
3363,2
3364,5
3365,5
3366,6
3367,2
3368,1
3369,3
3370,4
3371,5
3372,4
3373,1
3374,3
3375,3
3376,6
3377,3
3378,6
3379,4
3380,3
3381,4
3382,5
3383,3
3384,3
3385,4
3386,3
3387,3
3388,5
3389,3
3390,6
3391,6
3392,5
3393,6
3394,7
3395,5
3396,3
3397,3
3398,5
3399,2
3400,3
3401,5
3402,2
3403,3
3404,5
3405,3
3406,6
3407,3
3408,5
3409,3
3410,4
3411,5
3412,4
3413,5
3414,5
3415,4
3416,2
3417,4
3418,4
3419,7
3420,5
3421,5
3422,5
3423,5
3424,6
3425,4
3426,5
3427,6
3428,5
3429,3
3430,4
3431,6
3432,4
3433,4
3434,2
3435,1
3436,6
3437,6
3438,4
3439,4
3440,4
3441,5
3442,4
3443,4
3444,4
3445,5
3446,3
3447,6
3448,3
3449,4
3450,5
3451,7
3452,3
3453,7
3454,4
3455,5
3456,4
3457,5
3458,4
3459,5
3460,5
3461,5
3462,4
3463,4
3464,7
3465,4
3466,4
3467,3
3468,4
3469,2
3470,5
3471,4
3472,5
3473,8
3474,7
3475,2
3476,5
3477,4
3478,3
3479,5
3480,5
3481,5
3482,5
3483,5
3484,3
3485,5
3486,3
3487,3
3488,4
3489,2
3490,5
3491,4
3492,4
3493,2
3494,4
3495,7
3496,3
3497,5
3498,3
3499,3
3500,5
3501,4
3502,6
3503,4
3504,5
3505,3
3506,5
3507,5
3508,5
3509,4
3510,4
3511,4
3512,3
3513,4
3514,5
3515,6
3516,4
3517,6
3518,6
3519,4
3520,5
3521,6
3522,7
3523,3
3524,4
3525,8
3526,4
3527,5
3528,6
3529,6
3530,5
3531,4
3532,4
3533,2
3534,6
3535,3
3536,7
3537,6
3538,5
3539,5
3540,5
3541,5
3542,3
3543,5
3544,4
3545,6
3546,5
3547,3
3548,6
3549,5
3550,4
3551,2
3552,6
3553,2
3554,2
3555,3
3556,2
3557,4
3558,4
3559,4
3560,2
3561,2
3562,3
3563,5
3564,5
3565,7
3566,4
3567,5
3568,7
3569,8
3570,5
3571,6
3572,5
3573,4
3574,5
3575,6
3576,5
3577,4
3578,4
3579,5
3580,2
3581,6
3582,3
3583,6
3584,5
3585,5
3586,7
3587,5
3588,5
3589,5
3590,5
3591,4
3592,3
3593,1
3594,5
3595,5
3596,5
3597,4
3598,4
3599,2
3600,5
3601,5
3602,2
3603,2
3604,3
3605,3
3606,3
3607,2
3608,3
3609,3
3610,5
3611,4
3612,5
3613,4
3614,6
3615,5
3616,3
3617,2
3618,1
3619,1
3620,4
3621,6
3622,6
3623,3
3624,2
3625,6
3626,5
3627,4
3628,6
3629,5
3630,5
3631,3
3632,1
3633,4
3634,6
3635,4
3636,3
3637,3
3638,4
3639,0
3640,5
3641,4
3642,4
3643,1
3644,2
3645,3
3646,5
3647,5
3648,5
3649,2
3650,4
3651,3
3652,3
3653,5
3654,2
3655,5
3656,6
3657,2
3658,3
3659,6
3660,4
3661,5
3662,5
3663,4
3664,4
3665,6
3666,4
3667,3
3668,4
3669,4
3670,3
3671,3
3672,4
3673,7
3674,5
3675,7
3676,3
3677,7
3678,5
3679,6
3680,4
3681,3
3682,5
3683,7
3684,6
3685,5
3686,5
3687,5
3688,3
3689,3
3690,4
3691,5
3692,5
3693,3
3694,6
3695,1
3696,6
3697,6
3698,6
3699,5
3700,3
3701,4
3702,7
3703,6
3704,4
3705,1
3706,5
3707,3
3708,5
3709,4
3710,4
3711,4
3712,1
3713,6
3714,2
3715,3
3716,4
3717,5
3718,7
3719,2
3720,4
3721,6
3722,6
3723,3
3724,7
3725,5
3726,7
3727,4
3728,5
3729,5
3730,5
3731,3
3732,4
3733,3
3734,6
3735,3
3736,5
3737,6
3738,5
3739,4
3740,5
3741,3
3742,5
3743,1
3744,3
3745,6
3746,4
3747,7
3748,6
3749,4
3750,4
3751,3
3752,7
3753,7
3754,3
3755,3
3756,4
3757,6
3758,4
3759,6
3760,2
3761,7
3762,5
3763,2
3764,7
3765,4
3766,3
3767,4
3768,3
3769,0
3770,4
3771,2
3772,6
3773,3
3774,4
3775,2
3776,3
3777,5
3778,4
3779,2
3780,5
3781,3
3782,4
3783,4
3784,2
3785,3
3786,6
3787,4
3788,5
3789,5
3790,3
3791,4
3792,5
3793,2
3794,3
3795,4
3796,4
3797,5
3798,2
3799,4
3800,4
3801,3
3802,6
3803,3
3804,4
3805,3
3806,5
3807,5
3808,3
3809,4
3810,5
3811,5
3812,5
3813,5
3814,3
3815,4
3816,6
3817,4
3818,5
3819,4
3820,5
3821,5
3822,5
3823,4
3824,6
3825,5
3826,7
3827,3
3828,5
3829,4
3830,5
3831,7
3832,4
3833,3
3834,2
3835,4
3836,3
3837,4
3838,5
3839,5
3840,4
3841,3
3842,4
3843,5
3844,3
3845,2
3846,5
3847,5
3848,5
3849,3
3850,5
3851,4
3852,3
3853,4
3854,6
3855,5
3856,4
3857,3
3858,4
3859,4
3860,5
3861,6
3862,4
3863,3
3864,3
3865,4
3866,6
3867,4
3868,5
3869,3
3870,6
3871,5
3872,3
3873,6
3874,1
3875,4
3876,4
3877,1
3878,5
3879,5
3880,2
3881,5
3882,6
3883,6
3884,4
3885,5
3886,4
3887,4
3888,3
3889,7
3890,4
3891,4
3892,3
3893,4
3894,4
3895,5
3896,5
3897,5
3898,4
3899,3
3900,4
3901,5
3902,5
3903,2
3904,5
3905,5
3906,5
3907,5
3908,4
3909,5
3910,6
3911,6
3912,4
3913,5
3914,5
3915,4
3916,5
3917,4
3918,7
3919,3
3920,4
3921,5
3922,5
3923,6
3924,2
3925,3
3926,5
3927,3
3928,7
3929,5
3930,3
3931,4
3932,4
3933,5
3934,6
3935,1
3936,3
3937,3
3938,5
3939,2
3940,3
3941,2
3942,1
3943,3
3944,4
3945,3
3946,5
3947,0
3948,5
3949,5
3950,3
3951,2
3952,4
3953,5
3954,2
3955,1
3956,7
3957,4
3958,5
3959,3
3960,5
3961,5
3962,4
3963,2
3964,3
3965,5
3966,5
3967,6
3968,4
3969,5
3970,5
3971,4
3972,3
3973,4
3974,3
3975,5
3976,5
3977,3
3978,4
3979,3
3980,7
3981,4
3982,3
3983,5
3984,5
3985,3
3986,3
3987,4
3988,2
3989,4
3990,4
3991,6
3992,2
3993,5
3994,3
3995,5
3996,5
3997,3
3998,4
3999,4
4000,4
4001,4
4002,7
4003,4
4004,2
4005,3
4006,7
4007,4
4008,4
4009,3
4010,2
4011,5
4012,5
4013,5
4014,3
4015,2
4016,4
4017,4
4018,7
4019,4
4020,3
4021,3
4022,5
4023,6
4024,2
4025,4
4026,2
4027,6
4028,3
4029,5
4030,6
4031,3
4032,5
4033,4
4034,3
4035,3
4036,4
4037,5
4038,5
4039,7
4040,4
4041,5
4042,4
4043,5
4044,6
4045,2
4046,4
4047,3
4048,5
4049,3
4050,6
4051,6
4052,7
4053,6
4054,5
4055,1
4056,6
4057,6
4058,2
4059,4
4060,4
4061,5
4062,6
4063,4
4064,5
4065,4
4066,4
4067,6
4068,5
4069,5
4070,7
4071,6
4072,5
4073,6
4074,2
4075,5
4076,4
4077,2
4078,4
4079,4
4080,4
4081,5
4082,3
4083,4
4084,4
4085,3
4086,4
4087,4
4088,5
4089,3
4090,6
4091,5
4092,6
4093,9
4094,4
4095,4
4096,5
4097,4
4098,7
4099,3
4100,5
4101,5
4102,4
4103,4
4104,3
4105,6
4106,2
4107,6
4108,5
4109,2
4110,2
4111,3
4112,6
4113,2
4114,5
4115,3
4116,0
4117,2
4118,5
4119,3
4120,5
4121,4
4122,2
4123,3
4124,7
4125,3
4126,5
4127,5
4128,4
4129,5
4130,6
4131,2
4132,5
4133,5
4134,6
4135,5
4136,4
4137,4
4138,4
4139,2
4140,4
4141,6
4142,3
4143,5
4144,4
4145,3
4146,4
4147,3
4148,6
4149,1
4150,3
4151,4
4152,5
4153,4
4154,6
4155,5
4156,4
4157,5
4158,6
4159,5
4160,4
4161,4
4162,4
4163,4
4164,6
4165,5
4166,5
4167,5
4168,4
4169,4
4170,4
4171,4
4172,7
4173,6
4174,5
4175,3
4176,2
4177,5
4178,4
4179,5
4180,4
4181,4
4182,3
4183,5
4184,4
4185,2
4186,4
4187,2
4188,6
4189,4
4190,5
4191,6
4192,4
4193,3
4194,5
4195,2
4196,3
4197,3
4198,3
4199,4
4200,3
4201,3
4202,6
4203,5
4204,7
4205,5
4206,4
4207,3
4208,6
4209,3
4210,4
4211,2
4212,7
4213,5
4214,6
4215,5
4216,6
4217,4
4218,6
4219,3
4220,5
4221,3
4222,7
4223,3
4224,6
4225,3
4226,4
4227,4
4228,3
4229,4
4230,3
4231,6
4232,5
4233,5
4234,4
4235,4
4236,4
4237,5
4238,7
4239,5
4240,4
4241,4
4242,7
4243,6
4244,4
4245,2
4246,4
4247,4
4248,3
4249,2
4250,5
4251,2
4252,5
4253,6
4254,4
4255,4
4256,3
4257,4
4258,5
4259,5
4260,3
4261,5
4262,5
4263,3
4264,5
4265,6
4266,5
4267,7
4268,4
4269,5
4270,4
4271,5
4272,4
4273,4
4274,6
4275,3
4276,4
4277,4
4278,4
4279,6
4280,3
4281,4
4282,2
4283,1
4284,6
4285,4
4286,4
4287,4
4288,4
4289,3
4290,5
4291,5
4292,4
4293,4
4294,3
4295,5
4296,4
4297,4
4298,4
4299,3
4300,4
4301,6
4302,7
4303,5
4304,5
4305,6
4306,5
4307,6
4308,5
4309,3
4310,6
4311,4
4312,4
4313,6
4314,5
4315,3
4316,3
4317,2
4318,2
4319,4
4320,3
4321,2
4322,3
4323,4
4324,5
4325,3
4326,5
4327,3
4328,5
4329,5
4330,4
4331,4
4332,4
4333,2
4334,2
4335,5
4336,5
4337,5
4338,3
4339,2
4340,5
4341,2
4342,3
4343,4
4344,7
4345,5
4346,2
4347,3
4348,4
4349,5
4350,5
4351,3
4352,5
4353,4
4354,5
4355,4
4356,2
4357,4
4358,5
4359,4
4360,5
4361,6
4362,4
4363,4
4364,5
4365,4
4366,2
4367,5
4368,7
4369,3
4370,6
4371,5
4372,2
4373,4
4374,5
4375,4
4376,3
4377,3
4378,4
4379,4
4380,3
4381,3
4382,5
4383,5
4384,4
4385,2
4386,1
4387,2
4388,2
4389,5
4390,3
4391,5
4392,4
4393,3
4394,4
4395,6
4396,5
4397,6
4398,4
4399,4
4400,6
4401,6
4402,4
4403,1
4404,6
4405,3
4406,5
4407,3
4408,5
4409,5
4410,4
4411,4
4412,2
4413,3
4414,5
4415,5
4416,3
4417,3
4418,5
4419,3
4420,5
4421,3
4422,3
4423,4
4424,3
4425,4
4426,3
4427,3
4428,3
4429,4
4430,2
4431,5
4432,2
4433,6
4434,7
4435,4
4436,6
4437,7
4438,8
4439,5
4440,5
4441,3
4442,2
4443,3
4444,5
4445,5
4446,4
4447,3
4448,6
4449,6
4450,4
4451,7
4452,5
4453,4
4454,3
4455,5
4456,2
4457,2
4458,4
4459,3
4460,4
4461,2
4462,4
4463,4
4464,5
4465,3
4466,4
4467,6
4468,5
4469,5
4470,5
4471,6
4472,5
4473,6
4474,6
4475,3
4476,2
4477,5
4478,3
4479,4
4480,3
4481,3
4482,2
4483,3
4484,5
4485,5
4486,4
4487,5
4488,5
4489,3
4490,4
4491,4
4492,5
4493,3
4494,4
4495,3
4496,3
4497,3
4498,4
4499,0
4500,4
4501,3
4502,6
4503,5
4504,7
4505,2
4506,3
4507,5
4508,2
4509,3
4510,6
4511,6
4512,6
4513,4
4514,3
4515,6
4516,4
4517,4
4518,2
4519,5
4520,5
4521,4
4522,6
4523,3
4524,4
4525,1
4526,5
4527,7
4528,7
4529,5
4530,4
4531,5
4532,7
4533,5
4534,5
4535,5
4536,3
4537,6
4538,4
4539,3
4540,2
4541,3
4542,1
4543,3
4544,5
4545,3
4546,7
4547,1
4548,5
4549,2
4550,4
4551,5
4552,3
4553,4
4554,5
4555,3
4556,4
4557,6
4558,5
4559,7
4560,1
4561,4
4562,4
4563,3
4564,5
4565,2
4566,3
4567,3
4568,4
4569,3
4570,5
4571,4
4572,4
4573,1
4574,4
4575,4
4576,5
4577,3
4578,4
4579,2
4580,5
4581,4
4582,7
4583,7
4584,3
4585,8
4586,4
4587,4
4588,7
4589,4
4590,4
4591,6
4592,4
4593,4
4594,4
4595,5
4596,3
4597,4
4598,3
4599,6
4600,2
4601,5
4602,2
4603,5
4604,6
4605,4
4606,5
4607,6
4608,4
4609,4
4610,3
4611,5
4612,4
4613,4
4614,4
4615,5
4616,6
4617,4
4618,5
4619,4
4620,6
4621,5
4622,4
4623,3
4624,5
4625,4
4626,2
4627,5
4628,5
4629,2
4630,3
4631,5
4632,5
4633,5
4634,3
4635,3
4636,2
4637,4
4638,3
4639,4
4640,7
4641,6
4642,6
4643,3
4644,6
4645,4
4646,5
4647,5
4648,4
4649,1
4650,7
4651,2
4652,4
4653,4
4654,3
4655,3
4656,6
4657,5
4658,4
4659,7
4660,2
4661,3
4662,3
4663,5
4664,5
4665,3
4666,3
4667,3
4668,4
4669,5
4670,1
4671,5
4672,4
4673,3
4674,5
4675,6
4676,6
4677,6
4678,4
4679,2
4680,2
4681,5
4682,5
4683,3
4684,4
4685,6
4686,5
4687,2
4688,5
4689,5
4690,6
4691,4
4692,5
4693,2
4694,4
4695,5
4696,5
4697,1
4698,4
4699,3
4700,4
4701,4
4702,6
4703,5
4704,5
4705,5
4706,6
4707,6
4708,5
4709,4
4710,5
4711,3
4712,7
4713,5
4714,5
4715,4
4716,2
4717,3
4718,3
4719,4
4720,6
4721,5
4722,4
4723,5
4724,3
4725,1
4726,3
4727,4
4728,4
4729,4
4730,4
4731,3
4732,5
4733,3
4734,5
4735,5
4736,5
4737,5
4738,5
4739,6
4740,2
4741,4
4742,5
4743,0
4744,4
4745,5
4746,3
4747,6
4748,4
4749,4
4750,5
4751,5
4752,4
4753,4
4754,4
4755,4
4756,6
4757,5
4758,5
4759,4
4760,5
4761,4
4762,2
4763,4
4764,3
4765,7
4766,5
4767,5
4768,5
4769,4
4770,6
4771,3
4772,6
4773,3
4774,5
4775,6
4776,4
4777,4
4778,5
4779,3
4780,5
4781,8
4782,6
4783,1
4784,3
4785,3
4786,6
4787,5
4788,4
4789,5
4790,5
4791,6
4792,4
4793,6
4794,4
4795,5
4796,4
4797,3
4798,4
4799,5
4800,3
4801,5
4802,4
4803,4
4804,3
4805,4
4806,4
4807,2
4808,6
4809,4
4810,4
4811,4
4812,2
4813,4
4814,3
4815,2
4816,5
4817,7
4818,3
4819,5
4820,5
4821,6
4822,2
4823,3
4824,1
4825,4
4826,5
4827,4
4828,6
4829,4
4830,4
4831,3
4832,5
4833,4
4834,5
4835,6
4836,4
4837,6
4838,4
4839,6
4840,3
4841,4
4842,6
4843,4
4844,4
4845,4
4846,4
4847,5
4848,1
4849,2
4850,2
4851,7
4852,2
4853,2
4854,4
4855,5
4856,3
4857,4
4858,4
4859,5
4860,5
4861,5
4862,4
4863,4
4864,6
4865,6
4866,5
4867,4
4868,6
4869,3
4870,3
4871,3
4872,4
4873,2
4874,3
4875,5
4876,4
4877,4
4878,4
4879,3
4880,6
4881,3
4882,4
4883,2
4884,4
4885,2
4886,2
4887,3
4888,5
4889,2
4890,4
4891,3
4892,3
4893,4
4894,5
4895,6
4896,4
4897,5
4898,3
4899,2
4900,5
4901,6
4902,5
4903,0
4904,5
4905,4
4906,4
4907,5
4908,4
4909,6
4910,4
4911,6
4912,0
4913,3
4914,4
4915,5
4916,5
4917,5
4918,4
4919,4
4920,1
4921,4
4922,5
4923,4
4924,5
4925,4
4926,6
4927,5
4928,5
4929,1
4930,5
4931,3
4932,2
4933,3
4934,4
4935,5
4936,3
4937,3
4938,5
4939,6
4940,5
4941,6
4942,5
4943,4
4944,1
4945,2
4946,3
4947,4
4948,3
4949,4
4950,4
4951,5
4952,5
4953,3
4954,3
4955,4
4956,6
4957,3
4958,5
4959,5
4960,2
4961,3
4962,5
4963,6
4964,4
4965,1
4966,5
4967,3
4968,6
4969,4
4970,2
4971,2
4972,4
4973,3
4974,4
4975,4
4976,6
4977,2
4978,2
4979,3
4980,5
4981,6
4982,5
4983,5
4984,5
4985,4
4986,7
4987,6
4988,1
4989,3
4990,7
4991,1
4992,5
4993,8
4994,6
4995,2
4996,4
4997,5
4998,5
4999,6
5000,2
5001,4
5002,5
5003,4
5004,3
5005,3
5006,3
5007,1
5008,4
5009,3
5010,4
5011,2
5012,3
5013,4
5014,2
5015,5
5016,6
5017,1
5018,3
5019,4
5020,5
5021,4
5022,4
5023,1
5024,2
5025,4
5026,3
5027,1
5028,4
5029,3
5030,5
5031,3
5032,3
5033,3
5034,5
5035,3
5036,3
5037,1
5038,3
5039,2
5040,7
5041,3
5042,6
5043,1
5044,2
5045,2
5046,3
5047,1
5048,3
5049,3
5050,1
5051,3
5052,5
5053,1
5054,1
5055,1
5056,2
5057,2
5058,4
5059,2
5060,4
5061,3
5062,4
5063,3
5064,2
5065,2
5066,2
5067,1
5068,1
5069,3
5070,1
5071,3
5072,2
5073,4
5074,2
5075,6
5076,2
5077,5
5078,1
5079,4
5080,3
5081,2
5082,6
5083,3
5084,2
5085,4
5086,5
5087,3
5088,2
5089,5
5090,4
5091,3
5092,1
5093,5
5094,3
5095,2
5096,2
5097,2
5098,3
5099,3
5100,5
5101,3
5102,3
5103,2
5104,1
5105,5
5106,2
5107,6
5108,4
5109,2
5110,3
5111,2
5112,1
5113,5
5114,4
5115,5
5116,3
5117,3
5118,1
5119,0
5120,3
5121,2
5122,4
5123,6
5124,2
5125,2
5126,4
5127,3
5128,4
5129,2
5130,0
5131,4
5132,2
5133,4
5134,3
5135,1
5136,7
5137,5
5138,4
5139,4
5140,2
5141,3
5142,2
5143,6
5144,3
5145,1
5146,6
5147,4
5148,4
5149,2
5150,6
5151,3
5152,2
5153,3
5154,5
5155,0
5156,3
5157,2
5158,1
5159,3
5160,2
5161,5
5162,3
5163,1
5164,2
5165,3
5166,2
5167,2
5168,2
5169,3
5170,3
5171,5
5172,2
5173,5
5174,2
5175,2
5176,4
5177,2
5178,4
5179,1
5180,1
5181,1
5182,5
5183,2
5184,4
5185,2
5186,5
5187,3
5188,4
5189,1
5190,2
5191,4
5192,2
5193,1
5194,2
5195,3
5196,3
5197,2
5198,1
5199,2
5200,4
5201,3
5202,1
5203,4
5204,2
5205,3
5206,3
5207,2
5208,4
5209,5
5210,3
5211,3
5212,2
5213,3
5214,3
5215,1
5216,0
5217,4
5218,3
5219,3
5220,5
5221,3
5222,3
5223,4
5224,3
5225,2
5226,2
5227,2
5228,3
5229,1
5230,4
5231,5
5232,4
5233,2
5234,1
5235,1
5236,4
5237,2
5238,6
5239,5
5240,4
5241,4
5242,3
5243,2
5244,1
5245,6
5246,4
5247,0
5248,1
5249,2
5250,4
5251,5
5252,4
5253,2
5254,4
5255,3
5256,1
5257,6
5258,4
5259,4
5260,2
5261,3
5262,0
5263,4
5264,3
5265,3
5266,2
5267,2
5268,3
5269,2
5270,6
5271,5
5272,2
5273,5
5274,0
5275,4
5276,3
5277,2
5278,3
5279,3
5280,5
5281,1
5282,2
5283,4
5284,2
5285,3
5286,3
5287,5
5288,4
5289,4
5290,2
5291,1
5292,2
5293,4
5294,1
5295,4
5296,4
5297,1
5298,3
5299,5
5300,4
5301,3
5302,3
5303,3
5304,2
5305,4
5306,2
5307,1
5308,3
5309,3
5310,3
5311,3
5312,2
5313,2
5314,3
5315,2
5316,3
5317,3
5318,3
5319,4
5320,4
5321,1
5322,1
5323,3
5324,1
5325,2
5326,4
5327,3
5328,3
5329,3
5330,5
5331,3
5332,1
5333,3
5334,1
5335,5
5336,1
5337,0
5338,4
5339,5
5340,6
5341,3
5342,3
5343,3
5344,5
5345,3
5346,2
5347,3
5348,1
5349,4
5350,2
5351,4
5352,3
5353,1
5354,2
5355,4
5356,4
5357,5
5358,4
5359,6
5360,4
5361,2
5362,2
5363,4
5364,1
5365,3
5366,5
5367,1
5368,3
5369,4
5370,2
5371,1
5372,2
5373,1
5374,4
5375,1
5376,2
5377,5
5378,4
5379,6
5380,4
5381,3
5382,3
5383,2
5384,5
5385,3
5386,4
5387,3
5388,3
5389,2
5390,2
5391,1
5392,3
5393,6
5394,2
5395,2
5396,1
5397,2
5398,2
5399,1
5400,2
5401,5
5402,4
5403,3
5404,2
5405,3
5406,4
5407,5
5408,0
5409,2
5410,3
5411,2
5412,3
5413,5
5414,5
5415,5
5416,3
5417,1
5418,2
5419,4
5420,2
5421,2
5422,2
5423,3
5424,2
5425,2
5426,4
5427,5
5428,2
5429,1
5430,2
5431,2
5432,5
5433,2
5434,2
5435,2
5436,2
5437,3
5438,3
5439,3
5440,3
5441,4
5442,5
5443,1
5444,2
5445,6
5446,4
5447,5
5448,0
5449,4
5450,3
5451,4
5452,3
5453,3
5454,2
5455,1
5456,4
5457,3
5458,1
5459,4
5460,3
5461,6
5462,3
5463,3
5464,2
5465,2
5466,5
5467,3
5468,4
5469,2
5470,0
5471,5
5472,4
5473,6
5474,2
5475,3
5476,4
5477,4
5478,2
5479,4
5480,2
5481,2
5482,6
5483,1
5484,4
5485,3
5486,2
5487,2
5488,3
5489,3
5490,4
5491,2
5492,3
5493,2
5494,2
5495,3
5496,2
5497,2
5498,5
5499,2
5500,2
5501,5
5502,1
5503,2
5504,4
5505,4
5506,1
5507,6
5508,4
5509,1
5510,1
5511,2
5512,4
5513,4
5514,4
5515,3
5516,2
5517,4
5518,4
5519,4
5520,4
5521,2
5522,2
5523,0
5524,3
5525,2
5526,3
5527,0
5528,2
5529,5
5530,6
5531,2
5532,5
5533,5
5534,2
5535,4
5536,3
5537,4
5538,3
5539,2
5540,2
5541,4
5542,1
5543,4
5544,0
5545,5
5546,4
5547,2
5548,1
5549,3
5550,4
5551,5
5552,5
5553,1
5554,3
5555,4
5556,1
5557,5
5558,2
5559,2
5560,3
5561,4
5562,6
5563,3
5564,6
5565,5
5566,2
5567,5
5568,3
5569,4
5570,2
5571,3
5572,4
5573,3
5574,4
5575,4
5576,2
5577,3
5578,1
5579,2
5580,2
5581,3
5582,2
5583,2
5584,4
5585,5
5586,4
5587,4
5588,3
5589,2
5590,4
5591,3
5592,3
5593,3
5594,2
5595,3
5596,0
5597,2
5598,3
5599,1
5600,2
5601,5
5602,4
5603,2
5604,1
5605,3
5606,2
5607,4
5608,2
5609,2
5610,3
5611,3
5612,1
5613,5
5614,2
5615,0
5616,6
5617,2
5618,2
5619,4
5620,2
5621,3
5622,4
5623,3
5624,1
5625,6
5626,4
5627,1
5628,1
5629,1
5630,2
5631,0
5632,3
5633,5
5634,5
5635,3
5636,3
5637,3
5638,3
5639,2
5640,3
5641,3
5642,5
5643,4
5644,0
5645,2
5646,2
5647,0
5648,3
5649,3
5650,2
5651,4
5652,5
5653,3
5654,6
5655,4
5656,0
5657,4
5658,1
5659,3
5660,5
5661,2
5662,2
5663,1
5664,3
5665,3
5666,3
5667,1
5668,3
5669,6
5670,5
5671,1
5672,3
5673,4
5674,4
5675,2
5676,0
5677,1
5678,5
5679,6
5680,6
5681,3
5682,1
5683,4
5684,3
5685,4
5686,2
5687,4
5688,4
5689,4
5690,2
5691,3
5692,5
5693,1
5694,6
5695,2
5696,3
5697,4
5698,2
5699,3
5700,0
5701,1
5702,3
5703,5
5704,5
5705,4
5706,6
5707,1
5708,2
5709,3
5710,1
5711,1
5712,3
5713,2
5714,3
5715,3
5716,4
5717,2
5718,4
5719,2
5720,0
5721,3
5722,5
5723,3
5724,0
5725,5
5726,3
5727,2
5728,5
5729,2
5730,3
5731,3
5732,2
5733,3
5734,3
5735,6
5736,4
5737,1
5738,4
5739,2
5740,1
5741,4
5742,3
5743,3
5744,2
5745,4
5746,3
5747,3
5748,5
5749,4
5750,4
5751,3
5752,5
5753,4
5754,1
5755,2
5756,3
5757,4
5758,6
5759,3
5760,5
5761,2
5762,5
5763,5
5764,3
5765,5
5766,1
5767,2
5768,5
5769,2
5770,6
5771,3
5772,3
5773,4
5774,3
5775,2
5776,2
5777,5
5778,0
5779,4
5780,3
5781,1
5782,2
5783,4
5784,3
5785,2
5786,5
5787,2
5788,0
5789,5
5790,3
5791,1
5792,5
5793,3
5794,3
5795,3
5796,3
5797,3
5798,3
5799,5
5800,3
5801,2
5802,3
5803,3
5804,1
5805,2
5806,4
5807,3
5808,3
5809,3
5810,4
5811,1
5812,2
5813,3
5814,5
5815,1
5816,3
5817,0
5818,2
5819,2
5820,3
5821,2
5822,2
5823,3
5824,5
5825,5
5826,3
5827,3
5828,4
5829,5
5830,3
5831,4
5832,4
5833,3
5834,3
5835,3
5836,4
5837,3
5838,4
5839,3
5840,4
5841,4
5842,0
5843,3
5844,2
5845,5
5846,3
5847,2
5848,1
5849,4
5850,4
5851,4
5852,6
5853,3
5854,2
5855,5
5856,4
5857,4
5858,1
5859,2
5860,3
5861,4
5862,2
5863,3
5864,3
5865,4
5866,6
5867,1
5868,1
5869,5
5870,2
5871,4
5872,3
5873,6
5874,1
5875,3
5876,4
5877,4
5878,6
5879,1
5880,3
5881,5
5882,4
5883,2
5884,4
5885,2
5886,3
5887,1
5888,2
5889,3
5890,4
5891,3
5892,3
5893,4
5894,4
5895,2
5896,3
5897,2
5898,3
5899,3
5900,4
5901,6
5902,5
5903,4
5904,4
5905,1
5906,2
5907,3
5908,2
5909,3
5910,2
5911,4
5912,4
5913,3
5914,2
5915,2
5916,1
5917,4
5918,5
5919,4
5920,4
5921,4
5922,2
5923,2
5924,3
5925,3
5926,2
5927,2
5928,2
5929,2
5930,3
5931,4
5932,2
5933,3
5934,3
5935,4
5936,2
5937,2
5938,3
5939,2
5940,1
5941,3
5942,1
5943,5
5944,3
5945,3
5946,4
5947,4
5948,3
5949,5
5950,0
5951,4
5952,4
5953,3
5954,4
5955,2
5956,4
5957,4
5958,3
5959,1
5960,2
5961,4
5962,5
5963,3
5964,3
5965,5
5966,2
5967,6
5968,4
5969,2
5970,4
5971,3
5972,5
5973,3
5974,3
5975,2
5976,5
5977,2
5978,5
5979,3
5980,1
5981,3
5982,3
5983,2
5984,3
5985,2
5986,3
5987,4
5988,1
5989,4
5990,2
5991,2
5992,5
5993,4
5994,3
5995,0
5996,5
5997,3
5998,2
5999,4
6000,3
6001,3
6002,0
6003,3
6004,3
6005,3
6006,4
6007,4
6008,3
6009,3
6010,4
6011,4
6012,5
6013,0
6014,4
6015,2
6016,2
6017,4
6018,1
6019,4
6020,3
6021,2
6022,4
6023,3
6024,1
6025,7
6026,4
6027,2
6028,5
6029,4
6030,2
6031,3
6032,3
6033,1
6034,5
6035,1
6036,4
6037,2
6038,3
6039,4
6040,5
6041,3
6042,3
6043,1
6044,3
6045,4
6046,3
6047,5
6048,4
6049,5
6050,4
6051,4
6052,1
6053,2
6054,3
6055,0
6056,3
6057,1
6058,5
6059,3
6060,6
6061,2
6062,2
6063,2
6064,3
6065,6
6066,3
6067,3
6068,2
6069,3
6070,2
6071,2
6072,2
6073,3
6074,3
6075,4
6076,2
6077,3
6078,2
6079,2
6080,2
6081,1
6082,5
6083,1
6084,6
6085,2
6086,1
6087,3
6088,2
6089,2
6090,5
6091,6
6092,1
6093,3
6094,6
6095,2
6096,2
6097,2
6098,4
6099,5
6100,3
6101,3
6102,3
6103,0
6104,3
6105,3
6106,3
6107,2
6108,0
6109,3
6110,3
6111,5
6112,2
6113,3
6114,4
6115,3
6116,3
6117,5
6118,3
6119,1
6120,4
6121,1
6122,2
6123,3
6124,3
6125,4
6126,2
6127,1
6128,1
6129,1
6130,3
6131,2
6132,3
6133,1
6134,3
6135,5
6136,2
6137,6
6138,1
6139,3
6140,4
6141,4
6142,1
6143,2
6144,3
6145,4
6146,5
6147,4
6148,4
6149,3
6150,4
6151,4
6152,2
6153,3
6154,2
6155,4
6156,3
6157,3
6158,3
6159,3
6160,2
6161,3
6162,4
6163,2
6164,3
6165,6
6166,4
6167,4
6168,3
6169,2
6170,1
6171,3
6172,1
6173,1
6174,1
6175,6
6176,2
6177,3
6178,3
6179,3
6180,1
6181,2
6182,3
6183,2
6184,1
6185,3
6186,2
6187,0
6188,3
6189,2
6190,3
6191,4
6192,4
6193,3
6194,3
6195,4
6196,1
6197,5
6198,3
6199,2
6200,2
6201,3
6202,1
6203,4
6204,4
6205,2
6206,3
6207,2
6208,2
6209,4
6210,4
6211,5
6212,2
6213,4
6214,3
6215,4
6216,2
6217,5
6218,3
6219,5
6220,1
6221,6
6222,3
6223,5
6224,4
6225,4
6226,4
6227,3
6228,2
6229,2
6230,5
6231,3
6232,1
6233,4
6234,2
6235,2
6236,2
6237,6
6238,2
6239,4
6240,4
6241,4
6242,3
6243,3
6244,6
6245,2
6246,2
6247,6
6248,3
6249,1
6250,4
6251,2
6252,5
6253,3
6254,1
6255,5
6256,3
6257,1
6258,4
6259,4
6260,4
6261,3
6262,2
6263,5
6264,2
6265,2
6266,3
6267,4
6268,2
6269,4
6270,4
6271,3
6272,4
6273,3
6274,2
6275,5
6276,2
6277,5
6278,6
6279,3
6280,1
6281,2
6282,3
6283,4
6284,3
6285,5
6286,3
6287,4
6288,1
6289,2
6290,5
6291,2
6292,3
6293,0
6294,3
6295,4
6296,3
6297,4
6298,3
6299,2
6300,4
6301,0
6302,2
6303,2
6304,2
6305,1
6306,0
6307,3
6308,5
6309,4
6310,4
6311,4
6312,3
6313,3
6314,4
6315,3
6316,2
6317,5
6318,4
6319,2
6320,2
6321,3
6322,4
6323,7
6324,1
6325,3
6326,2
6327,4
6328,6
6329,5
6330,5
6331,2
6332,3
6333,2
6334,2
6335,2
6336,3
6337,2
6338,1
6339,2
6340,2
6341,3
6342,2
6343,3
6344,2
6345,5
6346,5
6347,1
6348,6
6349,1
6350,2
6351,2
6352,5
6353,0
6354,5
6355,3
6356,1
6357,4
6358,4
6359,3
6360,2
6361,5
6362,1
6363,2
6364,3
6365,4
6366,6
6367,2
6368,3
6369,2
6370,2
6371,4
6372,0
6373,2
6374,4
6375,2
6376,0
6377,2
6378,4
6379,5
6380,3
6381,4
6382,1
6383,0
6384,3
6385,2
6386,3
6387,2
6388,4
6389,3
6390,4
6391,4
6392,3
6393,3
6394,3
6395,1
6396,5
6397,2
6398,3
6399,7
6400,4
6401,2
6402,1
6403,3
6404,4
6405,3
6406,4
6407,2
6408,3
6409,2
6410,4
6411,1
6412,3
6413,1
6414,3
6415,3
6416,3
6417,1
6418,4
6419,3
6420,2
6421,2
6422,4
6423,4
6424,1
6425,3
6426,2
6427,3
6428,1
6429,2
6430,1
6431,4
6432,3
6433,4
6434,4
6435,3
6436,4
6437,5
6438,3
6439,1
6440,2
6441,3
6442,4
6443,4
6444,0
6445,2
6446,4
6447,6
6448,4
6449,2
6450,1
6451,3
6452,2
6453,2
6454,4
6455,0
6456,1
6457,2
6458,6
6459,4
6460,2
6461,4
6462,3
6463,4
6464,5
6465,5
6466,4
6467,2
6468,3
6469,3
6470,2
6471,0
6472,4
6473,4
6474,5
6475,2
6476,6
6477,0
6478,1
6479,3
6480,1
6481,4
6482,5
6483,5
6484,1
6485,2
6486,4
6487,2
6488,5
6489,2
6490,5
6491,5
6492,2
6493,4
6494,4
6495,1
6496,5
6497,2
6498,3
6499,2
6500,3
6501,4
6502,5
6503,1
6504,2
6505,1
6506,6
6507,0
6508,3
6509,4
6510,3
6511,2
6512,6
6513,3
6514,9
6515,5
6516,4
6517,6
6518,4
6519,4
6520,4
6521,3
6522,5
6523,1
6524,4
6525,1
6526,0
6527,0
6528,4
6529,3
6530,3
6531,5
6532,4
6533,4
6534,4
6535,5
6536,3
6537,3
6538,4
6539,2
6540,1
6541,6
6542,3
6543,3
6544,2
6545,3
6546,4
6547,4
6548,3
6549,2
6550,4
6551,4
6552,2
6553,5
6554,1
6555,4
6556,4
6557,3
6558,2
6559,4
6560,4
6561,6
6562,3
6563,3
6564,2
6565,2
6566,6
6567,0
6568,1
6569,3
6570,3
6571,4
6572,6
6573,4
6574,1
6575,4
6576,4
6577,2
6578,3
6579,2
6580,3
6581,4
6582,3
6583,3
6584,3
6585,1
6586,3
6587,4
6588,2
6589,4
6590,3
6591,2
6592,2
6593,4
6594,2
6595,4
6596,3
6597,0
6598,4
6599,1
6600,3
6601,3
6602,3
6603,4
6604,4
6605,4
6606,0
6607,2
6608,3
6609,4
6610,2
6611,1
6612,5
6613,3
6614,3
6615,1
6616,1
6617,2
6618,3
6619,2
6620,2
6621,3
6622,5
6623,4
6624,6
6625,1
6626,5
6627,1
6628,3
6629,2
6630,2
6631,4
6632,1
6633,1
6634,6
6635,3
6636,3
6637,1
6638,4
6639,0
6640,3
6641,2
6642,5
6643,4
6644,2
6645,2
6646,2
6647,4
6648,2
6649,2
6650,5
6651,1
6652,2
6653,4
6654,2
6655,2
6656,3
6657,3
6658,4
6659,5
6660,3
6661,3
6662,2
6663,2
6664,5
6665,4
6666,3
6667,5
6668,3
6669,3
6670,5
6671,2
6672,1
6673,3
6674,2
6675,3
6676,7
6677,3
6678,4
6679,4
6680,4
6681,3
6682,4
6683,0
6684,3
6685,2
6686,2
6687,3
6688,2
6689,3
6690,4
6691,2
6692,5
6693,3
6694,4
6695,3
6696,3
6697,0
6698,3
6699,1
6700,4
6701,3
6702,2
6703,3
6704,3
6705,5
6706,3
6707,1
6708,4
6709,4
6710,1
6711,3
6712,3
6713,3
6714,1
6715,3
6716,5
6717,2
6718,6
6719,0
6720,3
6721,1
6722,4
6723,1
6724,2
6725,2
6726,3
6727,3
6728,2
6729,2
6730,5
6731,4
6732,2
6733,3
6734,1
6735,3
6736,2
6737,2
6738,4
6739,1
6740,5
6741,1
6742,4
6743,2
6744,5
6745,3
6746,3
6747,3
6748,7
6749,2
6750,2
6751,4
6752,3
6753,2
6754,1
6755,4
6756,2
6757,2
6758,2
6759,5
6760,0
6761,3
6762,4
6763,5
6764,3
6765,5
6766,2
6767,0
6768,2
6769,2
6770,2
6771,6
6772,4
6773,4
6774,1
6775,3
6776,4
6777,4
6778,3
6779,2
6780,3
6781,2
6782,1
6783,4
6784,2
6785,3
6786,3
6787,2
6788,4
6789,4
6790,4
6791,3
6792,5
6793,1
6794,3
6795,3
6796,3
6797,0
6798,4
6799,3
6800,3
6801,4
6802,4
6803,3
6804,4
6805,4
6806,3
6807,4
6808,2
6809,2
6810,3
6811,4
6812,0
6813,3
6814,5
6815,4
6816,1
6817,4
6818,3
6819,3
6820,3
6821,0
6822,3
6823,5
6824,2
6825,2
6826,4
6827,1
6828,2
6829,2
6830,4
6831,3
6832,2
6833,3
6834,6
6835,4
6836,1
6837,2
6838,4
6839,5
6840,6
6841,3
6842,3
6843,2
6844,1
6845,3
6846,3
6847,3
6848,2
6849,1
6850,2
6851,3
6852,3
6853,0
6854,2
6855,2
6856,3
6857,3
6858,0
6859,1
6860,5
6861,3
6862,6
6863,2
6864,3
6865,7
6866,2
6867,3
6868,1
6869,4
6870,2
6871,5
6872,4
6873,4
6874,2
6875,3
6876,3
6877,4
6878,1
6879,2
6880,3
6881,5
6882,4
6883,2
6884,3
6885,3
6886,1
6887,6
6888,3
6889,1
6890,3
6891,4
6892,1
6893,2
6894,4
6895,3
6896,1
6897,2
6898,2
6899,5
6900,5
6901,1
6902,2
6903,3
6904,1
6905,3
6906,5
6907,2
6908,1
6909,1
6910,1
6911,5
6912,2
6913,4
6914,1
6915,5
6916,1
6917,3
6918,0
6919,2
6920,3
6921,4
6922,2
6923,5
6924,6
6925,1
6926,4
6927,4
6928,1
6929,1
6930,5
6931,1
6932,2
6933,1
6934,4
6935,3
6936,3
6937,3
6938,3
6939,3
6940,4
6941,3
6942,1
6943,2
6944,2
6945,1
6946,1
6947,3
6948,4
6949,2
6950,2
6951,3
6952,4
6953,4
6954,3
6955,3
6956,3
6957,2
6958,2
6959,3
6960,2
6961,3
6962,2
6963,3
6964,1
6965,5
6966,3
6967,4
6968,3
6969,3
6970,3
6971,1
6972,1
6973,3
6974,1
6975,4
6976,5
6977,3
6978,7
6979,3
6980,4
6981,4
6982,3
6983,2
6984,4
6985,2
6986,3
6987,3
6988,5
6989,1
6990,1
6991,3
6992,3
6993,3
6994,4
6995,1
6996,3
6997,6
6998,3
6999,2
7000,2
7001,4
7002,4
7003,3
7004,3
7005,2
7006,5
7007,3
7008,5
7009,2
7010,5
7011,1
7012,6
7013,3
7014,5
7015,2
7016,3
7017,3
7018,2
7019,6
7020,4
7021,1
7022,3
7023,6
7024,3
7025,1
7026,3
7027,3
7028,4
7029,5
7030,1
7031,1
7032,0
7033,5
7034,5
7035,4
7036,3
7037,3
7038,2
7039,2
7040,1
7041,6
7042,2
7043,2
7044,3
7045,4
7046,2
7047,4
7048,4
7049,5
7050,2
7051,3
7052,3
7053,2
7054,6
7055,2
7056,4
7057,3
7058,3
7059,3
7060,4
7061,4
7062,4
7063,4
7064,5
7065,2
7066,3
7067,2
7068,2
7069,4
7070,1
7071,2
7072,4
7073,4
7074,2
7075,2
7076,4
7077,2
7078,4
7079,1
7080,4
7081,3
7082,5
7083,2
7084,5
7085,1
7086,7
7087,3
7088,2
7089,2
7090,2
7091,4
7092,1
7093,2
7094,3
7095,2
7096,5
7097,1
7098,2
7099,2
7100,4
7101,2
7102,2
7103,2
7104,4
7105,2
7106,3
7107,2
7108,1
7109,3
7110,3
7111,1
7112,4
7113,1
7114,3
7115,3
7116,2
7117,1
7118,3
7119,2
7120,3
7121,3
7122,5
7123,6
7124,2
7125,2
7126,2
7127,5
7128,3
7129,5
7130,5
7131,3
7132,4
7133,5
7134,3
7135,1
7136,2
7137,3
7138,0
7139,4
7140,2
7141,5
7142,1
7143,1
7144,3
7145,2
7146,5
7147,1
7148,2
7149,3
7150,1
7151,3
7152,4
7153,3
7154,3
7155,3
7156,1
7157,3
7158,4
7159,4
7160,4
7161,3
7162,2
7163,2
7164,4
7165,3
7166,5
7167,2
7168,7
7169,4
7170,3
7171,3
7172,3
7173,2
7174,4
7175,5
7176,1
7177,3
7178,2
7179,4
7180,6
7181,4
7182,4
7183,1
7184,3
7185,5
7186,2
7187,3
7188,3
7189,4
7190,3
7191,3
7192,4
7193,2
7194,5
7195,5
7196,3
7197,5
7198,5
7199,3
7200,4
7201,4
7202,4
7203,1
7204,6
7205,6
7206,3
7207,1
7208,4
7209,3
7210,2
7211,4
7212,4
7213,4
7214,3
7215,7
7216,3
7217,3
7218,4
7219,5
7220,3
7221,2
7222,2
7223,2
7224,2
7225,1
7226,4
7227,4
7228,4
7229,2
7230,3
7231,4
7232,2
7233,5
7234,3
7235,2
7236,2
7237,1
7238,0
7239,2
7240,1
7241,1
7242,4
7243,2
7244,3
7245,5
7246,5
7247,1
7248,2
7249,4
7250,3
7251,2
7252,4
7253,5
7254,6
7255,2
7256,1
7257,4
7258,3
7259,3
7260,4
7261,3
7262,4
7263,3
7264,3
7265,2
7266,4
7267,1
7268,2
7269,3
7270,4
7271,5
7272,5
7273,2
7274,4
7275,4
7276,3
7277,1
7278,8
7279,5
7280,3
7281,0
7282,3
7283,4
7284,3
7285,4
7286,1
7287,4
7288,5
7289,2
7290,2
7291,1
7292,3
7293,2
7294,3
7295,3
7296,4
7297,2
7298,1
7299,3
7300,2
7301,4
7302,1
7303,1
7304,4
7305,3
7306,3
7307,1
7308,1
7309,2
7310,5
7311,3
7312,4
7313,0
7314,4
7315,2
7316,3
7317,2
7318,2
7319,3
7320,1
7321,4
7322,4
7323,5
7324,3
7325,1
7326,4
7327,1
7328,3
7329,3
7330,2
7331,2
7332,4
7333,2
7334,0
7335,2
7336,4
7337,4
7338,3
7339,5
7340,3
7341,3
7342,4
7343,3
7344,1
7345,2
7346,4
7347,2
7348,4
7349,3
7350,3
7351,2
7352,3
7353,1
7354,4
7355,3
7356,4
7357,2
7358,4
7359,4
7360,4
7361,2
7362,3
7363,4
7364,4
7365,2
7366,1
7367,4
7368,4
7369,6
7370,3
7371,2
7372,3
7373,2
7374,2
7375,3
7376,1
7377,3
7378,2
7379,5
7380,3
7381,2
7382,3
7383,4
7384,8
7385,4
7386,3
7387,6
7388,5
7389,3
7390,1
7391,3
7392,1
7393,3
7394,5
7395,4
7396,2
7397,4
7398,1
7399,7
7400,2
7401,1
7402,4
7403,1
7404,2
7405,2
7406,4
7407,4
7408,2
7409,5
7410,4
7411,2
7412,2
7413,0
7414,0
7415,4
7416,4
7417,3
7418,3
7419,4
7420,3
7421,0
7422,1
7423,3
7424,1
7425,4
7426,2
7427,1
7428,2
7429,3
7430,5
7431,1
7432,2
7433,5
7434,4
7435,1
7436,3
7437,4
7438,3
7439,2
7440,3
7441,4
7442,5
7443,2
7444,2
7445,4
7446,1
7447,4
7448,5
7449,1
7450,2
7451,2
7452,2
7453,2
7454,4
7455,4
7456,2
7457,1
7458,2
7459,3
7460,1
7461,4
7462,5
7463,5
7464,2
7465,3
7466,1
7467,1
7468,2
7469,2
7470,1
7471,2
7472,3
7473,2
7474,4
7475,1
7476,3
7477,4
7478,2
7479,4
7480,4
7481,3
7482,3
7483,4
7484,3
7485,4
7486,4
7487,4
7488,4
7489,2
7490,3
7491,7
7492,2
7493,6
7494,3
7495,1
7496,3
7497,4
7498,3
7499,5
7500,3
7501,3
7502,5
7503,5
7504,6
7505,1
7506,4
7507,2
7508,0
7509,5
7510,2
7511,2
7512,4
7513,4
7514,4
7515,1
7516,3
7517,4
7518,3
7519,2
7520,1
7521,5
7522,3
7523,3
7524,2
7525,4
7526,3
7527,4
7528,3
7529,3
7530,4
7531,4
7532,0
7533,3
7534,2
7535,3
7536,3
7537,2
7538,1
7539,1
7540,1
7541,4
7542,2
7543,3
7544,2
7545,6
7546,3
7547,3
7548,2
7549,3
7550,3
7551,4
7552,4
7553,2
7554,4
7555,3
7556,3
7557,2
7558,3
7559,3
7560,4
7561,3
7562,3
7563,1
7564,5
7565,1
7566,6
7567,2
7568,5
7569,2
7570,3
7571,3
7572,1
7573,2
7574,1
7575,4
7576,3
7577,4
7578,3
7579,4
7580,2
7581,2
7582,5
7583,3
7584,4
7585,3
7586,4
7587,3
7588,4
7589,2
7590,2
7591,4
7592,1
7593,2
7594,3
7595,4
7596,2
7597,4
7598,5
7599,3
7600,2
7601,1
7602,5
7603,5
7604,6
7605,2
7606,4
7607,4
7608,4
7609,3
7610,3
7611,4
7612,3
7613,3
7614,3
7615,4
7616,2
7617,2
7618,1
7619,3
7620,2
7621,4
7622,3
7623,5
7624,3
7625,2
7626,2
7627,3
7628,3
7629,1
7630,3
7631,1
7632,3
7633,4
7634,4
7635,4
7636,3
7637,6
7638,4
7639,4
7640,3
7641,2
7642,4
7643,0
7644,2
7645,4
7646,5
7647,4
7648,6
7649,4
7650,1
7651,2
7652,3
7653,4
7654,5
7655,8
7656,1
7657,3
7658,3
7659,1
7660,2
7661,5
7662,1
7663,4
7664,2
7665,2
7666,3
7667,5
7668,1
7669,3
7670,0
7671,2
7672,4
7673,2
7674,2
7675,3
7676,1
7677,3
7678,3
7679,2
7680,2
7681,2
7682,2
7683,2
7684,5
7685,2
7686,2
7687,2
7688,3
7689,3
7690,2
7691,7
7692,3
7693,3
7694,1
7695,3
7696,4
7697,1
7698,4
7699,3
7700,4
7701,6
7702,0
7703,3
7704,2
7705,1
7706,2
7707,4
7708,4
7709,4
7710,1
7711,3
7712,1
7713,4
7714,1
7715,3
7716,3
7717,3
7718,4
7719,5
7720,1
7721,4
7722,3
7723,5
7724,3
7725,2
7726,2
7727,2
7728,2
7729,2
7730,3
7731,4
7732,5
7733,3
7734,4
7735,3
7736,2
7737,2
7738,6
7739,5
7740,1
7741,4
7742,4
7743,0
7744,4
7745,5
7746,2
7747,5
7748,2
7749,2
7750,2
7751,2
7752,5
7753,4
7754,1
7755,3
7756,3
7757,2
7758,1
7759,2
7760,0
7761,2
7762,2
7763,3
7764,2
7765,2
7766,5
7767,3
7768,4
7769,5
7770,3
7771,3
7772,3
7773,2
7774,4
7775,4
7776,6
7777,4
7778,3
7779,2
7780,2
7781,2
7782,1
7783,3
7784,2
7785,3
7786,5
7787,4
7788,2
7789,4
7790,1
7791,2
7792,3
7793,2
7794,3
7795,1
7796,2
7797,3
7798,2
7799,1
7800,3
7801,5
7802,4
7803,3
7804,2
7805,4
7806,3
7807,5
7808,2
7809,1
7810,3
7811,4
7812,3
7813,3
7814,5
7815,0
7816,4
7817,6
7818,4
7819,1
7820,3
7821,2
7822,1
7823,4
7824,3
7825,3
7826,4
7827,4
7828,4
7829,6
7830,2
7831,2
7832,1
7833,1
7834,4
7835,5
7836,2
7837,5
7838,4
7839,2
7840,4
7841,1
7842,3
7843,4
7844,3
7845,1
7846,2
7847,2
7848,1
7849,3
7850,3
7851,0
7852,2
7853,3
7854,4
7855,3
7856,5
7857,3
7858,0
7859,2
7860,3
7861,3
7862,3
7863,4
7864,3
7865,3
7866,3
7867,3
7868,4
7869,0
7870,2
7871,4
7872,3
7873,5
7874,5
7875,4
7876,3
7877,2
7878,4
7879,2
7880,5
7881,2
7882,7
7883,2
7884,5
7885,1
7886,4
7887,2
7888,5
7889,5
7890,0
7891,5
7892,1
7893,1
7894,1
7895,2
7896,3
7897,4
7898,1
7899,5
7900,4
7901,3
7902,3
7903,4
7904,4
7905,2
7906,5
7907,5
7908,2
7909,4
7910,5
7911,2
7912,3
7913,2
7914,2
7915,0
7916,3
7917,5
7918,2
7919,4
7920,5
7921,1
7922,4
7923,3
7924,3
7925,4
7926,2
7927,2
7928,3
7929,4
7930,4
7931,2
7932,3
7933,3
7934,3
7935,4
7936,4
7937,3
7938,5
7939,3
7940,3
7941,6
7942,1
7943,2
7944,2
7945,3
7946,4
7947,3
7948,4
7949,3
7950,5
7951,4
7952,0
7953,2
7954,3
7955,1
7956,4
7957,2
7958,4
7959,2
7960,2
7961,3
7962,2
7963,3
7964,5
7965,5
7966,3
7967,2
7968,1
7969,3
7970,1
7971,4
7972,4
7973,5
7974,2
7975,3
7976,4
7977,5
7978,2
7979,0
7980,4
7981,3
7982,5
7983,3
7984,1
7985,4
7986,6
7987,2
7988,3
7989,4
7990,3
7991,2
7992,4
7993,2
7994,0
7995,6
7996,3
7997,3
7998,4
7999,2
8000,6
8001,4
8002,6
8003,3
8004,4
8005,4
8006,5
8007,2
8008,5
8009,1
8010,2
8011,5
8012,4
8013,0
8014,7
8015,3
8016,2
8017,4
8018,3
8019,3
8020,5
8021,3
8022,3
8023,4
8024,3
8025,4
8026,2
8027,5
8028,3
8029,6
8030,0
8031,1
8032,3
8033,5
8034,2
8035,1
8036,0
8037,3
8038,4
8039,3
8040,4
8041,2
8042,5
8043,2
8044,2
8045,1
8046,4
8047,5
8048,2
8049,6
8050,1
8051,4
8052,1
8053,2
8054,4
8055,2
8056,3
8057,3
8058,2
8059,2
8060,3
8061,4
8062,3
8063,3
8064,3
8065,7
8066,3
8067,4
8068,3
8069,5
8070,4
8071,1
8072,4
8073,6
8074,5
8075,3
8076,4
8077,4
8078,1
8079,4
8080,3
8081,5
8082,2
8083,1
8084,4
8085,1
8086,1
8087,4
8088,2
8089,3
8090,5
8091,4
8092,3
8093,3
8094,5
8095,2
8096,2
8097,2
8098,0
8099,1
8100,2
8101,3
8102,4
8103,4
8104,2
8105,5
8106,4
8107,2
8108,3
8109,2
8110,4
8111,5
8112,5
8113,5
8114,2
8115,3
8116,4
8117,4
8118,3
8119,2
8120,1
8121,4
8122,3
8123,2
8124,2
8125,3
8126,3
8127,2
8128,4
8129,4
8130,1
8131,6
8132,0
8133,3
8134,0
8135,2
8136,0
8137,5
8138,2
8139,4
8140,4
8141,4
8142,2
8143,1
8144,3
8145,4
8146,4
8147,1
8148,2
8149,1
8150,4
8151,1
8152,4
8153,3
8154,4
8155,2
8156,4
8157,3
8158,3
8159,2
8160,2
8161,2
8162,3
8163,1
8164,3
8165,4
8166,4
8167,4
8168,1
8169,0
8170,3
8171,4
8172,3
8173,1
8174,4
8175,4
8176,6
8177,2
8178,4
8179,5
8180,4
8181,6
8182,3
8183,5
8184,1
8185,1
8186,2
8187,1
8188,3
8189,1
8190,2
8191,2
8192,5
8193,3
8194,1
8195,3
8196,3
8197,2
8198,4
8199,2
8200,5
8201,0
8202,2
8203,6
8204,0
8205,2
8206,4
8207,3
8208,5
8209,1
8210,2
8211,3
8212,3
8213,4
8214,3
8215,3
8216,5
8217,2
8218,3
8219,0
8220,4
8221,2
8222,4
8223,4
8224,3
8225,0
8226,1
8227,4
8228,2
8229,4
8230,4
8231,5
8232,0
8233,2
8234,1
8235,2
8236,3
8237,1
8238,5
8239,3
8240,4
8241,4
8242,2
8243,2
8244,3
8245,4
8246,1
8247,0
8248,4
8249,5
8250,2
8251,4
8252,3
8253,2
8254,3
8255,5
8256,2
8257,2
8258,4
8259,4
8260,2
8261,3
8262,1
8263,2
8264,5
8265,2
8266,2
8267,2
8268,5
8269,5
8270,2
8271,2
8272,4
8273,2
8274,3
8275,6
8276,5
8277,3
8278,2
8279,4
8280,2
8281,4
8282,5
8283,3
8284,1
8285,3
8286,4
8287,3
8288,5
8289,6
8290,5
8291,4
8292,3
8293,3
8294,2
8295,5
8296,2
8297,4
8298,3
8299,1
8300,3
8301,1
8302,0
8303,3
8304,2
8305,4
8306,2
8307,4
8308,4
8309,3
8310,4
8311,3
8312,5
8313,2
8314,4
8315,5
8316,4
8317,1
8318,4
8319,3
8320,0
8321,5
8322,3
8323,5
8324,2
8325,2
8326,3
8327,3
8328,5
8329,1
8330,1
8331,4
8332,2
8333,3
8334,3
8335,1
8336,3
8337,3
8338,6
8339,4
8340,5
8341,2
8342,5
8343,3
8344,2
8345,1
8346,2
8347,3
8348,3
8349,3
8350,5
8351,2
8352,5
8353,3
8354,3
8355,4
8356,3
8357,4
8358,0
8359,2
8360,4
8361,3
8362,2
8363,5
8364,4
8365,1
8366,4
8367,0
8368,1
8369,2
8370,4
8371,1
8372,6
8373,4
8374,6
8375,1
8376,3
8377,1
8378,2
8379,3
8380,0
8381,1
8382,1
8383,4
8384,4
8385,2
8386,4
8387,3
8388,4
8389,5
8390,5
8391,1
8392,5
8393,1
8394,6
8395,3
8396,4
8397,1
8398,2
8399,4
8400,3
8401,4
8402,2
8403,5
8404,1
8405,3
8406,2
8407,3
8408,3
8409,1
8410,1
8411,3
8412,2
8413,4
8414,3
8415,2
8416,3
8417,6
8418,3
8419,3
8420,3
8421,3
8422,5
8423,2
8424,2
8425,4
8426,3
8427,2
8428,3
8429,3
8430,3
8431,4
8432,0
8433,3
8434,5
8435,4
8436,1
8437,1
8438,4
8439,2
8440,4
8441,3
8442,4
8443,0
8444,3
8445,1
8446,4
8447,2
8448,3
8449,1
8450,2
8451,3
8452,3
8453,3
8454,2
8455,3
8456,2
8457,2
8458,2
8459,3
8460,1
8461,1
8462,3
8463,1
8464,1
8465,4
8466,4
8467,1
8468,4
8469,3
8470,6
8471,1
8472,3
8473,2
8474,5
8475,6
8476,2
8477,2
8478,3
8479,3
8480,4
8481,3
8482,5
8483,3
8484,2
8485,4
8486,5
8487,4
8488,3
8489,5
8490,0
8491,4
8492,1
8493,4
8494,3
8495,3
8496,2
8497,4
8498,3
8499,2
8500,1
8501,3
8502,3
8503,2
8504,3
8505,3
8506,2
8507,0
8508,2
8509,5
8510,4
8511,5
8512,2
8513,4
8514,6
8515,2
8516,5
8517,4
8518,3
8519,4
8520,2
8521,3
8522,0
8523,2
8524,4
8525,4
8526,3
8527,3
8528,5
8529,3
8530,2
8531,5
8532,2
8533,3
8534,1
8535,4
8536,3
8537,4
8538,2
8539,2
8540,3
8541,2
8542,4
8543,2
8544,4
8545,4
8546,2
8547,6
8548,3
8549,4
8550,2
8551,2
8552,3
8553,5
8554,5
8555,5
8556,1
8557,4
8558,5
8559,6
8560,4
8561,1
8562,3
8563,3
8564,3
8565,4
8566,4
8567,6
8568,3
8569,4
8570,3
8571,2
8572,4
8573,3
8574,5
8575,1
8576,2
8577,2
8578,4
8579,1
8580,3
8581,2
8582,3
8583,4
8584,3
8585,3
8586,5
8587,4
8588,2
8589,3
8590,5
8591,1
8592,5
8593,5
8594,3
8595,4
8596,3
8597,3
8598,3
8599,3
8600,3
8601,3
8602,2
8603,2
8604,2
8605,4
8606,4
8607,5
8608,4
8609,2
8610,1
8611,5
8612,3
8613,2
8614,4
8615,3
8616,5
8617,2
8618,1
8619,5
8620,1
8621,4
8622,2
8623,4
8624,3
8625,1
8626,3
8627,4
8628,5
8629,5
8630,1
8631,2
8632,7
8633,2
8634,3
8635,3
8636,3
8637,3
8638,3
8639,3
8640,5
8641,2
8642,2
8643,3
8644,1
8645,4
8646,5
8647,2
8648,4
8649,4
8650,2
8651,4
8652,2
8653,2
8654,2
8655,3
8656,4
8657,2
8658,1
8659,5
8660,5
8661,2
8662,3
8663,3
8664,2
8665,2
8666,3
8667,3
8668,3
8669,2
8670,2
8671,4
8672,4
8673,3
8674,3
8675,3
8676,1
8677,3
8678,1
8679,4
8680,3
8681,2
8682,1
8683,2
8684,5
8685,1
8686,2
8687,3
8688,5
8689,2
8690,4
8691,2
8692,1
8693,2
8694,1
8695,4
8696,5
8697,5
8698,5
8699,3
8700,5
8701,3
8702,2
8703,3
8704,2
8705,5
8706,4
8707,4
8708,1
8709,3
8710,2
8711,3
8712,0
8713,4
8714,3
8715,0
8716,4
8717,3
8718,2
8719,0
8720,4
8721,5
8722,3
8723,4
8724,3
8725,3
8726,2
8727,4
8728,4
8729,1
8730,3
8731,3
8732,3
8733,3
8734,3
8735,4
8736,5
8737,2
8738,5
8739,4
8740,3
8741,0
8742,3
8743,3
8744,3
8745,3
8746,4
8747,5
8748,4
8749,3
8750,4
8751,2
8752,0
8753,5
8754,2
8755,3
8756,4
8757,3
8758,3
8759,1
8760,4
8761,1
8762,3
8763,5
8764,2
8765,2
8766,5
8767,5
8768,2
8769,4
8770,2
8771,4
8772,2
8773,0
8774,2
8775,3
8776,1
8777,4
8778,3
8779,3
8780,2
8781,4
8782,2
8783,4
8784,4
8785,4
8786,1
8787,2
8788,3
8789,2
8790,3
8791,4
8792,3
8793,3
8794,1
8795,1
8796,3
8797,4
8798,2
8799,5
8800,2
8801,1
8802,1
8803,2
8804,2
8805,1
8806,3
8807,2
8808,2
8809,3
8810,3
8811,1
8812,4
8813,4
8814,1
8815,5
8816,5
8817,2
8818,5
8819,4
8820,2
8821,1
8822,5
8823,1
8824,3
8825,1
8826,1
8827,3
8828,1
8829,4
8830,2
8831,2
8832,4
8833,1
8834,1
8835,1
8836,0
8837,5
8838,0
8839,2
8840,2
8841,2
8842,3
8843,2
8844,0
8845,5
8846,3
8847,4
8848,5
8849,4
8850,4
8851,0
8852,3
8853,4
8854,3
8855,4
8856,2
8857,2
8858,4
8859,1
8860,1
8861,5
8862,6
8863,4
8864,0
8865,0
8866,4
8867,4
8868,4
8869,5
8870,1
8871,4
8872,3
8873,4
8874,4
8875,2
8876,3
8877,2
8878,3
8879,2
8880,4
8881,3
8882,6
8883,2
8884,2
8885,1
8886,2
8887,1
8888,5
8889,1
8890,3
8891,4
8892,2
8893,4
8894,5
8895,3
8896,2
8897,0
8898,3
8899,2
8900,2
8901,3
8902,3
8903,2
8904,3
8905,3
8906,2
8907,2
8908,4
8909,2
8910,1
8911,3
8912,4
8913,3
8914,4
8915,4
8916,2
8917,1
8918,4
8919,4
8920,2
8921,0
8922,4
8923,1
8924,3
8925,1
8926,3
8927,2
8928,7
8929,2
8930,3
8931,3
8932,3
8933,3
8934,5
8935,1
8936,3
8937,4
8938,3
8939,2
8940,3
8941,3
8942,3
8943,4
8944,2
8945,2
8946,1
8947,4
8948,3
8949,3
8950,2
8951,2
8952,5
8953,1
8954,0
8955,4
8956,2
8957,2
8958,1
8959,3
8960,4
8961,1
8962,2
8963,5
8964,4
8965,4
8966,4
8967,3
8968,2
8969,2
8970,2
8971,3
8972,2
8973,3
8974,1
8975,5
8976,4
8977,2
8978,4
8979,3
8980,3
8981,0
8982,4
8983,4
8984,3
8985,5
8986,2
8987,5
8988,2
8989,3
8990,4
8991,3
8992,2
8993,4
8994,4
8995,6
8996,3
8997,2
8998,1
8999,3
9000,3
9001,3
9002,3
9003,2
9004,3
9005,3
9006,1
9007,3
9008,5
9009,5
9010,2
9011,2
9012,4
9013,5
9014,4
9015,2
9016,3
9017,3
9018,4
9019,2
9020,3
9021,1
9022,4
9023,3
9024,4
9025,4
9026,1
9027,2
9028,1
9029,1
9030,2
9031,4
9032,3
9033,2
9034,5
9035,6
9036,4
9037,3
9038,4
9039,4
9040,3
9041,1
9042,2
9043,3
9044,5
9045,2
9046,1
9047,4
9048,3
9049,2
9050,3
9051,2
9052,4
9053,5
9054,4
9055,3
9056,5
9057,2
9058,1
9059,4
9060,3
9061,2
9062,4
9063,2
9064,3
9065,3
9066,4
9067,3
9068,4
9069,3
9070,1
9071,3
9072,4
9073,4
9074,2
9075,3
9076,3
9077,6
9078,3
9079,4
9080,4
9081,3
9082,2
9083,4
9084,2
9085,5
9086,3
9087,5
9088,0
9089,1
9090,2
9091,2
9092,2
9093,4
9094,3
9095,4
9096,5
9097,3
9098,3
9099,2
9100,5
9101,3
9102,2
9103,6
9104,2
9105,0
9106,5
9107,4
9108,4
9109,2
9110,4
9111,1
9112,4
9113,3
9114,4
9115,2
9116,3
9117,0
9118,3
9119,5
9120,3
9121,3
9122,2
9123,3
9124,3
9125,0
9126,5
9127,4
9128,3
9129,4
9130,2
9131,6
9132,9
9133,4
9134,2
9135,3
9136,3
9137,1
9138,3
9139,3
9140,3
9141,1
9142,4
9143,1
9144,2
9145,4
9146,2
9147,3
9148,3
9149,3
9150,4
9151,2
9152,1
9153,3
9154,4
9155,4
9156,1
9157,2
9158,3
9159,2
9160,2
9161,3
9162,6
9163,2
9164,3
9165,3
9166,1
9167,3
9168,2
9169,1
9170,4
9171,3
9172,5
9173,3
9174,2
9175,5
9176,5
9177,3
9178,3
9179,5
9180,4
9181,4
9182,2
9183,0
9184,5
9185,4
9186,4
9187,4
9188,6
9189,3
9190,5
9191,5
9192,6
9193,2
9194,6
9195,3
9196,5
9197,3
9198,2
9199,3
9200,5
9201,4
9202,5
9203,2
9204,1
9205,5
9206,4
9207,4
9208,4
9209,5
9210,3
9211,4
9212,3
9213,4
9214,2
9215,4
9216,5
9217,6
9218,5
9219,3
9220,2
9221,2
9222,4
9223,2
9224,4
9225,1
9226,3
9227,0
9228,3
9229,4
9230,3
9231,4
9232,2
9233,3
9234,5
9235,2
9236,5
9237,7
9238,6
9239,4
9240,2
9241,3
9242,3
9243,5
9244,5
9245,3
9246,4
9247,1
9248,3
9249,5
9250,6
9251,4
9252,2
9253,3
9254,1
9255,4
9256,4
9257,5
9258,4
9259,2
9260,7
9261,3
9262,4
9263,4
9264,4
9265,2
9266,3
9267,7
9268,4
9269,3
9270,3
9271,4
9272,5
9273,2
9274,3
9275,3
9276,1
9277,2
9278,3
9279,3
9280,3
9281,4
9282,1
9283,3
9284,5
9285,2
9286,6
9287,0
9288,4
9289,1
9290,4
9291,2
9292,0
9293,2
9294,5
9295,2
9296,5
9297,1
9298,1
9299,3
9300,1
9301,0
9302,2
9303,2
9304,3
9305,1
9306,2
9307,3
9308,3
9309,3
9310,4
9311,4
9312,2
9313,3
9314,4
9315,0
9316,1
9317,3
9318,4
9319,2
9320,4
9321,5
9322,3
9323,5
9324,3
9325,2
9326,2
9327,2
9328,1
9329,0
9330,4
9331,3
9332,2
9333,1
9334,3
9335,3
9336,3
9337,1
9338,2
9339,1
9340,2
9341,1
9342,1
9343,3
9344,2
9345,3
9346,3
9347,5
9348,1
9349,4
9350,4
9351,1
9352,5
9353,3
9354,1
9355,2
9356,0
9357,5
9358,2
9359,3
9360,3
9361,5
9362,3
9363,3
9364,4
9365,1
9366,3
9367,3
9368,2
9369,2
9370,4
9371,2
9372,4
9373,2
9374,7
9375,4
9376,4
9377,4
9378,0
9379,2
9380,1
9381,4
9382,0
9383,2
9384,1
9385,1
9386,4
9387,5
9388,3
9389,3
9390,2
9391,5
9392,4
9393,4
9394,3
9395,3
9396,2
9397,2
9398,3
9399,4
9400,3
9401,5
9402,2
9403,2
9404,3
9405,3
9406,1
9407,4
9408,4
9409,3
9410,1
9411,1
9412,4
9413,2
9414,3
9415,3
9416,5
9417,2
9418,2
9419,2
9420,5
9421,4
9422,3
9423,3
9424,1
9425,4
9426,2
9427,2
9428,3
9429,4
9430,4
9431,3
9432,1
9433,3
9434,4
9435,2
9436,3
9437,3
9438,5
9439,2
9440,1
9441,2
9442,3
9443,2
9444,4
9445,3
9446,6
9447,2
9448,3
9449,3
9450,3
9451,1
9452,1
9453,3
9454,5
9455,4
9456,2
9457,3
9458,1
9459,2
9460,2
9461,3
9462,2
9463,3
9464,4
9465,2
9466,3
9467,2
9468,1
9469,2
9470,5
9471,2
9472,3
9473,2
9474,2
9475,3
9476,2
9477,4
9478,1
9479,2
9480,0
9481,2
9482,3
9483,5
9484,3
9485,1
9486,5
9487,2
9488,2
9489,1
9490,2
9491,2
9492,3
9493,4
9494,2
9495,5
9496,1
9497,2
9498,3
9499,4
9500,2
9501,1
9502,4
9503,3
9504,1
9505,4
9506,2
9507,1
9508,1
9509,5
9510,5
9511,4
9512,3
9513,1
9514,3
9515,3
9516,2
9517,2
9518,2
9519,4
9520,3
9521,1
9522,2
9523,2
9524,3
9525,1
9526,3
9527,5
9528,3
9529,6
9530,4
9531,2
9532,1
9533,1
9534,2
9535,1
9536,1
9537,2
9538,2
9539,5
9540,0
9541,2
9542,2
9543,4
9544,1
9545,3
9546,6
9547,4
9548,3
9549,3
9550,4
9551,4
9552,3
9553,5
9554,3
9555,2
9556,2
9557,3
9558,1
9559,5
9560,4
9561,2
9562,3
9563,4
9564,3
9565,5
9566,3
9567,1
9568,4
9569,4
9570,1
9571,2
9572,3
9573,4
9574,5
9575,0
9576,2
9577,4
9578,2
9579,4
9580,3
9581,3
9582,5
9583,0
9584,4
9585,3
9586,2
9587,1
9588,3
9589,3
9590,5
9591,3
9592,7
9593,2
9594,3
9595,2
9596,5
9597,4
9598,2
9599,2
9600,3
9601,4
9602,0
9603,3
9604,3
9605,3
9606,1
9607,2
9608,3
9609,4
9610,2
9611,1
9612,2
9613,1
9614,3
9615,0
9616,5
9617,2
9618,2
9619,2
9620,0
9621,2
9622,4
9623,1
9624,2
9625,5
9626,3
9627,6
9628,3
9629,4
9630,4
9631,3
9632,2
9633,4
9634,4
9635,0
9636,3
9637,1
9638,3
9639,1
9640,4
9641,2
9642,2
9643,0
9644,3
9645,4
9646,4
9647,4
9648,3
9649,4
9650,1
9651,2
9652,5
9653,3
9654,0
9655,3
9656,4
9657,2
9658,3
9659,3
9660,3
9661,2
9662,1
9663,2
9664,5
9665,3
9666,3
9667,4
9668,4
9669,1
9670,3
9671,5
9672,3
9673,2
9674,3
9675,1
9676,6
9677,6
9678,2
9679,2
9680,3
9681,0
9682,2
9683,4
9684,3
9685,0
9686,2
9687,2
9688,3
9689,2
9690,3
9691,3
9692,1
9693,4
9694,2
9695,4
9696,1
9697,6
9698,2
9699,6
9700,1
9701,4
9702,2
9703,2
9704,0
9705,5
9706,5
9707,3
9708,2
9709,0
9710,2
9711,1
9712,3
9713,5
9714,1
9715,2
9716,4
9717,1
9718,4
9719,3
9720,6
9721,6
9722,5
9723,1
9724,2
9725,5
9726,4
9727,2
9728,4
9729,2
9730,2
9731,5
9732,1
9733,5
9734,1
9735,3
9736,2
9737,3
9738,4
9739,4
9740,0
9741,3
9742,5
9743,5
9744,5
9745,3
9746,4
9747,2
9748,1
9749,2
9750,2
9751,2
9752,4
9753,4
9754,2
9755,4
9756,5
9757,2
9758,3
9759,2
9760,0
9761,3
9762,6
9763,3
9764,3
9765,3
9766,2
9767,3
9768,3
9769,4
9770,2
9771,0
9772,3
9773,4
9774,3
9775,5
9776,3
9777,2
9778,5
9779,0
9780,2
9781,4
9782,0
9783,3
9784,4
9785,3
9786,4
9787,1
9788,1
9789,7
9790,2
9791,3
9792,0
9793,2
9794,3
9795,3
9796,5
9797,1
9798,2
9799,2
9800,1
9801,2
9802,3
9803,3
9804,2
9805,3
9806,1
9807,2
9808,4
9809,1
9810,4
9811,3
9812,4
9813,3
9814,2
9815,3
9816,3
9817,3
9818,3
9819,1
9820,3
9821,1
9822,5
9823,3
9824,3
9825,2
9826,2
9827,4
9828,1
9829,3
9830,2
9831,2
9832,3
9833,1
9834,4
9835,3
9836,5
9837,4
9838,4
9839,3
9840,1
9841,2
9842,0
9843,2
9844,5
9845,4
9846,4
9847,6
9848,0
9849,3
9850,3
9851,2
9852,5
9853,4
9854,6
9855,2
9856,2
9857,2
9858,1
9859,2
9860,2
9861,4
9862,3
9863,1
9864,4
9865,0
9866,5
9867,3
9868,4
9869,4
9870,3
9871,3
9872,2
9873,4
9874,3
9875,4
9876,4
9877,4
9878,3
9879,5
9880,2
9881,6
9882,2
9883,4
9884,3
9885,3
9886,1
9887,4
9888,3
9889,3
9890,5
9891,4
9892,2
9893,2
9894,4
9895,2
9896,4
9897,4
9898,5
9899,4
9900,2
9901,3
9902,4
9903,4
9904,4
9905,2
9906,4
9907,1
9908,3
9909,2
9910,3
9911,0
9912,2
9913,2
9914,2
9915,1
9916,1
9917,5
9918,4
9919,1
9920,5
9921,3
9922,4
9923,5
9924,2
9925,3
9926,2
9927,2
9928,1
9929,2
9930,1
9931,4
9932,3
9933,5
9934,4
9935,1
9936,2
9937,3
9938,4
9939,3
9940,4
9941,1
9942,2
9943,4
9944,6
9945,2
9946,5
9947,3
9948,1
9949,3
9950,5
9951,3
9952,4
9953,3
9954,2
9955,1
9956,4
9957,0
9958,3
9959,1
9960,3
9961,4
9962,3
9963,3
9964,3
9965,1
9966,2
9967,1
9968,2
9969,3
9970,1
9971,1
9972,2
9973,2
9974,2
9975,1
9976,5
9977,4
9978,1
9979,2
9980,4
9981,4
9982,3
9983,6
9984,4
9985,4
9986,4
9987,3
9988,2
9989,3
9990,1
9991,3
9992,4
9993,2
9994,2
9995,3
9996,4
9997,2
9998,0
9999,6
