,p2_moved_first_count
0,7
1,6
2,15
3,17
4,2
5,10
6,7
7,13
8,2
9,10
10,7
11,10
12,8
13,7
14,4
15,11
16,10
17,2
18,9
19,6
20,6
21,1
22,11
23,12
24,9
25,10
26,14
27,3
28,10
29,7
30,7
31,14
32,3
33,2
34,12
35,12
36,12
37,9
38,8
39,9
40,6
41,7
42,0
43,8
44,0
45,13
46,12
47,9
48,0
49,11
50,7
51,8
52,2
53,13
54,1
55,5
56,10
57,10
58,7
59,10
60,3
61,7
62,10
63,3
64,15
65,8
66,3
67,2
68,15
69,5
70,16
71,6
72,10
73,16
74,1
75,3
76,3
77,8
78,4
79,8
80,5
81,14
82,3
83,8
84,10
85,6
86,15
87,7
88,7
89,14
90,3
91,1
92,2
93,6
94,7
95,1
96,10
97,4
98,11
99,3
100,13
101,2
102,9
103,3
104,10
105,3
106,4
107,4
108,9
109,6
110,8
111,7
112,3
113,5
114,11
115,15
116,15
117,7
118,6
119,7
120,6
121,7
122,6
123,2
124,5
125,3
126,1
127,8
128,9
129,5
130,2
131,13
132,14
133,1
134,6
135,8
136,1
137,11
138,3
139,7
140,6
141,9
142,13
143,5
144,5
145,10
146,9
147,2
148,13
149,16
150,7
151,10
152,7
153,5
154,3
155,0
156,10
157,1
158,9
159,6
160,3
161,15
162,1
163,8
164,4
165,9
166,6
167,5
168,9
169,9
170,4
171,4
172,4
173,5
174,4
175,14
176,11
177,8
178,6
179,7
180,12
181,5
182,7
183,2
184,13
185,6
186,2
187,18
188,6
189,10
190,3
191,8
192,1
193,0
194,13
195,6
196,9
197,19
198,0
199,3
200,10
201,4
202,7
203,9
204,0
205,8
206,9
207,3
208,6
209,9
210,15
211,7
212,11
213,2
214,6
215,6
216,4
217,9
218,0
219,9
220,4
221,6
222,2
223,11
224,1
225,12
226,5
227,5
228,10
229,3
230,11
231,5
232,13
233,13
234,8
235,10
236,0
237,10
238,9
239,5
240,9
241,10
242,27
243,5
244,12
245,11
246,7
247,6
248,9
249,6
250,9
251,1
252,22
253,19
254,7
255,4
256,3
257,5
258,9
259,3
260,6
261,10
262,4
263,9
264,3
265,12
266,11
267,7
268,12
269,10
270,8
271,1
272,4
273,0
274,12
275,16
276,18
277,8
278,12
279,3
280,6
281,4
282,13
283,13
284,8
285,13
286,12
287,4
288,0
289,7
290,4
291,6
292,12
293,4
294,2
295,6
296,13
297,3
298,3
299,3
300,16
301,3
302,17
303,6
304,7
305,7
306,6
307,4
308,2
309,12
310,3
311,17
312,8
313,7
314,2
315,11
316,7
317,16
318,9
319,5
320,5
321,6
322,11
323,3
324,7
325,10
326,6
327,0
328,3
329,3
330,11
331,13
332,14
333,10
334,9
335,11
336,5
337,14
338,7
339,11
340,6
341,3
342,3
343,8
344,10
345,1
346,13
347,9
348,5
349,13
350,6
351,5
352,15
353,4
354,5
355,10
356,9
357,3
358,6
359,1
360,7
361,3
362,10
363,7
364,3
365,9
366,8
367,11
368,4
369,5
370,8
371,3
372,6
373,9
374,8
375,3
376,7
377,0
378,6
379,16
380,12
381,6
382,8
383,3
384,1
385,9
386,0
387,12
388,8
389,5
390,12
391,8
392,9
393,7
394,8
395,8
396,7
397,14
398,11
399,7
400,9
401,6
402,1
403,8
404,9
405,6
406,11
407,1
408,0
409,6
410,6
411,8
412,13
413,11
414,13
415,9
416,11
417,7
418,1
419,4
420,5
421,1
422,7
423,7
424,2
425,12
426,5
427,3
428,2
429,10
430,13
431,4
432,14
433,7
434,11
435,17
436,8
437,7
438,5
439,6
440,3
441,4
442,6
443,8
444,14
445,2
446,5
447,9
448,18
449,6
450,15
451,7
452,1
453,0
454,8
455,4
456,11
457,1
458,22
459,6
460,4
461,1
462,6
463,12
464,15
465,8
466,7
467,5
468,13
469,0
470,5
471,2
472,3
473,5
474,9
475,7
476,7
477,3
478,10
479,11
480,20
481,2
482,8
483,7
484,5
485,11
486,2
487,6
488,5
489,11
490,6
491,2
492,5
493,9
494,9
495,10
496,0
497,7
498,11
499,10
500,2
501,22
502,16
503,1
504,4
505,8
506,13
507,11
508,5
509,9
510,3
511,6
512,10
513,15
514,0
515,9
516,4
517,13
518,3
519,5
520,5
521,2
522,4
523,3
524,8
525,5
526,6
527,7
528,15
529,11
530,2
531,8
532,6
533,4
534,2
535,12
536,15
537,4
538,5
539,6
540,3
541,10
542,8
543,12
544,14
545,7
546,9
547,11
548,2
549,11
550,1
551,4
552,8
553,17
554,9
555,0
556,12
557,12
558,5
559,3
560,13
561,11
562,3
563,6
564,0
565,4
566,6
567,15
568,5
569,11
570,5
571,12
572,3
573,7
574,6
575,2
576,7
577,2
578,9
579,5
580,7
581,6
582,4
583,3
584,7
585,3
586,6
587,8
588,3
589,7
590,1
591,5
592,2
593,7
594,7
595,5
596,13
597,14
598,10
599,3
600,3
601,17
602,11
603,12
604,6
605,5
606,8
607,13
608,4
609,3
610,0
611,6
612,15
613,3
614,3
615,4
616,8
617,4
618,0
619,12
620,6
621,5
622,9
623,6
624,10
625,2
626,8
627,5
628,8
629,16
630,9
631,4
632,2
633,15
634,7
635,15
636,4
637,6
638,11
639,2
640,0
641,9
642,10
643,12
644,13
645,8
646,1
647,8
648,13
649,3
650,4
651,7
652,18
653,4
654,10
655,4
656,8
657,2
658,5
659,6
660,12
661,9
662,12
663,5
664,9
665,15
666,6
667,1
668,12
669,14
670,6
671,14
672,10
673,11
674,12
675,1
676,7
677,9
678,8
679,10
680,11
681,6
682,6
683,6
684,2
685,3
686,6
687,1
688,7
689,8
690,13
691,12
692,10
693,4
694,9
695,19
696,0
697,8
698,0
699,8
700,10
701,5
702,11
703,5
704,8
705,2
706,4
707,8
708,11
709,8
710,1
711,0
712,13
713,4
714,2
715,15
716,11
717,5
718,5
719,8
720,7
721,4
722,11
723,4
724,5
725,11
726,11
727,2
728,10
729,8
730,14
731,16
732,3
733,5
734,7
735,1
736,7
737,7
738,0
739,4
740,7
741,7
742,13
743,4
744,5
745,9
746,3
747,6
748,18
749,14
750,4
751,12
752,9
753,8
754,12
755,6
756,7
757,11
758,13
759,10
760,10
761,14
762,7
763,9
764,6
765,5
766,3
767,0
768,3
769,17
770,11
771,6
772,6
773,8
774,11
775,18
776,6
777,5
778,10
779,7
780,1
781,4
782,14
783,7
784,10
785,20
786,8
787,7
788,2
789,9
790,3
791,11
792,7
793,8
794,13
795,8
796,16
797,14
798,9
799,4
800,8
801,3
802,5
803,3
804,6
805,1
806,10
807,2
808,7
809,6
810,8
811,17
812,11
813,3
814,0
815,3
816,4
817,2
818,13
819,5
820,9
821,8
822,10
823,7
824,0
825,12
826,9
827,10
828,7
829,8
830,4
831,9
832,6
833,2
834,1
835,13
836,4
837,16
838,15
839,6
840,3
841,5
842,8
843,4
844,7
845,4
846,8
847,2
848,10
849,5
850,21
851,8
852,4
853,4
854,19
855,2
856,3
857,2
858,12
859,4
860,5
861,4
862,14
863,11
864,7
865,18
866,0
867,11
868,1
869,7
870,7
871,5
872,5
873,2
874,4
875,12
876,2
877,0
878,13
879,5
880,3
881,11
882,3
883,14
884,14
885,9
886,7
887,10
888,5
889,9
890,7
891,5
892,2
893,4
894,6
895,21
896,1
897,7
898,7
899,19
900,8
901,6
902,11
903,4
904,3
905,12
906,6
907,3
908,5
909,9
910,13
911,5
912,11
913,13
914,0
915,8
916,4
917,7
918,7
919,10
920,6
921,12
922,8
923,7
924,13
925,2
926,4
927,4
928,12
929,7
930,3
931,0
932,6
933,3
934,12
935,10
936,0
937,1
938,3
939,5
940,3
941,3
942,15
943,6
944,9
945,5
946,1
947,10
948,5
949,13
950,11
951,3
952,6
953,10
954,4
955,13
956,11
957,10
958,3
959,13
960,5
961,4
962,5
963,13
964,8
965,3
966,17
967,6
968,7
969,5
970,1
971,10
972,6
973,8
974,14
975,6
976,17
977,2
978,17
979,7
980,17
981,10
982,1
983,8
984,8
985,3
986,20
987,7
988,17
989,10
990,9
991,3
992,2
993,8
994,11
995,7
996,5
997,7
998,15
999,9
1000,3
1001,0
1002,11
1003,8
1004,4
1005,12
1006,7
1007,6
1008,1
1009,15
1010,10
1011,14
1012,10
1013,14
1014,3
1015,9
1016,11
1017,7
1018,1
1019,5
1020,8
1021,9
1022,5
1023,15
1024,5
1025,4
1026,4
1027,13
1028,5
1029,2
1030,14
1031,4
1032,13
1033,10
1034,1
1035,5
1036,12
1037,6
1038,5
1039,6
1040,5
1041,9
1042,3
1043,3
1044,4
1045,5
1046,12
1047,6
1048,8
1049,3
1050,7
1051,6
1052,7
1053,7
1054,1
1055,11
1056,9
1057,3
1058,11
1059,10
1060,10
1061,1
1062,3
1063,8
1064,9
1065,5
1066,16
1067,5
1068,7
1069,3
1070,0
1071,9
1072,1
1073,8
1074,4
1075,7
1076,0
1077,12
1078,19
1079,10
1080,5
1081,3
1082,4
1083,6
1084,4
1085,15
1086,6
1087,10
1088,3
1089,2
1090,10
1091,6
1092,4
1093,14
1094,3
1095,1
1096,6
1097,9
1098,16
1099,3
1100,12
1101,10
1102,8
1103,4
1104,12
1105,6
1106,2
1107,4
1108,7
1109,5
1110,8
1111,0
1112,0
1113,8
1114,1
1115,4
1116,4
1117,7
1118,4
1119,6
1120,10
1121,1
1122,7
1123,6
1124,2
1125,0
1126,4
1127,2
1128,5
1129,3
1130,7
1131,9
1132,5
1133,5
1134,3
1135,11
1136,8
1137,1
1138,7
1139,16
1140,6
1141,15
1142,3
1143,14
1144,9
1145,14
1146,6
1147,9
1148,9
1149,11
1150,2
1151,8
1152,3
1153,13
1154,4
1155,3
1156,18
1157,5
1158,6
1159,12
1160,1
1161,2
1162,9
1163,8
1164,6
1165,1
1166,7
1167,5
1168,9
1169,9
1170,4
1171,8
1172,11
1173,7
1174,1
1175,8
1176,9
1177,3
1178,9
1179,2
1180,3
1181,3
1182,10
1183,4
1184,8
1185,6
1186,7
1187,11
1188,4
1189,13
1190,2
1191,7
1192,6
1193,10
1194,3
1195,6
1196,3
1197,7
1198,12
1199,1
1200,7
1201,5
1202,7
1203,7
1204,5
1205,7
1206,11
1207,7
1208,4
1209,4
1210,4
1211,3
1212,7
1213,10
1214,1
1215,5
1216,10
1217,7
1218,2
1219,7
1220,6
1221,4
1222,6
1223,10
1224,6
1225,14
1226,10
1227,5
1228,15
1229,12
1230,10
1231,5
1232,9
1233,10
1234,7
1235,7
1236,8
1237,9
1238,5
1239,13
1240,5
1241,8
1242,4
1243,6
1244,4
1245,5
1246,6
1247,3
1248,7
1249,5
1250,3
1251,11
1252,7
1253,2
1254,10
1255,2
1256,5
1257,3
1258,1
1259,4
1260,5
1261,6
1262,4
1263,8
1264,11
1265,7
1266,5
1267,2
1268,4
1269,8
1270,6
1271,6
1272,7
1273,10
1274,11
1275,5
1276,5
1277,7
1278,10
1279,7
1280,0
1281,5
1282,8
1283,6
1284,6
1285,5
1286,19
1287,0
1288,5
1289,3
1290,12
1291,3
1292,4
1293,7
1294,10
1295,9
1296,3
1297,6
1298,12
1299,6
1300,18
1301,10
1302,7
1303,4
1304,10
1305,9
1306,0
1307,16
1308,12
1309,2
1310,4
1311,5
1312,2
1313,2
1314,4
1315,5
1316,8
1317,7
1318,4
1319,6
1320,6
1321,6
1322,13
1323,14
1324,10
1325,5
1326,7
1327,9
1328,5
1329,0
1330,4
1331,12
1332,8
1333,1
1334,8
1335,3
1336,16
1337,12
1338,11
1339,10
1340,2
1341,0
1342,4
1343,6
1344,5
1345,9
1346,4
1347,9
1348,15
1349,10
1350,1
1351,6
1352,5
1353,8
1354,5
1355,4
1356,12
1357,15
1358,7
1359,12
1360,7
1361,1
1362,5
1363,6
1364,13
1365,10
1366,1
1367,3
1368,13
1369,7
1370,8
1371,10
1372,3
1373,3
1374,8
1375,12
1376,7
1377,10
1378,9
1379,3
1380,9
1381,19
1382,5
1383,8
1384,8
1385,8
1386,3
1387,11
1388,0
1389,3
1390,1
1391,9
1392,6
1393,2
1394,9
1395,0
1396,9
1397,10
1398,13
1399,4
1400,8
1401,12
1402,10
1403,4
1404,19
1405,6
1406,6
1407,2
1408,8
1409,3
1410,7
1411,10
1412,10
1413,3
1414,4
1415,11
1416,9
1417,9
1418,8
1419,5
1420,5
1421,1
1422,6
1423,6
1424,3
1425,1
1426,2
1427,6
1428,0
1429,7
1430,5
1431,11
1432,7
1433,12
1434,8
1435,5
1436,4
1437,12
1438,9
1439,4
1440,7
1441,5
1442,4
1443,1
1444,2
1445,10
1446,12
1447,7
1448,8
1449,2
1450,7
1451,10
1452,6
1453,10
1454,9
1455,2
1456,13
1457,6
1458,1
1459,9
1460,5
1461,5
1462,8
1463,5
1464,4
1465,10
1466,12
1467,15
1468,12
1469,0
1470,16
1471,2
1472,13
1473,18
1474,23
1475,8
1476,21
1477,0
1478,8
1479,9
1480,0
1481,3
1482,9
1483,15
1484,9
1485,14
1486,10
1487,7
1488,12
1489,10
1490,1
1491,14
1492,13
1493,10
1494,11
1495,2
1496,4
1497,3
1498,7
1499,0
1500,12
1501,13
1502,0
1503,6
1504,12
1505,5
1506,12
1507,0
1508,8
1509,13
1510,7
1511,6
1512,3
1513,10
1514,15
1515,16
1516,12
1517,10
1518,4
1519,3
1520,11
1521,10
1522,7
1523,4
1524,7
1525,9
1526,3
1527,1
1528,7
1529,15
1530,9
1531,3
1532,4
1533,3
1534,12
1535,5
1536,11
1537,2
1538,6
1539,6
1540,14
1541,10
1542,6
1543,7
1544,1
1545,17
1546,9
1547,2
1548,11
1549,1
1550,13
1551,15
1552,2
1553,3
1554,4
1555,5
1556,12
1557,9
1558,10
1559,10
1560,2
1561,5
1562,3
1563,12
1564,11
1565,4
1566,10
1567,2
1568,9
1569,2
1570,3
1571,6
1572,2
1573,5
1574,5
1575,8
1576,1
1577,8
1578,6
1579,1
1580,4
1581,3
1582,9
1583,6
1584,11
1585,8
1586,8
1587,6
1588,6
1589,5
1590,14
1591,22
1592,4
1593,1
1594,3
1595,5
1596,14
1597,2
1598,10
1599,8
1600,9
1601,5
1602,18
1603,8
1604,4
1605,0
1606,4
1607,3
1608,10
1609,3
1610,4
1611,13
1612,8
1613,10
1614,9
1615,6
1616,6
1617,2
1618,0
1619,7
1620,12
1621,7
1622,7
1623,8
1624,2
1625,1
1626,4
1627,12
1628,6
1629,0
1630,17
1631,7
1632,9
1633,2
1634,11
1635,12
1636,10
1637,11
1638,10
1639,2
1640,7
1641,10
1642,15
1643,9
1644,4
1645,5
1646,7
1647,5
1648,6
1649,9
1650,12
1651,11
1652,3
1653,3
1654,9
1655,12
1656,8
1657,15
1658,3
1659,5
1660,4
1661,17
1662,10
1663,9
1664,13
1665,4
1666,7
1667,14
1668,7
1669,6
1670,7
1671,6
1672,7
1673,8
1674,7
1675,6
1676,16
1677,3
1678,13
1679,8
1680,5
1681,3
1682,7
1683,4
1684,4
1685,11
1686,3
1687,6
1688,3
1689,8
1690,8
1691,14
1692,3
1693,11
1694,11
1695,6
1696,8
1697,6
1698,4
1699,6
1700,1
1701,3
1702,8
1703,2
1704,9
1705,8
1706,7
1707,1
1708,2
1709,8
1710,6
1711,13
1712,11
1713,1
1714,4
1715,7
1716,5
1717,13
1718,9
1719,8
1720,4
1721,2
1722,2
1723,11
1724,6
1725,13
1726,4
1727,10
1728,6
1729,12
1730,5
1731,6
1732,15
1733,2
1734,5
1735,2
1736,4
1737,1
1738,7
1739,10
1740,5
1741,9
1742,6
1743,4
1744,12
1745,12
1746,6
1747,16
1748,11
1749,13
1750,2
1751,12
1752,9
1753,4
1754,28
1755,9
1756,9
1757,8
1758,5
1759,9
1760,2
1761,9
1762,0
1763,15
1764,4
1765,0
1766,6
1767,14
1768,12
1769,10
1770,2
1771,15
1772,1
1773,10
1774,5
1775,8
1776,6
1777,2
1778,11
1779,8
1780,16
1781,12
1782,3
1783,2
1784,8
1785,7
1786,13
1787,5
1788,7
1789,5
1790,10
1791,19
1792,10
1793,1
1794,8
1795,9
1796,10
1797,16
1798,4
1799,16
1800,6
1801,11
1802,16
1803,4
1804,7
1805,3
1806,1
1807,8
1808,15
1809,2
1810,2
1811,0
1812,4
1813,4
1814,13
1815,10
1816,8
1817,9
1818,10
1819,13
1820,10
1821,3
1822,9
1823,7
1824,4
1825,0
1826,10
1827,12
1828,12
1829,1
1830,8
1831,7
1832,11
1833,6
1834,5
1835,6
1836,5
1837,10
1838,11
1839,8
1840,14
1841,10
1842,5
1843,8
1844,5
1845,3
1846,19
1847,20
1848,4
1849,5
1850,7
1851,7
1852,16
1853,3
1854,7
1855,3
1856,6
1857,5
1858,5
1859,17
1860,3
1861,2
1862,1
1863,6
1864,17
1865,5
1866,8
1867,12
1868,3
1869,2
1870,3
1871,11
1872,10
1873,1
1874,5
1875,7
1876,3
1877,11
1878,6
1879,0
1880,8
1881,13
1882,12
1883,13
1884,2
1885,8
1886,2
1887,4
1888,12
1889,5
1890,5
1891,2
1892,4
1893,5
1894,11
1895,7
1896,6
1897,5
1898,2
1899,9
1900,9
1901,7
1902,6
1903,3
1904,6
1905,3
1906,5
1907,5
1908,5
1909,5
1910,8
1911,6
1912,7
1913,9
1914,8
1915,5
1916,1
1917,10
1918,15
1919,7
1920,13
1921,4
1922,5
1923,3
1924,7
1925,2
1926,3
1927,0
1928,8
1929,9
1930,6
1931,6
1932,3
1933,11
1934,4
1935,3
1936,7
1937,4
1938,10
1939,14
1940,17
1941,11
1942,3
1943,7
1944,9
1945,4
1946,12
1947,12
1948,13
1949,8
1950,4
1951,12
1952,8
1953,7
1954,3
1955,13
1956,8
1957,5
1958,8
1959,6
1960,6
1961,3
1962,9
1963,8
1964,15
1965,11
1966,2
1967,6
1968,10
1969,8
1970,12
1971,2
1972,6
1973,7
1974,8
1975,6
1976,2
1977,8
1978,7
1979,4
1980,9
1981,1
1982,12
1983,5
1984,9
1985,9
1986,15
1987,6
1988,16
1989,6
1990,8
1991,5
1992,5
1993,7
1994,8
1995,5
1996,2
1997,2
1998,6
1999,3
2000,3
2001,8
2002,14
2003,9
2004,17
2005,14
2006,5
2007,9
2008,5
2009,13
2010,3
2011,12
2012,11
2013,1
2014,5
2015,8
2016,12
2017,11
2018,9
2019,6
2020,5
2021,4
2022,9
2023,12
2024,16
2025,12
2026,9
2027,8
2028,3
2029,3
2030,5
2031,6
2032,8
2033,8
2034,6
2035,7
2036,2
2037,5
2038,4
2039,9
2040,10
2041,6
2042,14
2043,2
2044,2
2045,3
2046,2
2047,9
2048,6
2049,14
2050,6
2051,6
2052,6
2053,18
2054,6
2055,13
2056,5
2057,6
2058,10
2059,16
2060,13
2061,4
2062,4
2063,6
2064,18
2065,6
2066,8
2067,13
2068,10
2069,5
2070,4
2071,19
2072,3
2073,7
2074,9
2075,18
2076,8
2077,1
2078,8
2079,4
2080,1
2081,10
2082,3
2083,0
2084,6
2085,10
2086,12
2087,7
2088,9
2089,9
2090,11
2091,0
2092,10
2093,14
2094,3
2095,6
2096,5
2097,14
2098,8
2099,2
2100,12
2101,0
2102,8
2103,11
2104,8
2105,4
2106,5
2107,7
2108,7
2109,4
2110,3
2111,15
2112,7
2113,3
2114,4
2115,8
2116,8
2117,11
2118,11
2119,1
2120,4
2121,8
2122,8
2123,7
2124,3
2125,4
2126,8
2127,18
2128,5
2129,6
2130,8
2131,6
2132,9
2133,5
2134,13
2135,11
2136,9
2137,5
2138,2
2139,7
2140,9
2141,7
2142,8
2143,14
2144,17
2145,10
2146,10
2147,2
2148,12
2149,15
2150,5
2151,10
2152,3
2153,11
2154,5
2155,8
2156,8
2157,9
2158,3
2159,14
2160,4
2161,11
2162,8
2163,1
2164,6
2165,6
2166,8
2167,6
2168,6
2169,12
2170,12
2171,2
2172,6
2173,9
2174,9
2175,7
2176,2
2177,13
2178,9
2179,12
2180,19
2181,5
2182,7
2183,13
2184,3
2185,2
2186,14
2187,4
2188,12
2189,9
2190,13
2191,10
2192,3
2193,15
2194,6
2195,6
2196,6
2197,9
2198,7
2199,6
2200,14
2201,4
2202,3
2203,9
2204,3
2205,6
2206,9
2207,9
2208,13
2209,12
2210,16
2211,10
2212,8
2213,12
2214,13
2215,1
2216,8
2217,3
2218,16
2219,18
2220,6
2221,3
2222,17
2223,4
2224,10
2225,2
2226,6
2227,11
2228,3
2229,14
2230,0
2231,16
2232,0
2233,5
2234,6
2235,4
2236,1
2237,5
2238,8
2239,2
2240,4
2241,7
2242,4
2243,16
2244,6
2245,5
2246,0
2247,4
2248,17
2249,5
2250,4
2251,2
2252,6
2253,11
2254,12
2255,1
2256,10
2257,1
2258,9
2259,5
2260,7
2261,14
2262,1
2263,3
2264,2
2265,8
2266,2
2267,13
2268,12
2269,7
2270,11
2271,7
2272,10
2273,5
2274,15
2275,6
2276,17
2277,5
2278,10
2279,15
2280,1
2281,7
2282,10
2283,11
2284,0
2285,14
2286,11
2287,7
2288,8
2289,6
2290,6
2291,11
2292,10
2293,2
2294,8
2295,6
2296,12
2297,8
2298,4
2299,12
2300,4
2301,3
2302,0
2303,0
2304,10
2305,5
2306,11
2307,1
2308,4
2309,5
2310,1
2311,4
2312,1
2313,9
2314,2
2315,4
2316,3
2317,16
2318,7
2319,3
2320,9
2321,15
2322,1
2323,9
2324,12
2325,2
2326,11
2327,7
2328,15
2329,1
2330,11
2331,12
2332,13
2333,10
2334,8
2335,9
2336,6
2337,2
2338,8
2339,15
2340,12
2341,9
2342,4
2343,6
2344,8
2345,6
2346,6
2347,12
2348,17
2349,1
2350,5
2351,7
2352,1
2353,8
2354,6
2355,7
2356,3
2357,4
2358,7
2359,5
2360,13
2361,4
2362,11
2363,4
2364,3
2365,7
2366,9
2367,8
2368,2
2369,1
2370,6
2371,8
2372,5
2373,11
2374,8
2375,9
2376,12
2377,13
2378,7
2379,4
2380,8
2381,10
2382,5
2383,7
2384,12
2385,6
2386,4
2387,15
2388,1
2389,12
2390,6
2391,23
2392,11
2393,6
2394,10
2395,12
2396,8
2397,4
2398,5
2399,12
2400,10
2401,8
2402,4
2403,12
2404,23
2405,0
2406,8
2407,1
2408,6
2409,3
2410,18
2411,10
2412,8
2413,10
2414,9
2415,13
2416,8
2417,3
2418,10
2419,9
2420,8
2421,3
2422,5
2423,7
2424,12
2425,5
2426,12
2427,6
2428,7
2429,14
2430,5
2431,5
2432,8
2433,1
2434,11
2435,9
2436,4
2437,6
2438,4
2439,7
2440,12
2441,2
2442,17
2443,2
2444,2
2445,6
2446,11
2447,14
2448,8
2449,9
2450,13
2451,1
2452,4
2453,14
2454,15
2455,4
2456,7
2457,7
2458,19
2459,5
2460,6
2461,3
2462,0
2463,8
2464,11
2465,5
2466,13
2467,9
2468,0
2469,9
2470,14
2471,5
2472,13
2473,6
2474,5
2475,3
2476,5
2477,15
2478,15
2479,9
2480,9
2481,13
2482,6
2483,6
2484,6
2485,10
2486,7
2487,10
2488,10
2489,5
2490,5
2491,8
2492,13
2493,7
2494,7
2495,12
2496,10
2497,7
2498,4
2499,1
2500,13
2501,13
2502,3
2503,7
2504,0
2505,9
2506,8
2507,12
2508,1
2509,3
2510,3
2511,5
2512,0
2513,9
2514,7
2515,10
2516,5
2517,2
2518,1
2519,15
2520,7
2521,8
2522,9
2523,4
2524,7
2525,5
2526,5
2527,1
2528,3
2529,15
2530,13
2531,10
2532,18
2533,3
2534,7
2535,15
2536,10
2537,4
2538,7
2539,12
2540,10
2541,9
2542,10
2543,8
2544,0
2545,8
2546,7
2547,0
2548,5
2549,2
2550,14
2551,17
2552,8
2553,18
2554,9
2555,0
2556,3
2557,18
2558,4
2559,13
2560,13
2561,0
2562,10
2563,3
2564,2
2565,12
2566,7
2567,1
2568,7
2569,11
2570,1
2571,11
2572,6
2573,10
2574,0
2575,6
2576,5
2577,18
2578,13
2579,8
2580,7
2581,8
2582,8
2583,3
2584,9
2585,13
2586,1
2587,13
2588,7
2589,5
2590,6
2591,0
2592,10
2593,14
2594,8
2595,12
2596,3
2597,10
2598,6
2599,11
2600,5
2601,8
2602,12
2603,5
2604,2
2605,0
2606,0
2607,8
2608,5
2609,5
2610,2
2611,16
2612,11
2613,12
2614,8
2615,12
2616,8
2617,9
2618,6
2619,17
2620,4
2621,9
2622,0
2623,1
2624,7
2625,11
2626,24
2627,14
2628,2
2629,4
2630,6
2631,8
2632,9
2633,7
2634,7
2635,14
2636,9
2637,12
2638,15
2639,8
2640,6
2641,4
2642,6
2643,2
2644,4
2645,9
2646,5
2647,5
2648,7
2649,7
2650,11
2651,12
2652,13
2653,0
2654,6
2655,11
2656,5
2657,3
2658,5
2659,5
2660,4
2661,8
2662,5
2663,11
2664,2
2665,4
2666,4
2667,5
2668,15
2669,5
2670,5
2671,9
2672,6
2673,2
2674,6
2675,9
2676,9
2677,10
2678,8
2679,16
2680,2
2681,2
2682,9
2683,3
2684,6
2685,5
2686,0
2687,8
2688,7
2689,11
2690,3
2691,5
2692,12
2693,18
2694,5
2695,10
2696,4
2697,10
2698,10
2699,8
2700,8
2701,9
2702,8
2703,8
2704,7
2705,4
2706,3
2707,0
2708,6
2709,3
2710,17
2711,6
2712,6
2713,11
2714,6
2715,3
2716,10
2717,8
2718,3
2719,3
2720,6
2721,10
2722,12
2723,0
2724,3
2725,10
2726,3
2727,7
2728,3
2729,9
2730,1
2731,6
2732,9
2733,13
2734,9
2735,7
2736,10
2737,3
2738,4
2739,6
2740,7
2741,11
2742,5
2743,5
2744,2
2745,7
2746,5
2747,6
2748,6
2749,6
2750,9
2751,4
2752,9
2753,8
2754,17
2755,3
2756,1
2757,13
2758,6
2759,10
2760,12
2761,3
2762,19
2763,1
2764,9
2765,4
2766,5
2767,2
2768,3
2769,1
2770,0
2771,4
2772,11
2773,6
2774,19
2775,1
2776,11
2777,13
2778,4
2779,9
2780,8
2781,5
2782,7
2783,7
2784,5
2785,7
2786,4
2787,5
2788,4
2789,7
2790,10
2791,5
2792,5
2793,9
2794,10
2795,11
2796,15
2797,14
2798,15
2799,8
2800,8
2801,2
2802,9
2803,16
2804,4
2805,14
2806,10
2807,6
2808,3
2809,1
2810,5
2811,5
2812,13
2813,8
2814,7
2815,2
2816,8
2817,7
2818,8
2819,19
2820,3
2821,2
2822,7
2823,8
2824,10
2825,5
2826,4
2827,7
2828,9
2829,0
2830,10
2831,7
2832,8
2833,0
2834,8
2835,10
2836,7
2837,10
2838,8
2839,1
2840,0
2841,13
2842,8
2843,8
2844,9
2845,8
2846,3
2847,7
2848,16
2849,11
2850,7
2851,3
2852,10
2853,4
2854,8
2855,4
2856,16
2857,11
2858,1
2859,9
2860,9
2861,2
2862,7
2863,6
2864,0
2865,5
2866,7
2867,9
2868,3
2869,4
2870,10
2871,7
2872,8
2873,4
2874,6
2875,5
2876,16
2877,8
2878,6
2879,2
2880,5
2881,8
2882,8
2883,11
2884,7
2885,11
2886,11
2887,6
2888,2
2889,5
2890,13
2891,12
2892,4
2893,6
2894,12
2895,6
2896,10
2897,3
2898,3
2899,12
2900,10
2901,11
2902,8
2903,12
2904,13
2905,4
2906,3
2907,3
2908,1
2909,1
2910,10
2911,7
2912,14
2913,1
2914,17
2915,16
2916,5
2917,6
2918,1
2919,9
2920,12
2921,9
2922,11
2923,0
2924,3
2925,3
2926,5
2927,4
2928,4
2929,10
2930,13
2931,6
2932,9
2933,8
2934,8
2935,2
2936,7
2937,1
2938,3
2939,7
2940,3
2941,15
2942,11
2943,3
2944,4
2945,1
2946,5
2947,2
2948,4
2949,4
2950,8
2951,6
2952,15
2953,0
2954,1
2955,10
2956,6
2957,11
2958,2
2959,0
2960,1
2961,18
2962,7
2963,9
2964,9
2965,9
2966,4
2967,1
2968,3
2969,4
2970,8
2971,3
2972,6
2973,6
2974,3
2975,5
2976,7
2977,2
2978,13
2979,2
2980,9
2981,5
2982,2
2983,5
2984,8
2985,9
2986,9
2987,13
2988,3
2989,7
2990,1
2991,12
2992,2
2993,7
2994,8
2995,9
2996,20
2997,4
2998,1
2999,13
3000,9
3001,6
3002,10
3003,4
3004,6
3005,14
3006,5
3007,4
3008,6
3009,4
3010,13
3011,13
3012,9
3013,12
3014,16
3015,1
3016,4
3017,10
3018,3
3019,9
3020,4
3021,5
3022,2
3023,0
3024,9
3025,10
3026,15
3027,5
3028,6
3029,12
3030,7
3031,17
3032,7
3033,11
3034,9
3035,1
3036,7
3037,8
3038,10
3039,20
3040,4
3041,4
3042,6
3043,11
3044,9
3045,2
3046,5
3047,6
3048,14
3049,15
3050,2
3051,0
3052,4
3053,16
3054,8
3055,7
3056,8
3057,12
3058,9
3059,5
3060,10
3061,9
3062,1
3063,3
3064,6
3065,11
3066,6
3067,13
3068,1
3069,11
3070,11
3071,8
3072,5
3073,6
3074,7
3075,7
3076,3
3077,5
3078,4
3079,7
3080,7
3081,5
3082,10
3083,13
3084,17
3085,0
3086,9
3087,8
3088,4
3089,8
3090,7
3091,3
3092,8
3093,12
3094,8
3095,8
3096,1
3097,3
3098,4
3099,12
3100,10
3101,9
3102,6
3103,16
3104,8
3105,7
3106,5
3107,10
3108,10
3109,3
3110,10
3111,7
3112,4
3113,2
3114,7
3115,9
3116,12
3117,6
3118,2
3119,6
3120,3
3121,4
3122,8
3123,7
3124,5
3125,14
3126,7
3127,4
3128,2
3129,5
3130,15
3131,6
3132,11
3133,0
3134,1
3135,9
3136,5
3137,12
3138,6
3139,4
3140,3
3141,11
3142,5
3143,8
3144,9
3145,5
3146,8
3147,21
3148,8
3149,8
3150,15
3151,16
3152,5
3153,5
3154,10
3155,5
3156,14
3157,1
3158,1
3159,5
3160,4
3161,3
3162,7
3163,9
3164,4
3165,9
3166,11
3167,8
3168,0
3169,3
3170,3
3171,10
3172,8
3173,9
3174,13
3175,2
3176,10
3177,2
3178,0
3179,6
3180,6
3181,5
3182,12
3183,4
3184,5
3185,9
3186,21
3187,2
3188,11
3189,21
3190,15
3191,12
3192,8
3193,13
3194,5
3195,1
3196,3
3197,12
3198,14
3199,16
3200,8
3201,7
3202,11
3203,2
3204,1
3205,6
3206,5
3207,7
3208,5
3209,6
3210,11
3211,19
3212,7
3213,16
3214,8
3215,8
3216,6
3217,13
3218,6
3219,2
3220,10
3221,11
3222,7
3223,9
3224,9
3225,5
3226,2
3227,10
3228,6
3229,8
3230,10
3231,5
3232,12
3233,3
3234,12
3235,12
3236,5
3237,10
3238,1
3239,8
3240,6
3241,5
3242,4
3243,2
3244,2
3245,5
3246,8
3247,7
3248,9
3249,12
3250,3
3251,15
3252,9
3253,11
3254,14
3255,6
3256,15
3257,8
3258,10
3259,4
3260,11
3261,5
3262,10
3263,11
3264,18
3265,5
3266,15
3267,11
3268,13
3269,11
3270,8
3271,3
3272,8
3273,11
3274,6
3275,5
3276,11
3277,10
3278,10
3279,8
3280,15
3281,1
3282,11
3283,10
3284,6
3285,12
3286,4
3287,10
3288,11
3289,10
3290,5
3291,5
3292,8
3293,11
3294,0
3295,11
3296,4
3297,16
3298,12
3299,5
3300,12
3301,8
3302,4
3303,10
3304,5
3305,4
3306,5
3307,12
3308,1
3309,9
3310,12
3311,6
3312,7
3313,13
3314,9
3315,10
3316,10
3317,11
3318,5
3319,7
3320,6
3321,14
3322,3
3323,10
3324,1
3325,5
3326,14
3327,4
3328,11
3329,3
3330,4
3331,7
3332,4
3333,7
3334,10
3335,15
3336,8
3337,10
3338,4
3339,8
3340,14
3341,9
3342,8
3343,15
3344,5
3345,9
3346,7
3347,14
3348,3
3349,16
3350,2
3351,6
3352,0
3353,2
3354,9
3355,6
3356,2
3357,3
3358,0
3359,7
3360,3
3361,16
3362,5
3363,8
3364,0
3365,0
3366,6
3367,21
3368,6
3369,2
3370,16
3371,5
3372,8
3373,4
3374,9
3375,0
3376,15
3377,4
3378,13
3379,4
3380,15
3381,5
3382,10
3383,12
3384,13
3385,7
3386,13
3387,11
3388,11
3389,13
3390,10
3391,16
3392,7
3393,3
3394,10
3395,8
3396,13
3397,4
3398,11
3399,8
3400,14
3401,2
3402,4
3403,10
3404,6
3405,7
3406,5
3407,8
3408,10
3409,6
3410,3
3411,2
3412,8
3413,10
3414,3
3415,7
3416,7
3417,11
3418,7
3419,4
3420,6
3421,7
3422,3
3423,10
3424,11
3425,8
3426,9
3427,10
3428,13
3429,5
3430,12
3431,9
3432,9
3433,6
3434,8
3435,17
3436,1
3437,3
3438,9
3439,12
3440,5
3441,0
3442,14
3443,8
3444,4
3445,5
3446,6
3447,3
3448,4
3449,12
3450,4
3451,6
3452,9
3453,7
3454,8
3455,11
3456,1
3457,0
3458,12
3459,2
3460,1
3461,11
3462,14
3463,9
3464,3
3465,9
3466,4
3467,4
3468,7
3469,4
3470,9
3471,2
3472,6
3473,10
3474,8
3475,5
3476,7
3477,7
3478,11
3479,7
3480,6
3481,4
3482,0
3483,3
3484,6
3485,8
3486,3
3487,7
3488,8
3489,15
3490,3
3491,3
3492,7
3493,12
3494,8
3495,19
3496,17
3497,13
3498,13
3499,8
3500,9
3501,9
3502,5
3503,9
3504,4
3505,10
3506,7
3507,11
3508,3
3509,16
3510,8
3511,16
3512,3
3513,8
3514,11
3515,7
3516,14
3517,4
3518,5
3519,6
3520,9
3521,5
3522,6
3523,7
3524,4
3525,9
3526,10
3527,10
3528,11
3529,8
3530,6
3531,5
3532,11
3533,10
3534,7
3535,5
3536,9
3537,10
3538,0
3539,5
3540,6
3541,7
3542,3
3543,17
3544,9
3545,11
3546,10
3547,10
3548,11
3549,10
3550,5
3551,9
3552,8
3553,13
3554,11
3555,0
3556,11
3557,14
3558,11
3559,7
3560,25
3561,5
3562,10
3563,1
3564,10
3565,6
3566,6
3567,6
3568,5
3569,5
3570,7
3571,8
3572,12
3573,12
3574,7
3575,7
3576,0
3577,2
3578,6
3579,11
3580,17
3581,14
3582,2
3583,2
3584,7
3585,12
3586,2
3587,12
3588,0
3589,8
3590,8
3591,9
3592,9
3593,15
3594,7
3595,3
3596,11
3597,7
3598,11
3599,4
3600,5
3601,10
3602,18
3603,1
3604,12
3605,2
3606,13
3607,4
3608,3
3609,3
3610,5
3611,6
3612,13
3613,10
3614,9
3615,14
3616,6
3617,7
3618,5
3619,7
3620,8
3621,5
3622,5
3623,8
3624,8
3625,10
3626,4
3627,14
3628,9
3629,11
3630,2
3631,16
3632,7
3633,6
3634,11
3635,7
3636,16
3637,11
3638,10
3639,7
3640,7
3641,14
3642,4
3643,2
3644,10
3645,14
3646,12
3647,3
3648,6
3649,8
3650,5
3651,11
3652,6
3653,4
3654,11
3655,2
3656,6
3657,10
3658,11
3659,9
3660,2
3661,15
3662,10
3663,0
3664,6
3665,7
3666,3
3667,12
3668,12
3669,13
3670,11
3671,18
3672,10
3673,15
3674,3
3675,8
3676,3
3677,8
3678,13
3679,5
3680,9
3681,2
3682,8
3683,2
3684,4
3685,5
3686,5
3687,2
3688,9
3689,12
3690,5
3691,6
3692,7
3693,11
3694,0
3695,11
3696,2
3697,8
3698,10
3699,3
3700,10
3701,8
3702,2
3703,8
3704,7
3705,6
3706,10
3707,11
3708,14
3709,14
3710,0
3711,13
3712,3
3713,17
3714,16
3715,0
3716,3
3717,8
3718,14
3719,5
3720,15
3721,11
3722,4
3723,3
3724,17
3725,0
3726,2
3727,12
3728,0
3729,7
3730,7
3731,23
3732,4
3733,12
3734,4
3735,8
3736,13
3737,6
3738,0
3739,0
3740,5
3741,0
3742,4
3743,4
3744,11
3745,9
3746,2
3747,2
3748,3
3749,10
3750,10
3751,8
3752,9
3753,10
3754,10
3755,11
3756,8
3757,4
3758,5
3759,3
3760,10
3761,2
3762,9
3763,15
3764,5
3765,2
3766,7
3767,11
3768,8
3769,29
3770,9
3771,11
3772,10
3773,4
3774,15
3775,10
3776,0
3777,0
3778,9
3779,12
3780,5
3781,11
3782,5
3783,8
3784,4
3785,8
3786,6
3787,5
3788,5
3789,6
3790,4
3791,4
3792,9
3793,12
3794,12
3795,4
3796,11
3797,8
3798,18
3799,6
3800,8
3801,13
3802,9
3803,10
3804,9
3805,6
3806,3
3807,4
3808,13
3809,3
3810,3
3811,4
3812,12
3813,2
3814,2
3815,8
3816,2
3817,3
3818,8
3819,5
3820,9
3821,6
3822,14
3823,8
3824,3
3825,5
3826,2
3827,1
3828,1
3829,11
3830,10
3831,3
3832,5
3833,6
3834,11
3835,10
3836,12
3837,6
3838,9
3839,2
3840,4
3841,8
3842,8
3843,4
3844,9
3845,0
3846,5
3847,8
3848,7
3849,11
3850,10
3851,4
3852,9
3853,1
3854,3
3855,7
3856,11
3857,9
3858,8
3859,5
3860,3
3861,7
3862,4
3863,15
3864,15
3865,1
3866,7
3867,15
3868,6
3869,6
3870,12
3871,6
3872,7
3873,13
3874,4
3875,4
3876,9
3877,7
3878,11
3879,7
3880,11
3881,3
3882,6
3883,1
3884,16
3885,4
3886,9
3887,7
3888,12
3889,6
3890,1
3891,6
3892,8
3893,1
3894,9
3895,9
3896,2
3897,12
3898,3
3899,9
3900,16
3901,3
3902,9
3903,12
3904,6
3905,7
3906,11
3907,12
3908,7
3909,2
3910,11
3911,5
3912,12
3913,6
3914,12
3915,11
3916,11
3917,14
3918,4
3919,10
3920,11
3921,7
3922,1
3923,4
3924,10
3925,0
3926,4
3927,6
3928,6
3929,12
3930,9
3931,3
3932,11
3933,7
3934,4
3935,8
3936,10
3937,9
3938,7
3939,9
3940,2
3941,15
3942,16
3943,8
3944,5
3945,0
3946,3
3947,4
3948,6
3949,8
3950,11
3951,10
3952,7
3953,10
3954,4
3955,7
3956,3
3957,7
3958,11
3959,7
3960,11
3961,8
3962,1
3963,20
3964,10
3965,1
3966,14
3967,11
3968,14
3969,1
3970,12
3971,9
3972,13
3973,4
3974,19
3975,11
3976,7
3977,9
3978,10
3979,8
3980,3
3981,10
3982,1
3983,3
3984,3
3985,10
3986,12
3987,19
3988,10
3989,7
3990,1
3991,6
3992,20
3993,13
3994,17
3995,0
3996,14
3997,8
3998,10
3999,4
4000,7
4001,3
4002,9
4003,9
4004,14
4005,13
4006,0
4007,6
4008,2
4009,7
4010,10
4011,5
4012,14
4013,10
4014,6
4015,4
4016,7
4017,5
4018,7
4019,14
4020,9
4021,8
4022,4
4023,10
4024,2
4025,10
4026,7
4027,1
4028,0
4029,9
4030,11
4031,8
4032,6
4033,5
4034,6
4035,8
4036,7
4037,2
4038,9
4039,7
4040,10
4041,7
4042,3
4043,5
4044,7
4045,11
4046,5
4047,2
4048,12
4049,12
4050,7
4051,2
4052,3
4053,8
4054,6
4055,12
4056,8
4057,1
4058,3
4059,9
4060,16
4061,6
4062,8
4063,10
4064,12
4065,13
4066,6
4067,6
4068,10
4069,6
4070,5
4071,1
4072,1
4073,5
4074,11
4075,4
4076,5
4077,4
4078,5
4079,6
4080,3
4081,2
4082,12
4083,5
4084,6
4085,5
4086,11
4087,3
4088,6
4089,4
4090,7
4091,1
4092,6
4093,3
4094,10
4095,1
4096,7
4097,7
4098,9
4099,2
4100,3
4101,6
4102,11
4103,0
4104,6
4105,12
4106,4
4107,4
4108,2
4109,1
4110,13
4111,6
4112,2
4113,11
4114,5
4115,5
4116,0
4117,0
4118,16
4119,2
4120,4
4121,11
4122,8
4123,11
4124,7
4125,0
4126,4
4127,3
4128,7
4129,7
4130,9
4131,15
4132,9
4133,11
4134,9
4135,9
4136,11
4137,18
4138,1
4139,4
4140,13
4141,5
4142,0
4143,12
4144,3
4145,8
4146,1
4147,8
4148,6
4149,1
4150,9
4151,5
4152,1
4153,6
4154,7
4155,6
4156,0
4157,12
4158,0
4159,7
4160,5
4161,14
4162,15
4163,4
4164,2
4165,9
4166,13
4167,9
4168,1
4169,4
4170,0
4171,10
4172,2
4173,1
4174,13
4175,12
4176,12
4177,2
4178,7
4179,2
4180,6
4181,14
4182,14
4183,8
4184,12
4185,7
4186,6
4187,10
4188,5
4189,3
4190,7
4191,0
4192,9
4193,12
4194,11
4195,12
4196,13
4197,6
4198,5
4199,6
4200,4
4201,8
4202,1
4203,5
4204,9
4205,11
4206,12
4207,13
4208,15
4209,9
4210,5
4211,5
4212,10
4213,1
4214,5
4215,1
4216,8
4217,8
4218,0
4219,17
4220,0
4221,14
4222,9
4223,12
4224,8
4225,6
4226,14
4227,6
4228,12
4229,5
4230,7
4231,6
4232,6
4233,3
4234,8
4235,7
4236,6
4237,3
4238,3
4239,10
4240,11
4241,6
4242,4
4243,8
4244,17
4245,6
4246,8
4247,3
4248,4
4249,1
4250,4
4251,3
4252,3
4253,18
4254,11
4255,3
4256,15
4257,14
4258,4
4259,4
4260,6
4261,13
4262,5
4263,2
4264,1
4265,7
4266,10
4267,17
4268,3
4269,3
4270,10
4271,4
4272,8
4273,11
4274,5
4275,7
4276,7
4277,5
4278,14
4279,16
4280,4
4281,6
4282,8
4283,9
4284,8
4285,10
4286,1
4287,4
4288,0
4289,6
4290,5
4291,2
4292,9
4293,2
4294,0
4295,1
4296,7
4297,10
4298,7
4299,1
4300,0
4301,7
4302,17
4303,11
4304,8
4305,12
4306,3
4307,5
4308,7
4309,16
4310,6
4311,5
4312,12
4313,8
4314,3
4315,10
4316,15
4317,0
4318,8
4319,14
4320,1
4321,5
4322,2
4323,6
4324,9
4325,7
4326,4
4327,6
4328,0
4329,9
4330,6
4331,4
4332,12
4333,10
4334,18
4335,12
4336,4
4337,4
4338,16
4339,8
4340,10
4341,7
4342,13
4343,7
4344,16
4345,5
4346,5
4347,14
4348,4
4349,8
4350,10
4351,7
4352,12
4353,5
4354,6
4355,0
4356,9
4357,11
4358,13
4359,0
4360,9
4361,3
4362,12
4363,4
4364,3
4365,7
4366,0
4367,10
4368,6
4369,7
4370,9
4371,10
4372,6
4373,10
4374,12
4375,6
4376,9
4377,1
4378,4
4379,8
4380,5
4381,10
4382,5
4383,3
4384,9
4385,5
4386,6
4387,4
4388,7
4389,1
4390,10
4391,6
4392,6
4393,8
4394,8
4395,6
4396,5
4397,12
4398,10
4399,2
4400,3
4401,4
4402,4
4403,6
4404,5
4405,8
4406,11
4407,14
4408,11
4409,2
4410,1
4411,4
4412,13
4413,12
4414,5
4415,5
4416,9
4417,8
4418,12
4419,0
4420,8
4421,8
4422,5
4423,0
4424,13
4425,5
4426,4
4427,17
4428,12
4429,7
4430,8
4431,8
4432,14
4433,7
4434,5
4435,2
4436,18
4437,10
4438,10
4439,4
4440,2
4441,9
4442,5
4443,4
4444,8
4445,18
4446,8
4447,13
4448,8
4449,13
4450,3
4451,6
4452,3
4453,12
4454,6
4455,3
4456,9
4457,13
4458,0
4459,6
4460,11
4461,6
4462,7
4463,5
4464,8
4465,6
4466,5
4467,7
4468,5
4469,2
4470,10
4471,9
4472,9
4473,6
4474,9
4475,12
4476,2
4477,7
4478,4
4479,11
4480,4
4481,1
4482,10
4483,3
4484,6
4485,4
4486,12
4487,7
4488,5
4489,6
4490,6
4491,10
4492,3
4493,14
4494,6
4495,3
4496,2
4497,2
4498,11
4499,7
4500,8
4501,9
4502,5
4503,7
4504,5
4505,3
4506,10
4507,8
4508,11
4509,14
4510,10
4511,4
4512,0
4513,1
4514,10
4515,5
4516,8
4517,2
4518,22
4519,4
4520,10
4521,8
4522,10
4523,9
4524,0
4525,5
4526,11
4527,0
4528,5
4529,9
4530,4
4531,11
4532,9
4533,10
4534,3
4535,7
4536,3
4537,8
4538,7
4539,16
4540,15
4541,2
4542,0
4543,6
4544,5
4545,3
4546,5
4547,2
4548,3
4549,9
4550,3
4551,7
4552,5
4553,6
4554,7
4555,1
4556,11
4557,3
4558,5
4559,13
4560,7
4561,14
4562,10
4563,8
4564,7
4565,12
4566,5
4567,6
4568,1
4569,7
4570,4
4571,13
4572,5
4573,22
4574,9
4575,11
4576,3
4577,6
4578,7
4579,9
4580,4
4581,9
4582,4
4583,12
4584,0
4585,7
4586,11
4587,7
4588,6
4589,16
4590,14
4591,1
4592,8
4593,4
4594,8
4595,7
4596,12
4597,7
4598,5
4599,6
4600,6
4601,9
4602,12
4603,4
4604,4
4605,15
4606,7
4607,6
4608,8
4609,12
4610,7
4611,13
4612,4
4613,1
4614,12
4615,12
4616,8
4617,4
4618,5
4619,10
4620,9
4621,5
4622,7
4623,2
4624,7
4625,11
4626,2
4627,2
4628,1
4629,5
4630,3
4631,13
4632,6
4633,8
4634,5
4635,8
4636,9
4637,12
4638,0
4639,4
4640,15
4641,8
4642,11
4643,2
4644,8
4645,12
4646,11
4647,0
4648,1
4649,14
4650,1
4651,5
4652,4
4653,1
4654,5
4655,11
4656,9
4657,9
4658,4
4659,3
4660,11
4661,10
4662,13
4663,8
4664,8
4665,1
4666,5
4667,2
4668,10
4669,13
4670,2
4671,7
4672,4
4673,7
4674,1
4675,6
4676,3
4677,3
4678,10
4679,9
4680,7
4681,10
4682,5
4683,3
4684,3
4685,10
4686,13
4687,9
4688,13
4689,11
4690,6
4691,10
4692,4
4693,18
4694,11
4695,8
4696,8
4697,12
4698,6
4699,10
4700,5
4701,2
4702,1
4703,5
4704,7
4705,5
4706,5
4707,5
4708,6
4709,15
4710,5
4711,3
4712,6
4713,9
4714,1
4715,2
4716,3
4717,7
4718,4
4719,4
4720,6
4721,1
4722,9
4723,6
4724,6
4725,11
4726,2
4727,6
4728,15
4729,11
4730,10
4731,10
4732,11
4733,0
4734,2
4735,5
4736,5
4737,11
4738,2
4739,5
4740,13
4741,17
4742,8
4743,9
4744,8
4745,3
4746,8
4747,14
4748,4
4749,9
4750,8
4751,2
4752,3
4753,9
4754,7
4755,10
4756,15
4757,2
4758,0
4759,5
4760,13
4761,3
4762,11
4763,5
4764,15
4765,3
4766,7
4767,7
4768,13
4769,4
4770,4
4771,0
4772,8
4773,11
4774,9
4775,3
4776,1
4777,6
4778,11
4779,11
4780,2
4781,12
4782,2
4783,0
4784,4
4785,5
4786,3
4787,11
4788,6
4789,0
4790,7
4791,2
4792,10
4793,9
4794,10
4795,5
4796,4
4797,11
4798,3
4799,16
4800,8
4801,9
4802,2
4803,4
4804,6
4805,5
4806,4
4807,6
4808,4
4809,3
4810,15
4811,2
4812,6
4813,14
4814,11
4815,9
4816,6
4817,2
4818,3
4819,15
4820,4
4821,11
4822,1
4823,0
4824,13
4825,12
4826,11
4827,14
4828,3
4829,3
4830,3
4831,10
4832,16
4833,7
4834,8
4835,9
4836,5
4837,14
4838,5
4839,7
4840,12
4841,9
4842,5
4843,9
4844,4
4845,4
4846,7
4847,0
4848,19
4849,14
4850,5
4851,11
4852,6
4853,2
4854,4
4855,9
4856,6
4857,2
4858,6
4859,7
4860,11
4861,4
4862,16
4863,6
4864,3
4865,1
4866,6
4867,4
4868,4
4869,4
4870,5
4871,10
4872,0
4873,8
4874,7
4875,7
4876,9
4877,10
4878,10
4879,3
4880,6
4881,3
4882,12
4883,4
4884,0
4885,1
4886,11
4887,12
4888,15
4889,9
4890,8
4891,10
4892,6
4893,3
4894,5
4895,4
4896,9
4897,3
4898,4
4899,10
4900,6
4901,3
4902,3
4903,4
4904,7
4905,13
4906,12
4907,2
4908,13
4909,1
4910,8
4911,10
4912,6
4913,1
4914,9
4915,5
4916,2
4917,2
4918,5
4919,14
4920,6
4921,1
4922,5
4923,10
4924,1
4925,5
4926,8
4927,13
4928,2
4929,1
4930,5
4931,12
4932,6
4933,11
4934,2
4935,7
4936,12
4937,11
4938,1
4939,2
4940,3
4941,7
4942,5
4943,7
4944,9
4945,12
4946,3
4947,2
4948,7
4949,10
4950,12
4951,5
4952,8
4953,5
4954,8
4955,3
4956,13
4957,6
4958,10
4959,13
4960,19
4961,8
4962,6
4963,6
4964,7
4965,4
4966,10
4967,7
4968,10
4969,11
4970,18
4971,7
4972,6
4973,1
4974,3
4975,7
4976,3
4977,14
4978,8
4979,10
4980,7
4981,12
4982,12
4983,1
4984,5
4985,4
4986,6
4987,2
4988,13
4989,8
4990,3
4991,5
4992,11
4993,3
4994,9
4995,5
4996,14
4997,9
4998,11
4999,3
5000,11
5001,5
5002,8
5003,5
5004,3
5005,3
5006,7
5007,3
5008,5
5009,15
5010,12
5011,12
5012,7
5013,6
5014,10
5015,9
5016,9
5017,10
5018,5
5019,8
5020,8
5021,5
5022,7
5023,18
5024,7
5025,14
5026,10
5027,8
5028,18
5029,10
5030,9
5031,11
5032,1
5033,1
5034,6
5035,9
5036,7
5037,11
5038,3
5039,6
5040,2
5041,3
5042,7
5043,3
5044,12
5045,15
5046,5
5047,15
5048,3
5049,13
5050,16
5051,5
5052,1
5053,15
5054,16
5055,6
5056,3
5057,8
5058,5
5059,1
5060,1
5061,6
5062,2
5063,4
5064,11
5065,4
5066,10
5067,10
5068,10
5069,5
5070,12
5071,3
5072,10
5073,13
5074,8
5075,12
5076,3
5077,7
5078,3
5079,11
5080,18
5081,3
5082,9
5083,5
5084,12
5085,6
5086,11
5087,6
5088,12
5089,3
5090,8
5091,14
5092,6
5093,9
5094,10
5095,6
5096,1
5097,10
5098,4
5099,6
5100,6
5101,8
5102,15
5103,14
5104,7
5105,8
5106,15
5107,9
5108,7
5109,0
5110,5
5111,5
5112,14
5113,2
5114,12
5115,8
5116,3
5117,19
5118,1
5119,11
5120,10
5121,4
5122,7
5123,11
5124,5
5125,5
5126,4
5127,8
5128,0
5129,4
5130,13
5131,4
5132,9
5133,12
5134,11
5135,14
5136,8
5137,2
5138,14
5139,8
5140,9
5141,2
5142,8
5143,1
5144,10
5145,6
5146,7
5147,9
5148,17
5149,9
5150,10
5151,15
5152,13
5153,7
5154,7
5155,10
5156,4
5157,13
5158,8
5159,1
5160,10
5161,11
5162,2
5163,13
5164,17
5165,10
5166,11
5167,1
5168,3
5169,9
5170,13
5171,8
5172,0
5173,1
5174,16
5175,8
5176,5
5177,5
5178,9
5179,4
5180,4
5181,1
5182,5
5183,11
5184,8
5185,8
5186,16
5187,12
5188,6
5189,10
5190,9
5191,5
5192,15
5193,9
5194,4
5195,0
5196,8
5197,7
5198,10
5199,8
5200,4
5201,9
5202,17
5203,7
5204,2
5205,12
5206,10
5207,7
5208,13
5209,6
5210,7
5211,19
5212,10
5213,9
5214,2
5215,8
5216,14
5217,15
5218,10
5219,4
5220,10
5221,6
5222,5
5223,10
5224,18
5225,7
5226,11
5227,10
5228,8
5229,4
5230,4
5231,6
5232,6
5233,9
5234,5
5235,13
5236,12
5237,8
5238,4
5239,1
5240,10
5241,1
5242,11
5243,6
5244,2
5245,10
5246,6
5247,11
5248,10
5249,17
5250,10
5251,16
5252,7
5253,7
5254,4
5255,9
5256,6
5257,11
5258,11
5259,4
5260,14
5261,13
5262,10
5263,12
5264,9
5265,9
5266,6
5267,10
5268,7
5269,9
5270,13
5271,3
5272,10
5273,6
5274,3
5275,1
5276,6
5277,9
5278,12
5279,10
5280,6
5281,12
5282,5
5283,3
5284,12
5285,4
5286,4
5287,5
5288,3
5289,15
5290,8
5291,12
5292,18
5293,8
5294,1
5295,4
5296,8
5297,15
5298,11
5299,10
5300,5
5301,7
5302,4
5303,3
5304,9
5305,3
5306,11
5307,6
5308,17
5309,11
5310,9
5311,3
5312,1
5313,4
5314,3
5315,0
5316,6
5317,16
5318,7
5319,7
5320,6
5321,8
5322,22
5323,10
5324,2
5325,6
5326,6
5327,10
5328,4
5329,9
5330,12
5331,4
5332,12
5333,7
5334,7
5335,1
5336,10
5337,3
5338,10
5339,12
5340,9
5341,2
5342,12
5343,6
5344,7
5345,9
5346,19
5347,6
5348,5
5349,7
5350,2
5351,8
5352,2
5353,12
5354,11
5355,5
5356,6
5357,3
5358,5
5359,6
5360,13
5361,9
5362,17
5363,6
5364,18
5365,4
5366,12
5367,8
5368,11
5369,5
5370,10
5371,6
5372,6
5373,3
5374,8
5375,13
5376,12
5377,6
5378,19
5379,5
5380,3
5381,2
5382,8
5383,11
5384,9
5385,6
5386,7
5387,13
5388,13
5389,4
5390,14
5391,11
5392,7
5393,7
5394,15
5395,8
5396,10
5397,8
5398,7
5399,9
5400,15
5401,7
5402,4
5403,2
5404,7
5405,13
5406,14
5407,6
5408,11
5409,8
5410,6
5411,16
5412,7
5413,6
5414,13
5415,0
5416,6
5417,15
5418,14
5419,11
5420,2
5421,13
5422,17
5423,17
5424,8
5425,8
5426,10
5427,5
5428,16
5429,6
5430,15
5431,16
5432,7
5433,11
5434,13
5435,4
5436,7
5437,13
5438,13
5439,14
5440,19
5441,7
5442,8
5443,14
5444,2
5445,5
5446,8
5447,5
5448,3
5449,0
5450,6
5451,6
5452,3
5453,5
5454,12
5455,10
5456,6
5457,7
5458,17
5459,13
5460,11
5461,10
5462,5
5463,7
5464,4
5465,13
5466,18
5467,10
5468,14
5469,7
5470,13
5471,1
5472,15
5473,2
5474,12
5475,6
5476,13
5477,3
5478,2
5479,13
5480,9
5481,2
5482,9
5483,14
5484,12
5485,8
5486,14
5487,5
5488,9
5489,5
5490,4
5491,13
5492,11
5493,9
5494,3
5495,5
5496,8
5497,6
5498,6
5499,3
5500,9
5501,2
5502,11
5503,11
5504,9
5505,13
5506,11
5507,5
5508,8
5509,13
5510,15
5511,13
5512,0
5513,9
5514,11
5515,8
5516,7
5517,12
5518,4
5519,8
5520,15
5521,10
5522,12
5523,10
5524,8
5525,15
5526,3
5527,8
5528,11
5529,6
5530,5
5531,5
5532,15
5533,7
5534,11
5535,3
5536,15
5537,6
5538,10
5539,7
5540,1
5541,7
5542,14
5543,6
5544,11
5545,13
5546,1
5547,4
5548,15
5549,6
5550,10
5551,2
5552,2
5553,15
5554,2
5555,2
5556,10
5557,5
5558,13
5559,7
5560,6
5561,12
5562,9
5563,19
5564,6
5565,2
5566,5
5567,2
5568,4
5569,7
5570,1
5571,10
5572,3
5573,6
5574,12
5575,2
5576,7
5577,2
5578,7
5579,10
5580,8
5581,3
5582,6
5583,6
5584,8
5585,10
5586,8
5587,3
5588,1
5589,6
5590,8
5591,15
5592,0
5593,5
5594,11
5595,7
5596,12
5597,15
5598,9
5599,9
5600,16
5601,7
5602,10
5603,8
5604,7
5605,4
5606,7
5607,12
5608,11
5609,12
5610,6
5611,7
5612,10
5613,10
5614,11
5615,10
5616,10
5617,12
5618,7
5619,9
5620,6
5621,12
5622,9
5623,9
5624,8
5625,2
5626,8
5627,7
5628,17
5629,8
5630,3
5631,11
5632,14
5633,8
5634,9
5635,12
5636,8
5637,4
5638,5
5639,0
5640,6
5641,4
5642,1
5643,11
5644,15
5645,6
5646,13
5647,13
5648,6
5649,17
5650,9
5651,12
5652,8
5653,11
5654,12
5655,1
5656,10
5657,11
5658,5
5659,1
5660,10
5661,8
5662,12
5663,8
5664,6
5665,6
5666,5
5667,13
5668,6
5669,7
5670,9
5671,2
5672,9
5673,7
5674,4
5675,11
5676,8
5677,9
5678,2
5679,5
5680,8
5681,8
5682,7
5683,8
5684,13
5685,4
5686,7
5687,6
5688,9
5689,9
5690,12
5691,13
5692,5
5693,11
5694,3
5695,12
5696,9
5697,3
5698,6
5699,2
5700,6
5701,6
5702,0
5703,2
5704,2
5705,12
5706,0
5707,12
5708,10
5709,6
5710,13
5711,14
5712,14
5713,14
5714,5
5715,11
5716,6
5717,4
5718,12
5719,10
5720,6
5721,10
5722,6
5723,0
5724,7
5725,2
5726,0
5727,13
5728,10
5729,9
5730,14
5731,4
5732,9
5733,9
5734,5
5735,3
5736,6
5737,14
5738,11
5739,3
5740,10
5741,6
5742,12
5743,16
5744,7
5745,3
5746,9
5747,8
5748,12
5749,4
5750,4
5751,12
5752,9
5753,9
5754,9
5755,8
5756,7
5757,6
5758,1
5759,13
5760,1
5761,5
5762,13
5763,7
5764,12
5765,3
5766,10
5767,6
5768,10
5769,6
5770,11
5771,14
5772,11
5773,9
5774,3
5775,9
5776,1
5777,4
5778,17
5779,9
5780,0
5781,20
5782,3
5783,2
5784,14
5785,11
5786,4
5787,3
5788,3
5789,16
5790,13
5791,8
5792,12
5793,8
5794,6
5795,17
5796,15
5797,4
5798,2
5799,16
5800,11
5801,9
5802,10
5803,0
5804,9
5805,13
5806,9
5807,8
5808,1
5809,7
5810,2
5811,13
5812,4
5813,10
5814,6
5815,14
5816,12
5817,10
5818,9
5819,4
5820,7
5821,10
5822,6
5823,10
5824,10
5825,7
5826,10
5827,2
5828,9
5829,6
5830,4
5831,2
5832,6
5833,3
5834,19
5835,7
5836,9
5837,10
5838,8
5839,15
5840,18
5841,7
5842,7
5843,15
5844,5
5845,13
5846,16
5847,6
5848,4
5849,7
5850,6
5851,4
5852,5
5853,1
5854,8
5855,2
5856,12
5857,15
5858,10
5859,13
5860,10
5861,5
5862,11
5863,1
5864,2
5865,3
5866,3
5867,11
5868,17
5869,15
5870,2
5871,8
5872,13
5873,9
5874,13
5875,0
5876,2
5877,15
5878,5
5879,6
5880,4
5881,5
5882,11
5883,6
5884,6
5885,20
5886,11
5887,13
5888,20
5889,6
5890,9
5891,11
5892,10
5893,8
5894,3
5895,10
5896,2
5897,11
5898,6
5899,4
5900,1
5901,5
5902,1
5903,6
5904,9
5905,12
5906,10
5907,14
5908,6
5909,9
5910,6
5911,11
5912,16
5913,10
5914,10
5915,18
5916,10
5917,8
5918,2
5919,10
5920,2
5921,5
5922,5
5923,19
5924,5
5925,4
5926,4
5927,12
5928,3
5929,10
5930,1
5931,1
5932,7
5933,2
5934,7
5935,9
5936,13
5937,11
5938,9
5939,9
5940,12
5941,11
5942,9
5943,0
5944,8
5945,8
5946,8
5947,6
5948,6
5949,7
5950,11
5951,2
5952,3
5953,6
5954,8
5955,8
5956,5
5957,5
5958,8
5959,17
5960,10
5961,4
5962,4
5963,10
5964,3
5965,11
5966,10
5967,3
5968,4
5969,19
5970,4
5971,10
5972,8
5973,12
5974,5
5975,9
5976,9
5977,7
5978,2
5979,9
5980,9
5981,8
5982,0
5983,14
5984,11
5985,13
5986,20
5987,2
5988,3
5989,6
5990,13
5991,14
5992,4
5993,7
5994,8
5995,8
5996,7
5997,15
5998,4
5999,9
6000,5
6001,6
6002,8
6003,7
6004,10
6005,6
6006,7
6007,4
6008,18
6009,5
6010,13
6011,3
6012,11
6013,19
6014,10
6015,16
6016,10
6017,16
6018,22
6019,3
6020,23
6021,9
6022,2
6023,11
6024,14
6025,10
6026,8
6027,13
6028,8
6029,1
6030,13
6031,2
6032,10
6033,12
6034,4
6035,13
6036,7
6037,12
6038,13
6039,4
6040,11
6041,6
6042,12
6043,1
6044,8
6045,8
6046,1
6047,4
6048,20
6049,16
6050,0
6051,7
6052,12
6053,11
6054,10
6055,14
6056,4
6057,16
6058,9
6059,7
6060,2
6061,8
6062,1
6063,0
6064,2
6065,10
6066,14
6067,2
6068,13
6069,15
6070,9
6071,10
6072,11
6073,10
6074,5
6075,5
6076,13
6077,18
6078,12
6079,15
6080,13
6081,8
6082,13
6083,13
6084,6
6085,9
6086,11
6087,5
6088,15
6089,5
6090,1
6091,12
6092,8
6093,1
6094,6
6095,7
6096,0
6097,10
6098,13
6099,7
6100,7
6101,6
6102,13
6103,9
6104,6
6105,11
6106,7
6107,13
6108,6
6109,6
6110,1
6111,12
6112,9
6113,11
6114,6
6115,13
6116,7
6117,4
6118,8
6119,5
6120,6
6121,17
6122,7
6123,6
6124,10
6125,5
6126,8
6127,8
6128,5
6129,13
6130,13
6131,9
6132,4
6133,7
6134,6
6135,9
6136,5
6137,3
6138,9
6139,16
6140,1
6141,7
6142,7
6143,6
6144,10
6145,13
6146,12
6147,1
6148,9
6149,16
6150,7
6151,4
6152,19
6153,12
6154,11
6155,8
6156,0
6157,7
6158,2
6159,9
6160,4
6161,2
6162,12
6163,6
6164,7
6165,3
6166,10
6167,6
6168,11
6169,10
6170,9
6171,8
6172,7
6173,7
6174,0
6175,4
6176,5
6177,6
6178,15
6179,6
6180,8
6181,14
6182,12
6183,4
6184,13
6185,10
6186,11
6187,14
6188,10
6189,7
6190,9
6191,12
6192,8
6193,9
6194,9
6195,10
6196,22
6197,13
6198,11
6199,1
6200,16
6201,6
6202,7
6203,3
6204,6
6205,7
6206,10
6207,15
6208,12
6209,12
6210,13
6211,8
6212,9
6213,8
6214,6
6215,3
6216,19
6217,12
6218,12
6219,4
6220,9
6221,1
6222,14
6223,4
6224,8
6225,16
6226,11
6227,8
6228,14
6229,3
6230,7
6231,4
6232,10
6233,7
6234,18
6235,9
6236,5
6237,12
6238,11
6239,15
6240,8
6241,7
6242,13
6243,1
6244,2
6245,6
6246,7
6247,15
6248,6
6249,19
6250,14
6251,11
6252,10
6253,1
6254,2
6255,10
6256,6
6257,12
6258,2
6259,1
6260,1
6261,12
6262,7
6263,4
6264,11
6265,4
6266,10
6267,9
6268,11
6269,6
6270,7
6271,10
6272,14
6273,17
6274,11
6275,9
6276,14
6277,3
6278,8
6279,6
6280,18
6281,7
6282,15
6283,6
6284,13
6285,6
6286,2
6287,7
6288,13
6289,12
6290,7
6291,7
6292,12
6293,4
6294,6
6295,4
6296,8
6297,15
6298,11
6299,6
6300,9
6301,6
6302,8
6303,3
6304,5
6305,13
6306,14
6307,9
6308,10
6309,12
6310,12
6311,7
6312,11
6313,7
6314,5
6315,14
6316,10
6317,5
6318,10
6319,3
6320,13
6321,6
6322,8
6323,15
6324,7
6325,8
6326,11
6327,5
6328,1
6329,7
6330,7
6331,16
6332,12
6333,7
6334,2
6335,14
6336,9
6337,5
6338,5
6339,8
6340,17
6341,11
6342,11
6343,1
6344,11
6345,7
6346,5
6347,7
6348,15
6349,7
6350,12
6351,12
6352,4
6353,1
6354,8
6355,11
6356,8
6357,6
6358,16
6359,7
6360,11
6361,15
6362,16
6363,4
6364,20
6365,12
6366,10
6367,11
6368,2
6369,11
6370,4
6371,11
6372,14
6373,10
6374,3
6375,10
6376,0
6377,4
6378,12
6379,5
6380,13
6381,1
6382,12
6383,5
6384,0
6385,5
6386,12
6387,6
6388,9
6389,8
6390,6
6391,14
6392,7
6393,0
6394,4
6395,4
6396,7
6397,8
6398,5
6399,9
6400,6
6401,7
6402,15
6403,8
6404,8
6405,19
6406,5
6407,0
6408,11
6409,12
6410,13
6411,8
6412,1
6413,13
6414,9
6415,7
6416,6
6417,16
6418,1
6419,6
6420,9
6421,5
6422,11
6423,6
6424,20
6425,4
6426,12
6427,11
6428,5
6429,11
6430,5
6431,3
6432,2
6433,12
6434,9
6435,9
6436,15
6437,13
6438,5
6439,15
6440,9
6441,1
6442,5
6443,9
6444,12
6445,8
6446,5
6447,13
6448,7
6449,17
6450,10
6451,10
6452,6
6453,15
6454,16
6455,12
6456,24
6457,7
6458,7
6459,9
6460,5
6461,5
6462,13
6463,11
6464,3
6465,3
6466,6
6467,1
6468,7
6469,7
6470,6
6471,4
6472,10
6473,10
6474,9
6475,12
6476,4
6477,9
6478,10
6479,12
6480,5
6481,11
6482,6
6483,9
6484,3
6485,3
6486,8
6487,8
6488,9
6489,9
6490,10
6491,11
6492,6
6493,3
6494,3
6495,14
6496,7
6497,4
6498,11
6499,0
6500,13
6501,15
6502,16
6503,12
6504,1
6505,13
6506,3
6507,9
6508,13
6509,8
6510,2
6511,8
6512,14
6513,10
6514,5
6515,13
6516,4
6517,9
6518,7
6519,9
6520,2
6521,4
6522,4
6523,12
6524,6
6525,8
6526,7
6527,11
6528,8
6529,4
6530,6
6531,14
6532,8
6533,6
6534,4
6535,3
6536,10
6537,15
6538,14
6539,9
6540,4
6541,7
6542,10
6543,11
6544,8
6545,6
6546,9
6547,4
6548,9
6549,10
6550,6
6551,13
6552,15
6553,5
6554,7
6555,8
6556,5
6557,1
6558,4
6559,5
6560,9
6561,6
6562,12
6563,3
6564,7
6565,11
6566,7
6567,11
6568,13
6569,1
6570,3
6571,3
6572,4
6573,3
6574,17
6575,4
6576,1
6577,17
6578,7
6579,9
6580,7
6581,8
6582,6
6583,8
6584,10
6585,11
6586,11
6587,8
6588,8
6589,12
6590,10
6591,7
6592,2
6593,4
6594,5
6595,7
6596,10
6597,13
6598,11
6599,6
6600,3
6601,9
6602,6
6603,7
6604,7
6605,15
6606,13
6607,3
6608,8
6609,6
6610,8
6611,10
6612,6
6613,16
6614,4
6615,10
6616,5
6617,7
6618,7
6619,12
6620,5
6621,12
6622,11
6623,7
6624,14
6625,17
6626,7
6627,13
6628,0
6629,17
6630,17
6631,14
6632,9
6633,12
6634,11
6635,5
6636,5
6637,7
6638,10
6639,15
6640,4
6641,16
6642,8
6643,13
6644,4
6645,8
6646,8
6647,10
6648,8
6649,19
6650,9
6651,9
6652,8
6653,4
6654,9
6655,8
6656,14
6657,0
6658,7
6659,12
6660,13
6661,11
6662,12
6663,5
6664,5
6665,10
6666,2
6667,11
6668,0
6669,10
6670,7
6671,6
6672,26
6673,12
6674,5
6675,11
6676,5
6677,6
6678,9
6679,4
6680,7
6681,12
6682,15
6683,20
6684,9
6685,7
6686,7
6687,12
6688,11
6689,3
6690,2
6691,12
6692,8
6693,2
6694,12
6695,8
6696,6
6697,8
6698,10
6699,16
6700,13
6701,1
6702,5
6703,10
6704,7
6705,11
6706,6
6707,7
6708,9
6709,2
6710,7
6711,10
6712,4
6713,5
6714,10
6715,4
6716,9
6717,6
6718,7
6719,10
6720,9
6721,15
6722,8
6723,5
6724,13
6725,4
6726,10
6727,5
6728,13
6729,10
6730,10
6731,1
6732,5
6733,10
6734,11
6735,12
6736,9
6737,0
6738,6
6739,19
6740,6
6741,13
6742,11
6743,8
6744,11
6745,6
6746,4
6747,10
6748,9
6749,10
6750,14
6751,15
6752,11
6753,15
6754,9
6755,4
6756,2
6757,12
6758,14
6759,4
6760,17
6761,12
6762,13
6763,4
6764,8
6765,5
6766,22
6767,9
6768,4
6769,4
6770,7
6771,1
6772,6
6773,4
6774,7
6775,5
6776,7
6777,0
6778,17
6779,4
6780,11
6781,10
6782,8
6783,8
6784,10
6785,8
6786,15
6787,9
6788,4
6789,7
6790,12
6791,7
6792,9
6793,8
6794,10
6795,9
6796,3
6797,13
6798,10
6799,7
6800,2
6801,7
6802,4
6803,12
6804,8
6805,3
6806,8
6807,12
6808,9
6809,4
6810,5
6811,1
6812,2
6813,0
6814,7
6815,8
6816,12
6817,10
6818,11
6819,8
6820,7
6821,11
6822,9
6823,5
6824,12
6825,13
6826,8
6827,12
6828,2
6829,14
6830,13
6831,6
6832,22
6833,6
6834,5
6835,2
6836,12
6837,10
6838,6
6839,14
6840,7
6841,9
6842,5
6843,7
6844,14
6845,19
6846,12
6847,7
6848,5
6849,10
6850,6
6851,3
6852,5
6853,10
6854,0
6855,5
6856,9
6857,13
6858,19
6859,7
6860,11
6861,9
6862,0
6863,15
6864,6
6865,2
6866,12
6867,7
6868,12
6869,6
6870,6
6871,8
6872,9
6873,1
6874,4
6875,10
6876,6
6877,1
6878,4
6879,10
6880,6
6881,12
6882,4
6883,4
6884,5
6885,8
6886,12
6887,3
6888,13
6889,8
6890,12
6891,12
6892,4
6893,16
6894,8
6895,3
6896,9
6897,4
6898,9
6899,11
6900,12
6901,16
6902,2
6903,8
6904,5
6905,0
6906,6
6907,12
6908,13
6909,4
6910,5
6911,9
6912,17
6913,11
6914,10
6915,8
6916,11
6917,8
6918,7
6919,7
6920,8
6921,15
6922,5
6923,3
6924,12
6925,10
6926,4
6927,7
6928,6
6929,12
6930,1
6931,8
6932,9
6933,8
6934,8
6935,13
6936,6
6937,11
6938,7
6939,13
6940,1
6941,12
6942,2
6943,6
6944,4
6945,4
6946,9
6947,3
6948,8
6949,17
6950,17
6951,6
6952,10
6953,5
6954,15
6955,10
6956,7
6957,10
6958,9
6959,15
6960,5
6961,11
6962,10
6963,9
6964,9
6965,3
6966,4
6967,8
6968,7
6969,4
6970,16
6971,6
6972,9
6973,9
6974,10
6975,9
6976,6
6977,16
6978,4
6979,5
6980,12
6981,6
6982,12
6983,5
6984,6
6985,2
6986,3
6987,11
6988,3
6989,17
6990,4
6991,4
6992,11
6993,18
6994,3
6995,10
6996,5
6997,6
6998,9
6999,6
7000,9
7001,9
7002,6
7003,7
7004,1
7005,11
7006,5
7007,6
7008,11
7009,7
7010,7
7011,8
7012,3
7013,5
7014,9
7015,5
7016,13
7017,0
7018,3
7019,6
7020,5
7021,6
7022,5
7023,3
7024,11
7025,5
7026,8
7027,8
7028,7
7029,0
7030,8
7031,6
7032,10
7033,5
7034,10
7035,11
7036,14
7037,9
7038,7
7039,10
7040,8
7041,6
7042,6
7043,9
7044,14
7045,10
7046,5
7047,2
7048,3
7049,13
7050,11
7051,2
7052,17
7053,12
7054,10
7055,5
7056,14
7057,4
7058,1
7059,5
7060,5
7061,10
7062,14
7063,5
7064,3
7065,8
7066,9
7067,11
7068,10
7069,12
7070,4
7071,15
7072,8
7073,5
7074,1
7075,3
7076,18
7077,5
7078,11
7079,14
7080,16
7081,10
7082,16
7083,7
7084,4
7085,10
7086,5
7087,13
7088,6
7089,1
7090,9
7091,13
7092,20
7093,8
7094,2
7095,5
7096,15
7097,18
7098,9
7099,18
7100,10
7101,3
7102,11
7103,0
7104,3
7105,7
7106,7
7107,11
7108,10
7109,11
7110,7
7111,6
7112,8
7113,4
7114,6
7115,4
7116,5
7117,13
7118,12
7119,6
7120,7
7121,6
7122,8
7123,10
7124,15
7125,5
7126,11
7127,9
7128,18
7129,6
7130,11
7131,2
7132,4
7133,5
7134,14
7135,8
7136,9
7137,5
7138,11
7139,5
7140,16
7141,10
7142,15
7143,4
7144,7
7145,12
7146,6
7147,15
7148,7
7149,5
7150,5
7151,7
7152,17
7153,8
7154,7
7155,12
7156,8
7157,7
7158,10
7159,9
7160,3
7161,9
7162,14
7163,4
7164,8
7165,10
7166,5
7167,12
7168,17
7169,8
7170,12
7171,10
7172,5
7173,18
7174,9
7175,12
7176,10
7177,6
7178,12
7179,5
7180,4
7181,5
7182,10
7183,5
7184,7
7185,5
7186,6
7187,11
7188,4
7189,11
7190,7
7191,7
7192,2
7193,9
7194,12
7195,18
7196,3
7197,5
7198,7
7199,7
7200,11
7201,10
7202,11
7203,4
7204,4
7205,6
7206,11
7207,13
7208,13
7209,6
7210,15
7211,13
7212,0
7213,2
7214,4
7215,7
7216,12
7217,4
7218,4
7219,11
7220,8
7221,15
7222,2
7223,16
7224,19
7225,16
7226,9
7227,9
7228,4
7229,17
7230,10
7231,9
7232,5
7233,13
7234,6
7235,3
7236,11
7237,15
7238,7
7239,4
7240,13
7241,7
7242,13
7243,4
7244,3
7245,6
7246,12
7247,15
7248,5
7249,3
7250,3
7251,9
7252,11
7253,14
7254,3
7255,7
7256,5
7257,10
7258,5
7259,3
7260,1
7261,8
7262,9
7263,11
7264,12
7265,12
7266,7
7267,11
7268,13
7269,1
7270,6
7271,5
7272,1
7273,5
7274,5
7275,9
7276,3
7277,12
7278,13
7279,3
7280,8
7281,8
7282,20
7283,6
7284,9
7285,2
7286,12
7287,4
7288,15
7289,5
7290,12
7291,5
7292,4
7293,8
7294,7
7295,6
7296,4
7297,10
7298,7
7299,9
7300,8
7301,13
7302,7
7303,9
7304,4
7305,5
7306,12
7307,13
7308,13
7309,2
7310,9
7311,3
7312,5
7313,15
7314,2
7315,4
7316,12
7317,19
7318,7
7319,6
7320,15
7321,8
7322,10
7323,6
7324,7
7325,11
7326,11
7327,11
7328,12
7329,6
7330,7
7331,10
7332,3
7333,13
7334,14
7335,0
7336,4
7337,1
7338,8
7339,8
7340,8
7341,5
7342,13
7343,4
7344,9
7345,1
7346,15
7347,8
7348,12
7349,11
7350,3
7351,5
7352,15
7353,13
7354,2
7355,7
7356,4
7357,5
7358,11
7359,12
7360,2
7361,6
7362,1
7363,10
7364,6
7365,11
7366,5
7367,6
7368,7
7369,9
7370,11
7371,11
7372,14
7373,4
7374,11
7375,8
7376,16
7377,17
7378,16
7379,7
7380,9
7381,0
7382,15
7383,3
7384,5
7385,6
7386,6
7387,8
7388,2
7389,5
7390,12
7391,13
7392,17
7393,6
7394,6
7395,5
7396,12
7397,7
7398,11
7399,3
7400,10
7401,9
7402,12
7403,8
7404,10
7405,10
7406,15
7407,7
7408,12
7409,8
7410,13
7411,20
7412,14
7413,18
7414,15
7415,5
7416,5
7417,8
7418,16
7419,6
7420,2
7421,17
7422,0
7423,10
7424,6
7425,6
7426,6
7427,11
7428,9
7429,5
7430,11
7431,5
7432,7
7433,10
7434,3
7435,13
7436,4
7437,13
7438,5
7439,5
7440,0
7441,2
7442,7
7443,11
7444,15
7445,1
7446,6
7447,10
7448,6
7449,7
7450,7
7451,12
7452,11
7453,3
7454,10
7455,9
7456,8
7457,12
7458,14
7459,11
7460,3
7461,14
7462,11
7463,5
7464,3
7465,7
7466,14
7467,15
7468,10
7469,10
7470,12
7471,13
7472,13
7473,8
7474,11
7475,10
7476,11
7477,7
7478,5
7479,9
7480,1
7481,10
7482,8
7483,9
7484,8
7485,9
7486,8
7487,7
7488,10
7489,6
7490,11
7491,2
7492,4
7493,2
7494,9
7495,13
7496,4
7497,9
7498,9
7499,3
7500,9
7501,14
7502,7
7503,7
7504,5
7505,17
7506,3
7507,16
7508,12
7509,2
7510,11
7511,1
7512,12
7513,6
7514,4
7515,6
7516,8
7517,16
7518,7
7519,7
7520,11
7521,7
7522,8
7523,3
7524,5
7525,15
7526,5
7527,5
7528,8
7529,8
7530,2
7531,14
7532,12
7533,2
7534,10
7535,12
7536,13
7537,7
7538,10
7539,5
7540,13
7541,8
7542,0
7543,5
7544,2
7545,7
7546,8
7547,0
7548,16
7549,5
7550,14
7551,6
7552,8
7553,18
7554,6
7555,8
7556,3
7557,10
7558,6
7559,8
7560,10
7561,5
7562,8
7563,5
7564,8
7565,11
7566,4
7567,16
7568,8
7569,9
7570,9
7571,5
7572,4
7573,12
7574,19
7575,6
7576,9
7577,7
7578,7
7579,9
7580,9
7581,6
7582,2
7583,5
7584,14
7585,10
7586,9
7587,12
7588,7
7589,7
7590,5
7591,11
7592,8
7593,9
7594,5
7595,3
7596,13
7597,15
7598,4
7599,8
7600,7
7601,13
7602,6
7603,3
7604,4
7605,3
7606,6
7607,2
7608,5
7609,6
7610,11
7611,12
7612,11
7613,3
7614,14
7615,14
7616,6
7617,11
7618,8
7619,0
7620,0
7621,7
7622,9
7623,10
7624,3
7625,12
7626,2
7627,6
7628,9
7629,6
7630,7
7631,1
7632,1
7633,8
7634,5
7635,13
7636,8
7637,10
7638,5
7639,8
7640,3
7641,10
7642,13
7643,5
7644,11
7645,19
7646,3
7647,4
7648,13
7649,10
7650,7
7651,22
7652,4
7653,0
7654,3
7655,3
7656,4
7657,6
7658,12
7659,7
7660,11
7661,10
7662,12
7663,7
7664,6
7665,12
7666,14
7667,5
7668,11
7669,8
7670,7
7671,4
7672,14
7673,7
7674,13
7675,5
7676,4
7677,8
7678,10
7679,11
7680,16
7681,11
7682,13
7683,10
7684,8
7685,5
7686,15
7687,9
7688,11
7689,10
7690,9
7691,7
7692,2
7693,4
7694,9
7695,4
7696,11
7697,11
7698,9
7699,5
7700,12
7701,9
7702,10
7703,15
7704,6
7705,6
7706,4
7707,2
7708,7
7709,6
7710,9
7711,7
7712,8
7713,8
7714,22
7715,14
7716,4
7717,5
7718,0
7719,6
7720,8
7721,1
7722,13
7723,8
7724,11
7725,5
7726,11
7727,7
7728,14
7729,5
7730,9
7731,9
7732,8
7733,8
7734,4
7735,4
7736,8
7737,4
7738,5
7739,12
7740,5
7741,10
7742,8
7743,16
7744,4
7745,7
7746,9
7747,5
7748,2
7749,12
7750,1
7751,4
7752,6
7753,10
7754,9
7755,12
7756,9
7757,7
7758,19
7759,10
7760,8
7761,5
7762,9
7763,6
7764,19
7765,2
7766,5
7767,2
7768,5
7769,4
7770,7
7771,12
7772,5
7773,4
7774,7
7775,6
7776,9
7777,6
7778,15
7779,14
7780,5
7781,10
7782,11
7783,12
7784,15
7785,10
7786,8
7787,7
7788,8
7789,10
7790,15
7791,8
7792,5
7793,4
7794,8
7795,12
7796,9
7797,9
7798,7
7799,20
7800,9
7801,4
7802,5
7803,2
7804,2
7805,6
7806,15
7807,6
7808,15
7809,2
7810,8
7811,2
7812,16
7813,5
7814,11
7815,10
7816,2
7817,6
7818,11
7819,5
7820,11
7821,5
7822,0
7823,6
7824,14
7825,7
7826,3
7827,10
7828,3
7829,1
7830,6
7831,4
7832,13
7833,14
7834,7
7835,15
7836,10
7837,11
7838,1
7839,8
7840,14
7841,17
7842,6
7843,1
7844,2
7845,15
7846,7
7847,8
7848,4
7849,10
7850,5
7851,16
7852,10
7853,5
7854,7
7855,10
7856,6
7857,10
7858,16
7859,12
7860,7
7861,9
7862,8
7863,11
7864,10
7865,6
7866,11
7867,4
7868,9
7869,13
7870,8
7871,12
7872,6
7873,4
7874,2
7875,9
7876,1
7877,9
7878,6
7879,0
7880,7
7881,10
7882,7
7883,11
7884,8
7885,4
7886,18
7887,2
7888,3
7889,10
7890,9
7891,12
7892,11
7893,9
7894,12
7895,3
7896,2
7897,4
7898,7
7899,4
7900,7
7901,17
7902,8
7903,3
7904,12
7905,9
7906,5
7907,1
7908,8
7909,11
7910,3
7911,10
7912,9
7913,6
7914,5
7915,6
7916,4
7917,2
7918,16
7919,10
7920,10
7921,16
7922,10
7923,11
7924,6
7925,1
7926,8
7927,14
7928,10
7929,7
7930,8
7931,15
7932,12
7933,16
7934,4
7935,2
7936,7
7937,13
7938,8
7939,4
7940,7
7941,11
7942,14
7943,17
7944,10
7945,8
7946,8
7947,2
7948,8
7949,2
7950,15
7951,10
7952,0
7953,5
7954,6
7955,6
7956,4
7957,10
7958,7
7959,14
7960,9
7961,15
7962,13
7963,14
7964,6
7965,1
7966,8
7967,8
7968,8
7969,13
7970,13
7971,11
7972,3
7973,15
7974,14
7975,8
7976,2
7977,1
7978,18
7979,14
7980,15
7981,11
7982,5
7983,5
7984,9
7985,13
7986,7
7987,7
7988,4
7989,10
7990,9
7991,7
7992,5
7993,8
7994,14
7995,14
7996,15
7997,11
7998,9
7999,4
8000,3
8001,13
8002,12
8003,10
8004,3
8005,7
8006,11
8007,12
8008,5
8009,19
8010,4
8011,3
8012,8
8013,14
8014,13
8015,8
8016,8
8017,8
8018,8
8019,2
8020,5
8021,6
8022,7
8023,4
8024,12
8025,12
8026,9
8027,7
8028,2
8029,8
8030,7
8031,1
8032,4
8033,2
8034,9
8035,6
8036,19
8037,10
8038,2
8039,2
8040,8
8041,5
8042,4
8043,2
8044,20
8045,0
8046,12
8047,7
8048,0
8049,4
8050,10
8051,7
8052,12
8053,12
8054,8
8055,2
8056,12
8057,9
8058,7
8059,6
8060,8
8061,6
8062,7
8063,10
8064,6
8065,4
8066,10
8067,6
8068,6
8069,10
8070,10
8071,13
8072,4
8073,12
8074,15
8075,14
8076,0
8077,2
8078,4
8079,5
8080,10
8081,6
8082,7
8083,9
8084,6
8085,13
8086,12
8087,15
8088,10
8089,10
8090,11
8091,9
8092,1
8093,7
8094,3
8095,0
8096,10
8097,13
8098,11
8099,13
8100,4
8101,0
8102,9
8103,0
8104,17
8105,10
8106,9
8107,0
8108,13
8109,7
8110,15
8111,10
8112,12
8113,2
8114,10
8115,6
8116,14
8117,13
8118,5
8119,4
8120,9
8121,3
8122,21
8123,5
8124,5
8125,4
8126,9
8127,5
8128,16
8129,10
8130,7
8131,5
8132,7
8133,10
8134,13
8135,10
8136,9
8137,5
8138,6
8139,1
8140,3
8141,11
8142,8
8143,10
8144,3
8145,2
8146,3
8147,28
8148,12
8149,14
8150,11
8151,10
8152,10
8153,13
8154,7
8155,6
8156,6
8157,7
8158,11
8159,9
8160,8
8161,7
8162,11
8163,16
8164,9
8165,8
8166,10
8167,7
8168,23
8169,3
8170,2
8171,12
8172,15
8173,11
8174,10
8175,12
8176,5
8177,12
8178,13
8179,2
8180,6
8181,3
8182,12
8183,1
8184,14
8185,24
8186,9
8187,7
8188,6
8189,10
8190,14
8191,19
8192,10
8193,3
8194,6
8195,5
8196,17
8197,6
8198,11
8199,9
8200,11
8201,11
8202,8
8203,3
8204,17
8205,10
8206,14
8207,7
8208,8
8209,3
8210,17
8211,4
8212,15
8213,7
8214,6
8215,6
8216,4
8217,4
8218,16
8219,6
8220,12
8221,9
8222,5
8223,10
8224,8
8225,11
8226,0
8227,7
8228,5
8229,1
8230,8
8231,15
8232,17
8233,0
8234,15
8235,19
8236,8
8237,4
8238,11
8239,8
8240,10
8241,7
8242,12
8243,11
8244,12
8245,10
8246,6
8247,12
8248,7
8249,1
8250,8
8251,11
8252,7
8253,13
8254,6
8255,0
8256,1
8257,7
8258,6
8259,14
8260,9
8261,5
8262,8
8263,11
8264,1
8265,8
8266,18
8267,2
8268,7
8269,15
8270,8
8271,9
8272,3
8273,8
8274,8
8275,8
8276,7
8277,8
8278,4
8279,3
8280,7
8281,5
8282,11
8283,15
8284,8
8285,4
8286,12
8287,5
8288,10
8289,7
8290,11
8291,11
8292,14
8293,14
8294,8
8295,4
8296,15
8297,8
8298,8
8299,3
8300,12
8301,13
8302,18
8303,10
8304,18
8305,0
8306,15
8307,9
8308,11
8309,12
8310,12
8311,11
8312,12
8313,6
8314,8
8315,8
8316,3
8317,16
8318,12
8319,10
8320,8
8321,1
8322,8
8323,5
8324,6
8325,7
8326,3
8327,6
8328,1
8329,20
8330,17
8331,17
8332,9
8333,0
8334,3
8335,6
8336,9
8337,14
8338,6
8339,1
8340,3
8341,7
8342,4
8343,7
8344,5
8345,16
8346,21
8347,6
8348,11
8349,5
8350,12
8351,1
8352,19
8353,9
8354,14
8355,11
8356,3
8357,4
8358,7
8359,4
8360,6
8361,5
8362,9
8363,3
8364,6
8365,10
8366,4
8367,13
8368,13
8369,9
8370,9
8371,9
8372,5
8373,8
8374,15
8375,5
8376,13
8377,6
8378,6
8379,4
8380,8
8381,18
8382,8
8383,2
8384,13
8385,5
8386,10
8387,4
8388,4
8389,9
8390,6
8391,14
8392,12
8393,21
8394,3
8395,1
8396,6
8397,4
8398,7
8399,9
8400,7
8401,9
8402,4
8403,7
8404,12
8405,11
8406,9
8407,6
8408,4
8409,6
8410,6
8411,5
8412,9
8413,9
8414,6
8415,7
8416,6
8417,9
8418,5
8419,16
8420,2
8421,4
8422,11
8423,13
8424,14
8425,19
8426,5
8427,2
8428,16
8429,4
8430,2
8431,7
8432,7
8433,9
8434,4
8435,10
8436,15
8437,9
8438,15
8439,14
8440,9
8441,11
8442,6
8443,10
8444,10
8445,5
8446,1
8447,8
8448,11
8449,6
8450,4
8451,9
8452,5
8453,12
8454,17
8455,8
8456,12
8457,12
8458,6
8459,4
8460,7
8461,6
8462,7
8463,10
8464,13
8465,6
8466,6
8467,14
8468,10
8469,6
8470,2
8471,24
8472,5
8473,9
8474,3
8475,8
8476,11
8477,7
8478,6
8479,4
8480,9
8481,6
8482,12
8483,11
8484,10
8485,0
8486,9
8487,13
8488,9
8489,8
8490,14
8491,16
8492,6
8493,12
8494,1
8495,3
8496,12
8497,8
8498,4
8499,8
8500,5
8501,11
8502,8
8503,7
8504,9
8505,15
8506,6
8507,17
8508,10
8509,11
8510,4
8511,8
8512,10
8513,3
8514,6
8515,5
8516,2
8517,7
8518,4
8519,6
8520,15
8521,4
8522,19
8523,6
8524,14
8525,1
8526,12
8527,8
8528,0
8529,13
8530,10
8531,6
8532,7
8533,3
8534,4
8535,5
8536,11
8537,2
8538,17
8539,12
8540,13
8541,20
8542,11
8543,5
8544,11
8545,5
8546,6
8547,3
8548,7
8549,3
8550,6
8551,9
8552,8
8553,6
8554,9
8555,9
8556,13
8557,15
8558,12
8559,19
8560,4
8561,8
8562,5
8563,3
8564,19
8565,9
8566,5
8567,19
8568,3
8569,3
8570,6
8571,12
8572,6
8573,6
8574,3
8575,9
8576,10
8577,7
8578,14
8579,11
8580,1
8581,7
8582,4
8583,0
8584,5
8585,4
8586,8
8587,3
8588,9
8589,11
8590,8
8591,6
8592,8
8593,14
8594,8
8595,12
8596,7
8597,6
8598,10
8599,5
8600,1
8601,3
8602,2
8603,8
8604,5
8605,1
8606,13
8607,14
8608,8
8609,10
8610,10
8611,11
8612,16
8613,7
8614,4
8615,12
8616,12
8617,12
8618,12
8619,7
8620,7
8621,5
8622,15
8623,14
8624,5
8625,6
8626,4
8627,10
8628,2
8629,6
8630,12
8631,9
8632,3
8633,5
8634,14
8635,8
8636,17
8637,15
8638,10
8639,14
8640,6
8641,14
8642,4
8643,15
8644,9
8645,13
8646,3
8647,3
8648,1
8649,2
8650,12
8651,11
8652,13
8653,3
8654,20
8655,17
8656,13
8657,12
8658,11
8659,8
8660,9
8661,10
8662,2
8663,6
8664,7
8665,7
8666,5
8667,12
8668,7
8669,8
8670,11
8671,11
8672,0
8673,4
8674,11
8675,6
8676,9
8677,9
8678,7
8679,1
8680,13
8681,0
8682,25
8683,13
8684,10
8685,11
8686,6
8687,5
8688,3
8689,6
8690,3
8691,8
8692,7
8693,5
8694,8
8695,11
8696,16
8697,6
8698,11
8699,13
8700,3
8701,6
8702,9
8703,8
8704,13
8705,4
8706,5
8707,4
8708,11
8709,8
8710,8
8711,13
8712,26
8713,4
8714,4
8715,9
8716,0
8717,14
8718,7
8719,12
8720,16
8721,4
8722,6
8723,4
8724,2
8725,10
8726,11
8727,6
8728,4
8729,12
8730,9
8731,12
8732,7
8733,18
8734,1
8735,5
8736,11
8737,12
8738,19
8739,3
8740,7
8741,21
8742,12
8743,11
8744,17
8745,11
8746,4
8747,3
8748,16
8749,8
8750,2
8751,9
8752,19
8753,0
8754,6
8755,5
8756,11
8757,15
8758,10
8759,9
8760,3
8761,4
8762,10
8763,9
8764,12
8765,11
8766,0
8767,10
8768,3
8769,6
8770,4
8771,5
8772,8
8773,10
8774,17
8775,3
8776,10
8777,8
8778,14
8779,7
8780,2
8781,6
8782,11
8783,4
8784,7
8785,12
8786,13
8787,7
8788,9
8789,12
8790,8
8791,22
8792,10
8793,11
8794,19
8795,9
8796,8
8797,12
8798,11
8799,1
8800,15
8801,4
8802,13
8803,8
8804,17
8805,14
8806,5
8807,10
8808,8
8809,6
8810,13
8811,6
8812,6
8813,3
8814,12
8815,9
8816,11
8817,15
8818,0
8819,9
8820,13
8821,18
8822,0
8823,10
8824,12
8825,10
8826,1
8827,8
8828,9
8829,9
8830,3
8831,6
8832,10
8833,6
8834,12
8835,5
8836,10
8837,6
8838,16
8839,12
8840,6
8841,1
8842,5
8843,8
8844,13
8845,10
8846,7
8847,6
8848,3
8849,7
8850,4
8851,8
8852,9
8853,6
8854,7
8855,8
8856,10
8857,22
8858,7
8859,6
8860,9
8861,7
8862,10
8863,4
8864,19
8865,3
8866,9
8867,3
8868,4
8869,18
8870,8
8871,7
8872,4
8873,14
8874,0
8875,2
8876,6
8877,9
8878,10
8879,5
8880,9
8881,5
8882,7
8883,1
8884,8
8885,3
8886,7
8887,9
8888,4
8889,8
8890,14
8891,3
8892,14
8893,1
8894,2
8895,5
8896,9
8897,5
8898,2
8899,2
8900,9
8901,7
8902,6
8903,8
8904,13
8905,4
8906,14
8907,12
8908,4
8909,7
8910,7
8911,11
8912,8
8913,10
8914,13
8915,11
8916,10
8917,2
8918,6
8919,13
8920,16
8921,4
8922,7
8923,12
8924,5
8925,2
8926,1
8927,10
8928,14
8929,6
8930,14
8931,11
8932,9
8933,18
8934,5
8935,10
8936,9
8937,0
8938,2
8939,19
8940,2
8941,16
8942,7
8943,14
8944,10
8945,5
8946,2
8947,15
8948,5
8949,16
8950,14
8951,6
8952,7
8953,5
8954,14
8955,14
8956,10
8957,11
8958,3
8959,6
8960,9
8961,15
8962,3
8963,3
8964,9
8965,16
8966,8
8967,5
8968,2
8969,8
8970,6
8971,5
8972,5
8973,11
8974,14
8975,5
8976,2
8977,15
8978,5
8979,18
8980,6
8981,15
8982,22
8983,6
8984,11
8985,1
8986,15
8987,14
8988,8
8989,13
8990,20
8991,11
8992,11
8993,6
8994,8
8995,6
8996,2
8997,14
8998,7
8999,6
9000,7
9001,12
9002,5
9003,9
9004,9
9005,11
9006,10
9007,9
9008,0
9009,3
9010,5
9011,10
9012,5
9013,7
9014,4
9015,14
9016,7
9017,1
9018,11
9019,6
9020,4
9021,4
9022,11
9023,7
9024,8
9025,8
9026,12
9027,10
9028,11
9029,13
9030,11
9031,8
9032,15
9033,6
9034,6
9035,6
9036,8
9037,10
9038,6
9039,10
9040,10
9041,22
9042,16
9043,10
9044,4
9045,19
9046,11
9047,10
9048,7
9049,8
9050,6
9051,9
9052,5
9053,16
9054,9
9055,13
9056,7
9057,13
9058,6
9059,11
9060,9
9061,14
9062,5
9063,7
9064,7
9065,11
9066,7
9067,5
9068,10
9069,9
9070,6
9071,7
9072,7
9073,11
9074,5
9075,12
9076,10
9077,9
9078,12
9079,11
9080,7
9081,9
9082,7
9083,11
9084,15
9085,9
9086,5
9087,10
9088,10
9089,16
9090,9
9091,6
9092,4
9093,15
9094,13
9095,4
9096,9
9097,14
9098,4
9099,6
9100,4
9101,5
9102,3
9103,4
9104,14
9105,11
9106,4
9107,12
9108,13
9109,13
9110,6
9111,10
9112,5
9113,8
9114,9
9115,11
9116,2
9117,4
9118,10
9119,9
9120,9
9121,0
9122,0
9123,12
9124,9
9125,7
9126,7
9127,6
9128,9
9129,18
9130,3
9131,7
9132,5
9133,5
9134,8
9135,11
9136,8
9137,16
9138,18
9139,1
9140,5
9141,15
9142,13
9143,18
9144,7
9145,11
9146,6
9147,14
9148,4
9149,8
9150,3
9151,8
9152,10
9153,13
9154,1
9155,9
9156,19
9157,12
9158,4
9159,16
9160,18
9161,4
9162,5
9163,13
9164,1
9165,10
9166,11
9167,14
9168,5
9169,13
9170,18
9171,12
9172,4
9173,8
9174,16
9175,9
9176,2
9177,14
9178,9
9179,5
9180,10
9181,4
9182,15
9183,3
9184,7
9185,3
9186,17
9187,12
9188,6
9189,11
9190,8
9191,3
9192,2
9193,12
9194,14
9195,5
9196,10
9197,6
9198,3
9199,18
9200,7
9201,10
9202,4
9203,12
9204,11
9205,6
9206,6
9207,2
9208,15
9209,5
9210,7
9211,3
9212,2
9213,9
9214,4
9215,11
9216,3
9217,0
9218,6
9219,4
9220,10
9221,13
9222,3
9223,9
9224,10
9225,6
9226,15
9227,14
9228,10
9229,6
9230,15
9231,6
9232,11
9233,4
9234,6
9235,11
9236,3
9237,3
9238,14
9239,7
9240,10
9241,10
9242,16
9243,5
9244,7
9245,10
9246,9
9247,16
9248,9
9249,12
9250,3
9251,4
9252,10
9253,9
9254,13
9255,6
9256,9
9257,9
9258,10
9259,14
9260,10
9261,11
9262,13
9263,3
9264,0
9265,12
9266,5
9267,5
9268,8
9269,9
9270,20
9271,15
9272,7
9273,4
9274,3
9275,7
9276,18
9277,9
9278,9
9279,2
9280,3
9281,4
9282,14
9283,6
9284,7
9285,13
9286,5
9287,1
9288,6
9289,12
9290,21
9291,4
9292,6
9293,0
9294,16
9295,8
9296,11
9297,4
9298,22
9299,11
9300,9
9301,14
9302,6
9303,13
9304,11
9305,2
9306,8
9307,10
9308,2
9309,11
9310,14
9311,6
9312,1
9313,7
9314,6
9315,13
9316,19
9317,14
9318,9
9319,8
9320,3
9321,6
9322,10
9323,14
9324,13
9325,5
9326,4
9327,15
9328,10
9329,14
9330,13
9331,7
9332,3
9333,5
9334,11
9335,4
9336,16
9337,25
9338,17
9339,7
9340,10
9341,0
9342,8
9343,11
9344,10
9345,5
9346,4
9347,6
9348,9
9349,2
9350,6
9351,2
9352,4
9353,4
9354,6
9355,13
9356,9
9357,0
9358,7
9359,12
9360,17
9361,3
9362,14
9363,7
9364,7
9365,1
9366,14
9367,11
9368,9
9369,1
9370,16
9371,7
9372,6
9373,8
9374,4
9375,8
9376,4
9377,10
9378,18
9379,9
9380,0
9381,5
9382,15
9383,6
9384,16
9385,11
9386,5
9387,8
9388,12
9389,10
9390,13
9391,7
9392,6
9393,11
9394,14
9395,8
9396,5
9397,9
9398,5
9399,4
9400,4
9401,6
9402,18
9403,10
9404,4
9405,4
9406,4
9407,6
9408,6
9409,4
9410,8
9411,13
9412,5
9413,5
9414,5
9415,8
9416,13
9417,10
9418,3
9419,2
9420,2
9421,7
9422,8
9423,11
9424,13
9425,15
9426,15
9427,7
9428,5
9429,4
9430,10
9431,4
9432,7
9433,11
9434,14
9435,9
9436,3
9437,2
9438,1
9439,7
9440,8
9441,6
9442,3
9443,8
9444,11
9445,6
9446,2
9447,15
9448,14
9449,8
9450,9
9451,11
9452,2
9453,10
9454,3
9455,11
9456,10
9457,1
9458,10
9459,8
9460,5
9461,16
9462,9
9463,9
9464,6
9465,8
9466,2
9467,6
9468,12
9469,8
9470,3
9471,4
9472,5
9473,8
9474,15
9475,9
9476,16
9477,4
9478,12
9479,4
9480,18
9481,12
9482,13
9483,14
9484,15
9485,6
9486,4
9487,6
9488,5
9489,3
9490,19
9491,11
9492,4
9493,14
9494,8
9495,7
9496,9
9497,5
9498,7
9499,4
9500,12
9501,10
9502,9
9503,7
9504,6
9505,5
9506,4
9507,22
9508,9
9509,14
9510,3
9511,13
9512,7
9513,3
9514,18
9515,4
9516,12
9517,2
9518,7
9519,2
9520,21
9521,6
9522,9
9523,0
9524,6
9525,7
9526,9
9527,6
9528,15
9529,11
9530,16
9531,4
9532,8
9533,10
9534,11
9535,8
9536,11
9537,11
9538,5
9539,8
9540,9
9541,16
9542,4
9543,13
9544,9
9545,2
9546,6
9547,5
9548,8
9549,12
9550,4
9551,9
9552,7
9553,5
9554,12
9555,10
9556,9
9557,10
9558,4
9559,15
9560,13
9561,7
9562,9
9563,8
9564,2
9565,3
9566,5
9567,10
9568,9
9569,8
9570,4
9571,7
9572,9
9573,11
9574,12
9575,3
9576,7
9577,15
9578,14
9579,1
9580,6
9581,6
9582,11
9583,6
9584,5
9585,12
9586,0
9587,16
9588,10
9589,6
9590,6
9591,12
9592,2
9593,4
9594,8
9595,16
9596,7
9597,5
9598,7
9599,14
9600,5
9601,13
9602,1
9603,7
9604,9
9605,4
9606,7
9607,7
9608,9
9609,4
9610,5
9611,4
9612,3
9613,9
9614,11
9615,9
9616,5
9617,4
9618,8
9619,13
9620,9
9621,4
9622,2
9623,21
9624,16
9625,10
9626,10
9627,16
9628,7
9629,6
9630,7
9631,8
9632,9
9633,8
9634,0
9635,16
9636,12
9637,23
9638,11
9639,12
9640,14
9641,8
9642,2
9643,4
9644,13
9645,13
9646,15
9647,10
9648,6
9649,6
9650,5
9651,11
9652,10
9653,10
9654,6
9655,2
9656,7
9657,11
9658,4
9659,7
9660,16
9661,3
9662,17
9663,12
9664,5
9665,2
9666,12
9667,11
9668,10
9669,13
9670,12
9671,3
9672,4
9673,6
9674,7
9675,7
9676,4
9677,6
9678,10
9679,7
9680,8
9681,10
9682,15
9683,11
9684,7
9685,21
9686,13
9687,7
9688,10
9689,7
9690,2
9691,14
9692,13
9693,6
9694,6
9695,3
9696,7
9697,10
9698,2
9699,9
9700,13
9701,7
9702,10
9703,2
9704,14
9705,12
9706,8
9707,8
9708,13
9709,6
9710,9
9711,14
9712,5
9713,6
9714,8
9715,6
9716,2
9717,14
9718,11
9719,13
9720,2
9721,10
9722,6
9723,4
9724,7
9725,7
9726,14
9727,5
9728,15
9729,4
9730,5
9731,11
9732,5
9733,11
9734,6
9735,11
9736,9
9737,11
9738,12
9739,6
9740,17
9741,13
9742,2
9743,12
9744,9
9745,12
9746,10
9747,12
9748,9
9749,7
9750,15
9751,4
9752,18
9753,4
9754,8
9755,7
9756,5
9757,10
9758,7
9759,4
9760,5
9761,8
9762,11
9763,5
9764,13
9765,1
9766,0
9767,8
9768,9
9769,2
9770,12
9771,16
9772,4
9773,2
9774,10
9775,6
9776,15
9777,5
9778,1
9779,3
9780,1
9781,4
9782,14
9783,8
9784,4
9785,11
9786,10
9787,10
9788,5
9789,11
9790,10
9791,6
9792,10
9793,3
9794,10
9795,12
9796,8
9797,9
9798,7
9799,12
9800,0
9801,4
9802,8
9803,3
9804,10
9805,10
9806,17
9807,15
9808,4
9809,12
9810,6
9811,14
9812,9
9813,9
9814,9
9815,9
9816,4
9817,6
9818,10
9819,15
9820,8
9821,16
9822,15
9823,10
9824,5
9825,7
9826,14
9827,6
9828,17
9829,3
9830,3
9831,10
9832,16
9833,5
9834,13
9835,9
9836,8
9837,2
9838,8
9839,12
9840,10
9841,7
9842,2
9843,18
9844,7
9845,7
9846,3
9847,6
9848,14
9849,7
9850,9
9851,14
9852,6
9853,5
9854,5
9855,3
9856,6
9857,7
9858,13
9859,3
9860,8
9861,9
9862,4
9863,5
9864,1
9865,11
9866,7
9867,0
9868,7
9869,9
9870,6
9871,1
9872,8
9873,1
9874,5
9875,8
9876,9
9877,5
9878,0
9879,18
9880,12
9881,6
9882,8
9883,3
9884,6
9885,12
9886,8
9887,2
9888,5
9889,5
9890,10
9891,16
9892,9
9893,8
9894,19
9895,11
9896,5
9897,14
9898,2
9899,7
9900,14
9901,7
9902,2
9903,10
9904,11
9905,8
9906,4
9907,4
9908,7
9909,2
9910,8
9911,7
9912,14
9913,3
9914,3
9915,11
9916,6
9917,7
9918,15
9919,15
9920,7
9921,2
9922,11
9923,10
9924,3
9925,14
9926,17
9927,5
9928,4
9929,13
9930,12
9931,8
9932,9
9933,10
9934,2
9935,12
9936,2
9937,13
9938,5
9939,4
9940,0
9941,4
9942,9
9943,5
9944,11
9945,11
9946,9
9947,9
9948,10
9949,15
9950,9
9951,6
9952,8
9953,7
9954,12
9955,0
9956,9
9957,15
9958,3
9959,9
9960,16
9961,14
9962,12
9963,13
9964,6
9965,15
9966,8
9967,7
9968,5
9969,5
9970,18
9971,10
9972,6
9973,8
9974,13
9975,14
9976,5
9977,16
9978,0
9979,7
9980,2
9981,7
9982,11
9983,14
9984,3
9985,2
9986,10
9987,3
9988,16
9989,12
9990,12
9991,2
9992,7
9993,8
9994,2
9995,13
9996,8
9997,8
9998,19
9999,9
