,p2_paralized_pkmn
0,1
1,2
2,1
3,0
4,3
5,1
6,1
7,1
8,2
9,1
10,1
11,1
12,1
13,1
14,2
15,0
16,1
17,4
18,3
19,0
20,1
21,4
22,2
23,1
24,1
25,2
26,2
27,2
28,1
29,1
30,1
31,2
32,1
33,3
34,0
35,2
36,1
37,1
38,2
39,1
40,1
41,1
42,4
43,3
44,2
45,0
46,1
47,0
48,2
49,1
50,3
51,1
52,1
53,3
54,4
55,1
56,2
57,2
58,0
59,1
60,1
61,2
62,1
63,2
64,1
65,5
66,2
67,2
68,2
69,2
70,2
71,0
72,2
73,1
74,2
75,1
76,2
77,1
78,2
79,3
80,1
81,1
82,2
83,2
84,2
85,0
86,2
87,2
88,1
89,1
90,1
91,1
92,3
93,3
94,3
95,3
96,2
97,2
98,3
99,2
100,1
101,1
102,0
103,1
104,1
105,3
106,2
107,1
108,0
109,0
110,2
111,2
112,3
113,2
114,2
115,2
116,0
117,2
118,1
119,0
120,0
121,3
122,3
123,1
124,1
125,1
126,2
127,3
128,2
129,2
130,1
131,0
132,1
133,2
134,3
135,1
136,0
137,1
138,1
139,1
140,2
141,2
142,2
143,1
144,1
145,1
146,2
147,1
148,1
149,0
150,1
151,3
152,2
153,4
154,1
155,1
156,0
157,1
158,3
159,2
160,0
161,0
162,1
163,2
164,3
165,2
166,2
167,2
168,0
169,1
170,3
171,0
172,1
173,1
174,1
175,0
176,1
177,1
178,2
179,3
180,1
181,3
182,2
183,1
184,1
185,2
186,1
187,0
188,3
189,1
190,4
191,1
192,2
193,2
194,2
195,1
196,2
197,0
198,0
199,2
200,1
201,0
202,3
203,3
204,1
205,2
206,0
207,0
208,0
209,1
210,2
211,1
212,2
213,1
214,1
215,2
216,1
217,0
218,0
219,0
220,1
221,3
222,2
223,3
224,1
225,2
226,2
227,2
228,1
229,3
230,1
231,2
232,1
233,1
234,1
235,0
236,2
237,3
238,0
239,1
240,1
241,3
242,0
243,1
244,2
245,1
246,3
247,1
248,0
249,2
250,1
251,3
252,1
253,0
254,4
255,2
256,1
257,1
258,1
259,2
260,2
261,1
262,0
263,4
264,1
265,1
266,0
267,2
268,1
269,1
270,1
271,1
272,3
273,2
274,2
275,1
276,0
277,2
278,2
279,2
280,2
281,2
282,2
283,3
284,3
285,3
286,1
287,3
288,2
289,1
290,1
291,0
292,0
293,3
294,0
295,1
296,1
297,0
298,1
299,1
300,1
301,0
302,1
303,2
304,1
305,1
306,1
307,1
308,2
309,4
310,1
311,1
312,2
313,1
314,0
315,0
316,4
317,1
318,3
319,0
320,2
321,0
322,1
323,1
324,1
325,0
326,1
327,3
328,4
329,2
330,1
331,2
332,0
333,0
334,0
335,1
336,1
337,1
338,1
339,1
340,0
341,3
342,1
343,1
344,0
345,3
346,2
347,1
348,2
349,1
350,1
351,2
352,1
353,2
354,2
355,1
356,3
357,2
358,1
359,2
360,3
361,2
362,1
363,1
364,0
365,2
366,0
367,0
368,1
369,0
370,0
371,1
372,2
373,0
374,4
375,3
376,1
377,0
378,3
379,0
380,1
381,2
382,1
383,3
384,0
385,1
386,3
387,1
388,2
389,2
390,1
391,0
392,0
393,0
394,2
395,1
396,2
397,1
398,2
399,4
400,3
401,4
402,3
403,1
404,4
405,1
406,0
407,5
408,2
409,2
410,1
411,0
412,3
413,0
414,2
415,2
416,2
417,1
418,3
419,3
420,2
421,1
422,3
423,4
424,2
425,2
426,0
427,2
428,1
429,3
430,2
431,1
432,0
433,1
434,2
435,2
436,1
437,2
438,1
439,2
440,1
441,2
442,3
443,1
444,1
445,1
446,1
447,2
448,0
449,1
450,2
451,3
452,2
453,3
454,3
455,0
456,1
457,1
458,1
459,2
460,2
461,2
462,0
463,2
464,2
465,2
466,3
467,3
468,0
469,1
470,4
471,4
472,1
473,1
474,0
475,1
476,2
477,4
478,1
479,3
480,2
481,1
482,1
483,1
484,2
485,1
486,1
487,2
488,0
489,2
490,1
491,4
492,1
493,1
494,1
495,1
496,4
497,2
498,1
499,1
500,1
501,0
502,2
503,0
504,2
505,3
506,2
507,2
508,1
509,1
510,2
511,1
512,1
513,1
514,2
515,2
516,3
517,0
518,0
519,2
520,1
521,2
522,1
523,1
524,2
525,1
526,2
527,0
528,4
529,2
530,2
531,1
532,2
533,2
534,1
535,2
536,1
537,4
538,1
539,0
540,1
541,2
542,1
543,2
544,2
545,1
546,2
547,0
548,0
549,2
550,1
551,3
552,1
553,2
554,2
555,2
556,1
557,3
558,2
559,3
560,2
561,0
562,2
563,2
564,0
565,1
566,2
567,0
568,1
569,3
570,1
571,2
572,3
573,1
574,1
575,3
576,3
577,5
578,2
579,3
580,1
581,1
582,1
583,1
584,1
585,1
586,2
587,2
588,3
589,0
590,2
591,3
592,2
593,0
594,1
595,1
596,0
597,1
598,1
599,3
600,0
601,0
602,0
603,0
604,1
605,2
606,2
607,1
608,1
609,1
610,2
611,2
612,1
613,1
614,1
615,3
616,0
617,1
618,1
619,1
620,3
621,3
622,1
623,0
624,2
625,3
626,3
627,1
628,1
629,2
630,2
631,2
632,2
633,0
634,1
635,1
636,0
637,2
638,1
639,3
640,1
641,1
642,0
643,2
644,1
645,0
646,4
647,2
648,1
649,1
650,0
651,2
652,1
653,1
654,1
655,4
656,2
657,1
658,3
659,1
660,0
661,1
662,0
663,1
664,2
665,0
666,2
667,2
668,4
669,2
670,2
671,2
672,2
673,1
674,3
675,1
676,2
677,2
678,3
679,2
680,0
681,3
682,1
683,1
684,0
685,2
686,2
687,1
688,2
689,0
690,0
691,0
692,3
693,3
694,2
695,1
696,2
697,3
698,2
699,0
700,1
701,1
702,2
703,1
704,0
705,3
706,0
707,2
708,1
709,1
710,1
711,0
712,1
713,2
714,2
715,2
716,0
717,2
718,2
719,1
720,3
721,2
722,2
723,1
724,2
725,0
726,3
727,2
728,3
729,0
730,1
731,2
732,3
733,2
734,1
735,4
736,2
737,1
738,4
739,1
740,3
741,3
742,2
743,2
744,2
745,0
746,3
747,3
748,0
749,1
750,1
751,2
752,2
753,0
754,0
755,2
756,3
757,1
758,0
759,1
760,2
761,0
762,0
763,1
764,1
765,1
766,2
767,1
768,1
769,0
770,1
771,2
772,1
773,1
774,0
775,0
776,1
777,3
778,2
779,1
780,2
781,2
782,2
783,1
784,1
785,1
786,1
787,2
788,1
789,2
790,0
791,2
792,3
793,1
794,0
795,2
796,1
797,1
798,2
799,2
800,1
801,2
802,0
803,2
804,1
805,2
806,4
807,1
808,3
809,2
810,3
811,3
812,2
813,2
814,2
815,1
816,0
817,3
818,1
819,1
820,2
821,1
822,2
823,3
824,1
825,1
826,0
827,1
828,1
829,1
830,4
831,2
832,3
833,3
834,0
835,2
836,3
837,3
838,1
839,1
840,2
841,1
842,2
843,3
844,2
845,1
846,1
847,1
848,1
849,0
850,2
851,2
852,1
853,1
854,3
855,1
856,2
857,1
858,2
859,2
860,2
861,1
862,1
863,2
864,1
865,1
866,2
867,2
868,1
869,1
870,2
871,1
872,3
873,2
874,1
875,2
876,2
877,2
878,2
879,1
880,2
881,1
882,1
883,1
884,0
885,1
886,1
887,2
888,1
889,1
890,1
891,1
892,4
893,2
894,2
895,0
896,3
897,1
898,2
899,1
900,2
901,1
902,2
903,2
904,3
905,2
906,0
907,1
908,0
909,1
910,2
911,3
912,1
913,0
914,2
915,1
916,0
917,1
918,3
919,0
920,1
921,2
922,1
923,2
924,0
925,2
926,1
927,2
928,1
929,2
930,2
931,2
932,1
933,3
934,1
935,1
936,0
937,2
938,2
939,0
940,0
941,2
942,0
943,2
944,3
945,3
946,3
947,2
948,1
949,0
950,2
951,2
952,1
953,1
954,1
955,1
956,1
957,2
958,0
959,1
960,3
961,2
962,1
963,1
964,2
965,1
966,0
967,2
968,0
969,2
970,2
971,0
972,1
973,2
974,0
975,2
976,0
977,2
978,0
979,0
980,2
981,1
982,1
983,2
984,2
985,3
986,0
987,1
988,1
989,1
990,0
991,1
992,1
993,1
994,2
995,1
996,2
997,2
998,2
999,2
1000,0
1001,0
1002,1
1003,2
1004,3
1005,0
1006,0
1007,3
1008,1
1009,0
1010,1
1011,2
1012,1
1013,2
1014,2
1015,1
1016,2
1017,0
1018,0
1019,2
1020,0
1021,3
1022,3
1023,1
1024,2
1025,2
1026,3
1027,0
1028,0
1029,1
1030,1
1031,1
1032,1
1033,2
1034,2
1035,3
1036,1
1037,0
1038,2
1039,2
1040,1
1041,0
1042,3
1043,1
1044,1
1045,1
1046,2
1047,2
1048,3
1049,2
1050,2
1051,1
1052,2
1053,1
1054,2
1055,0
1056,1
1057,1
1058,1
1059,1
1060,2
1061,1
1062,2
1063,2
1064,1
1065,1
1066,0
1067,1
1068,2
1069,2
1070,5
1071,1
1072,4
1073,2
1074,1
1075,1
1076,3
1077,2
1078,3
1079,2
1080,2
1081,0
1082,2
1083,2
1084,2
1085,0
1086,4
1087,0
1088,3
1089,1
1090,2
1091,3
1092,1
1093,2
1094,2
1095,2
1096,2
1097,1
1098,2
1099,0
1100,0
1101,3
1102,1
1103,1
1104,1
1105,2
1106,0
1107,2
1108,1
1109,1
1110,3
1111,2
1112,1
1113,3
1114,2
1115,2
1116,0
1117,0
1118,1
1119,3
1120,2
1121,1
1122,3
1123,3
1124,2
1125,2
1126,2
1127,0
1128,1
1129,1
1130,1
1131,0
1132,0
1133,1
1134,4
1135,1
1136,1
1137,1
1138,2
1139,1
1140,0
1141,1
1142,3
1143,0
1144,1
1145,1
1146,0
1147,2
1148,3
1149,2
1150,2
1151,2
1152,3
1153,3
1154,2
1155,2
1156,2
1157,2
1158,2
1159,2
1160,1
1161,1
1162,4
1163,0
1164,0
1165,4
1166,2
1167,1
1168,1
1169,1
1170,2
1171,2
1172,2
1173,0
1174,3
1175,1
1176,3
1177,1
1178,3
1179,1
1180,1
1181,2
1182,2
1183,2
1184,3
1185,2
1186,2
1187,2
1188,1
1189,2
1190,1
1191,1
1192,0
1193,0
1194,0
1195,3
1196,2
1197,0
1198,0
1199,1
1200,2
1201,1
1202,2
1203,0
1204,2
1205,1
1206,1
1207,2
1208,0
1209,1
1210,3
1211,1
1212,4
1213,2
1214,1
1215,1
1216,0
1217,1
1218,2
1219,2
1220,2
1221,2
1222,1
1223,2
1224,0
1225,2
1226,2
1227,0
1228,0
1229,1
1230,2
1231,2
1232,2
1233,3
1234,2
1235,1
1236,3
1237,1
1238,1
1239,0
1240,0
1241,2
1242,3
1243,2
1244,4
1245,3
1246,1
1247,2
1248,2
1249,2
1250,1
1251,3
1252,0
1253,4
1254,2
1255,2
1256,3
1257,4
1258,1
1259,1
1260,3
1261,1
1262,1
1263,0
1264,1
1265,2
1266,2
1267,3
1268,2
1269,3
1270,1
1271,2
1272,0
1273,1
1274,1
1275,1
1276,3
1277,2
1278,2
1279,3
1280,0
1281,3
1282,3
1283,2
1284,2
1285,1
1286,1
1287,4
1288,1
1289,0
1290,4
1291,2
1292,1
1293,3
1294,1
1295,1
1296,0
1297,1
1298,1
1299,4
1300,0
1301,1
1302,0
1303,2
1304,0
1305,2
1306,0
1307,1
1308,3
1309,2
1310,1
1311,2
1312,4
1313,2
1314,0
1315,2
1316,3
1317,1
1318,3
1319,0
1320,1
1321,3
1322,1
1323,3
1324,1
1325,2
1326,2
1327,2
1328,1
1329,0
1330,1
1331,1
1332,1
1333,3
1334,2
1335,0
1336,3
1337,0
1338,1
1339,1
1340,2
1341,3
1342,1
1343,2
1344,1
1345,1
1346,1
1347,1
1348,1
1349,0
1350,2
1351,0
1352,1
1353,0
1354,0
1355,3
1356,1
1357,2
1358,1
1359,2
1360,1
1361,3
1362,1
1363,1
1364,0
1365,1
1366,3
1367,2
1368,3
1369,1
1370,0
1371,2
1372,2
1373,4
1374,1
1375,0
1376,1
1377,1
1378,1
1379,2
1380,3
1381,0
1382,1
1383,1
1384,3
1385,2
1386,3
1387,1
1388,3
1389,2
1390,1
1391,2
1392,1
1393,1
1394,2
1395,2
1396,2
1397,3
1398,0
1399,2
1400,0
1401,1
1402,2
1403,1
1404,0
1405,2
1406,2
1407,3
1408,3
1409,1
1410,0
1411,1
1412,4
1413,3
1414,1
1415,2
1416,2
1417,2
1418,1
1419,1
1420,2
1421,2
1422,3
1423,2
1424,1
1425,3
1426,3
1427,0
1428,1
1429,1
1430,1
1431,2
1432,2
1433,1
1434,2
1435,1
1436,0
1437,0
1438,1
1439,2
1440,2
1441,0
1442,2
1443,2
1444,3
1445,3
1446,2
1447,1
1448,0
1449,3
1450,1
1451,1
1452,2
1453,1
1454,2
1455,2
1456,2
1457,2
1458,2
1459,0
1460,2
1461,3
1462,0
1463,1
1464,2
1465,4
1466,1
1467,0
1468,2
1469,1
1470,1
1471,2
1472,1
1473,0
1474,0
1475,2
1476,0
1477,1
1478,0
1479,1
1480,2
1481,1
1482,1
1483,1
1484,1
1485,1
1486,0
1487,2
1488,1
1489,1
1490,3
1491,2
1492,3
1493,2
1494,1
1495,2
1496,2
1497,1
1498,1
1499,3
1500,0
1501,2
1502,2
1503,1
1504,1
1505,1
1506,1
1507,1
1508,2
1509,2
1510,1
1511,2
1512,1
1513,2
1514,2
1515,3
1516,1
1517,4
1518,1
1519,1
1520,4
1521,0
1522,1
1523,1
1524,1
1525,1
1526,1
1527,2
1528,2
1529,2
1530,1
1531,1
1532,2
1533,1
1534,0
1535,2
1536,0
1537,1
1538,1
1539,1
1540,2
1541,2
1542,2
1543,2
1544,4
1545,2
1546,1
1547,1
1548,0
1549,1
1550,2
1551,0
1552,2
1553,1
1554,2
1555,4
1556,1
1557,1
1558,2
1559,2
1560,1
1561,4
1562,3
1563,2
1564,1
1565,2
1566,2
1567,2
1568,2
1569,1
1570,3
1571,2
1572,2
1573,3
1574,3
1575,2
1576,3
1577,1
1578,2
1579,2
1580,2
1581,1
1582,1
1583,1
1584,1
1585,1
1586,2
1587,1
1588,1
1589,2
1590,0
1591,1
1592,3
1593,2
1594,2
1595,3
1596,0
1597,3
1598,0
1599,3
1600,1
1601,2
1602,0
1603,1
1604,3
1605,3
1606,2
1607,3
1608,3
1609,3
1610,1
1611,2
1612,2
1613,1
1614,3
1615,2
1616,2
1617,0
1618,1
1619,0
1620,0
1621,2
1622,1
1623,0
1624,2
1625,1
1626,2
1627,1
1628,2
1629,3
1630,0
1631,2
1632,2
1633,4
1634,1
1635,1
1636,1
1637,0
1638,1
1639,4
1640,2
1641,4
1642,1
1643,1
1644,3
1645,1
1646,3
1647,2
1648,0
1649,3
1650,1
1651,1
1652,1
1653,2
1654,1
1655,2
1656,1
1657,0
1658,1
1659,1
1660,2
1661,2
1662,0
1663,0
1664,1
1665,1
1666,2
1667,1
1668,1
1669,0
1670,2
1671,1
1672,1
1673,3
1674,0
1675,1
1676,1
1677,3
1678,3
1679,2
1680,0
1681,2
1682,1
1683,1
1684,2
1685,1
1686,0
1687,0
1688,2
1689,1
1690,2
1691,0
1692,2
1693,1
1694,1
1695,1
1696,1
1697,2
1698,3
1699,3
1700,2
1701,2
1702,1
1703,2
1704,2
1705,1
1706,2
1707,1
1708,2
1709,2
1710,2
1711,2
1712,2
1713,1
1714,3
1715,3
1716,2
1717,0
1718,2
1719,0
1720,1
1721,1
1722,2
1723,3
1724,1
1725,1
1726,2
1727,0
1728,1
1729,1
1730,0
1731,1
1732,2
1733,2
1734,3
1735,2
1736,2
1737,0
1738,3
1739,2
1740,2
1741,3
1742,1
1743,2
1744,0
1745,1
1746,2
1747,1
1748,2
1749,2
1750,2
1751,2
1752,1
1753,5
1754,0
1755,1
1756,0
1757,2
1758,1
1759,1
1760,2
1761,1
1762,2
1763,0
1764,2
1765,4
1766,1
1767,2
1768,0
1769,2
1770,0
1771,0
1772,1
1773,1
1774,2
1775,1
1776,0
1777,1
1778,3
1779,1
1780,2
1781,1
1782,4
1783,2
1784,4
1785,1
1786,3
1787,2
1788,2
1789,1
1790,1
1791,1
1792,3
1793,2
1794,1
1795,4
1796,0
1797,0
1798,1
1799,1
1800,3
1801,2
1802,1
1803,0
1804,2
1805,4
1806,0
1807,3
1808,2
1809,2
1810,2
1811,2
1812,1
1813,0
1814,2
1815,3
1816,0
1817,2
1818,1
1819,2
1820,0
1821,2
1822,3
1823,2
1824,1
1825,2
1826,0
1827,0
1828,1
1829,3
1830,0
1831,4
1832,2
1833,2
1834,3
1835,1
1836,3
1837,1
1838,1
1839,2
1840,1
1841,1
1842,4
1843,1
1844,3
1845,1
1846,0
1847,0
1848,2
1849,1
1850,1
1851,1
1852,3
1853,2
1854,1
1855,2
1856,2
1857,1
1858,3
1859,1
1860,3
1861,3
1862,2
1863,1
1864,1
1865,4
1866,1
1867,1
1868,3
1869,0
1870,1
1871,2
1872,1
1873,4
1874,2
1875,0
1876,0
1877,2
1878,1
1879,4
1880,0
1881,0
1882,1
1883,1
1884,1
1885,1
1886,3
1887,1
1888,0
1889,1
1890,0
1891,1
1892,0
1893,3
1894,1
1895,2
1896,0
1897,1
1898,2
1899,1
1900,1
1901,1
1902,1
1903,3
1904,0
1905,5
1906,2
1907,2
1908,2
1909,2
1910,1
1911,0
1912,1
1913,2
1914,0
1915,1
1916,3
1917,1
1918,3
1919,1
1920,1
1921,1
1922,1
1923,1
1924,2
1925,3
1926,2
1927,2
1928,2
1929,2
1930,2
1931,2
1932,3
1933,2
1934,1
1935,2
1936,1
1937,3
1938,0
1939,1
1940,0
1941,1
1942,2
1943,1
1944,3
1945,1
1946,2
1947,3
1948,2
1949,2
1950,1
1951,2
1952,1
1953,1
1954,3
1955,3
1956,3
1957,2
1958,1
1959,1
1960,0
1961,4
1962,1
1963,1
1964,3
1965,2
1966,0
1967,1
1968,1
1969,2
1970,2
1971,0
1972,1
1973,1
1974,2
1975,4
1976,3
1977,0
1978,1
1979,3
1980,3
1981,3
1982,0
1983,1
1984,1
1985,2
1986,1
1987,1
1988,0
1989,1
1990,0
1991,1
1992,1
1993,1
1994,3
1995,2
1996,1
1997,3
1998,2
1999,1
2000,2
2001,3
2002,2
2003,0
2004,0
2005,1
2006,3
2007,3
2008,1
2009,1
2010,2
2011,1
2012,1
2013,2
2014,2
2015,2
2016,2
2017,2
2018,1
2019,2
2020,3
2021,1
2022,1
2023,2
2024,2
2025,3
2026,1
2027,1
2028,2
2029,2
2030,0
2031,3
2032,1
2033,1
2034,3
2035,2
2036,2
2037,3
2038,2
2039,1
2040,1
2041,1
2042,1
2043,4
2044,2
2045,3
2046,4
2047,1
2048,1
2049,1
2050,2
2051,0
2052,3
2053,1
2054,1
2055,1
2056,1
2057,1
2058,2
2059,0
2060,2
2061,2
2062,1
2063,0
2064,1
2065,2
2066,2
2067,1
2068,2
2069,0
2070,1
2071,0
2072,2
2073,1
2074,1
2075,2
2076,2
2077,3
2078,2
2079,3
2080,3
2081,1
2082,1
2083,1
2084,2
2085,1
2086,1
2087,1
2088,2
2089,2
2090,3
2091,2
2092,1
2093,3
2094,1
2095,3
2096,2
2097,1
2098,1
2099,3
2100,3
2101,1
2102,0
2103,2
2104,0
2105,2
2106,4
2107,2
2108,2
2109,2
2110,2
2111,2
2112,0
2113,2
2114,2
2115,2
2116,3
2117,2
2118,1
2119,2
2120,2
2121,1
2122,1
2123,0
2124,2
2125,5
2126,1
2127,0
2128,0
2129,2
2130,1
2131,2
2132,1
2133,2
2134,3
2135,0
2136,2
2137,3
2138,3
2139,2
2140,3
2141,2
2142,1
2143,0
2144,1
2145,2
2146,1
2147,3
2148,1
2149,2
2150,1
2151,2
2152,4
2153,0
2154,2
2155,1
2156,0
2157,2
2158,2
2159,2
2160,0
2161,2
2162,3
2163,2
2164,3
2165,3
2166,0
2167,1
2168,3
2169,1
2170,1
2171,2
2172,2
2173,1
2174,3
2175,1
2176,3
2177,1
2178,0
2179,2
2180,0
2181,0
2182,2
2183,1
2184,5
2185,2
2186,0
2187,1
2188,3
2189,2
2190,2
2191,1
2192,1
2193,1
2194,0
2195,2
2196,2
2197,3
2198,3
2199,2
2200,2
2201,1
2202,2
2203,3
2204,1
2205,0
2206,1
2207,3
2208,2
2209,0
2210,3
2211,1
2212,1
2213,3
2214,1
2215,3
2216,1
2217,1
2218,1
2219,1
2220,1
2221,2
2222,1
2223,2
2224,1
2225,1
2226,2
2227,1
2228,2
2229,2
2230,1
2231,2
2232,1
2233,1
2234,2
2235,3
2236,3
2237,2
2238,1
2239,1
2240,1
2241,0
2242,2
2243,1
2244,1
2245,3
2246,3
2247,1
2248,0
2249,1
2250,0
2251,3
2252,2
2253,1
2254,1
2255,1
2256,0
2257,3
2258,1
2259,2
2260,1
2261,1
2262,2
2263,1
2264,3
2265,0
2266,3
2267,0
2268,1
2269,1
2270,2
2271,2
2272,2
2273,2
2274,1
2275,2
2276,0
2277,1
2278,3
2279,1
2280,2
2281,2
2282,0
2283,0
2284,4
2285,3
2286,2
2287,1
2288,1
2289,2
2290,2
2291,0
2292,0
2293,1
2294,2
2295,1
2296,3
2297,1
2298,2
2299,0
2300,0
2301,2
2302,1
2303,1
2304,3
2305,2
2306,3
2307,2
2308,2
2309,3
2310,1
2311,3
2312,2
2313,0
2314,0
2315,1
2316,1
2317,0
2318,1
2319,1
2320,0
2321,0
2322,3
2323,1
2324,1
2325,1
2326,2
2327,3
2328,0
2329,3
2330,1
2331,2
2332,1
2333,0
2334,1
2335,2
2336,3
2337,2
2338,1
2339,0
2340,0
2341,1
2342,1
2343,1
2344,1
2345,2
2346,1
2347,2
2348,1
2349,4
2350,3
2351,2
2352,1
2353,3
2354,2
2355,2
2356,2
2357,2
2358,0
2359,4
2360,2
2361,2
2362,2
2363,3
2364,0
2365,0
2366,1
2367,1
2368,0
2369,2
2370,3
2371,1
2372,0
2373,1
2374,1
2375,0
2376,1
2377,1
2378,0
2379,2
2380,3
2381,2
2382,2
2383,3
2384,1
2385,1
2386,1
2387,1
2388,1
2389,2
2390,1
2391,0
2392,1
2393,3
2394,2
2395,1
2396,1
2397,2
2398,2
2399,2
2400,2
2401,0
2402,2
2403,3
2404,1
2405,0
2406,1
2407,0
2408,1
2409,1
2410,3
2411,1
2412,1
2413,1
2414,2
2415,1
2416,0
2417,1
2418,0
2419,1
2420,3
2421,1
2422,2
2423,2
2424,1
2425,0
2426,1
2427,0
2428,2
2429,0
2430,0
2431,2
2432,0
2433,3
2434,1
2435,1
2436,3
2437,2
2438,2
2439,1
2440,3
2441,1
2442,2
2443,3
2444,2
2445,1
2446,1
2447,1
2448,1
2449,1
2450,1
2451,4
2452,3
2453,3
2454,1
2455,3
2456,3
2457,2
2458,0
2459,1
2460,1
2461,0
2462,2
2463,2
2464,3
2465,2
2466,1
2467,1
2468,2
2469,0
2470,1
2471,2
2472,1
2473,1
2474,1
2475,0
2476,2
2477,3
2478,0
2479,1
2480,1
2481,2
2482,2
2483,3
2484,1
2485,0
2486,2
2487,1
2488,2
2489,2
2490,2
2491,1
2492,1
2493,1
2494,4
2495,2
2496,2
2497,1
2498,4
2499,1
2500,2
2501,0
2502,0
2503,3
2504,2
2505,0
2506,2
2507,0
2508,1
2509,1
2510,2
2511,1
2512,2
2513,0
2514,1
2515,3
2516,2
2517,1
2518,1
2519,2
2520,2
2521,2
2522,2
2523,3
2524,1
2525,0
2526,0
2527,1
2528,1
2529,1
2530,1
2531,2
2532,0
2533,2
2534,2
2535,1
2536,4
2537,2
2538,1
2539,2
2540,2
2541,2
2542,2
2543,3
2544,1
2545,2
2546,1
2547,0
2548,3
2549,2
2550,0
2551,0
2552,2
2553,0
2554,0
2555,2
2556,3
2557,1
2558,2
2559,1
2560,3
2561,3
2562,3
2563,1
2564,0
2565,0
2566,2
2567,2
2568,5
2569,0
2570,1
2571,2
2572,0
2573,1
2574,3
2575,1
2576,1
2577,0
2578,2
2579,2
2580,1
2581,2
2582,1
2583,1
2584,0
2585,1
2586,0
2587,3
2588,0
2589,1
2590,1
2591,2
2592,3
2593,1
2594,0
2595,1
2596,0
2597,0
2598,1
2599,0
2600,0
2601,1
2602,2
2603,2
2604,2
2605,2
2606,2
2607,2
2608,2
2609,0
2610,1
2611,3
2612,1
2613,1
2614,1
2615,2
2616,2
2617,0
2618,1
2619,1
2620,1
2621,3
2622,2
2623,1
2624,1
2625,0
2626,0
2627,2
2628,1
2629,3
2630,2
2631,2
2632,3
2633,1
2634,2
2635,1
2636,2
2637,1
2638,1
2639,3
2640,1
2641,0
2642,2
2643,2
2644,1
2645,0
2646,1
2647,1
2648,2
2649,2
2650,1
2651,1
2652,3
2653,3
2654,3
2655,2
2656,3
2657,2
2658,1
2659,0
2660,2
2661,2
2662,2
2663,0
2664,2
2665,1
2666,5
2667,2
2668,0
2669,2
2670,0
2671,1
2672,2
2673,2
2674,2
2675,1
2676,0
2677,3
2678,1
2679,0
2680,2
2681,3
2682,2
2683,3
2684,3
2685,1
2686,1
2687,2
2688,2
2689,2
2690,1
2691,2
2692,2
2693,2
2694,4
2695,1
2696,1
2697,1
2698,1
2699,1
2700,0
2701,1
2702,1
2703,2
2704,1
2705,1
2706,1
2707,3
2708,1
2709,2
2710,1
2711,1
2712,2
2713,0
2714,0
2715,0
2716,2
2717,2
2718,5
2719,3
2720,2
2721,1
2722,2
2723,4
2724,3
2725,2
2726,2
2727,2
2728,3
2729,1
2730,2
2731,3
2732,2
2733,0
2734,1
2735,2
2736,2
2737,1
2738,1
2739,3
2740,2
2741,1
2742,2
2743,3
2744,2
2745,1
2746,2
2747,0
2748,2
2749,0
2750,1
2751,3
2752,0
2753,1
2754,2
2755,2
2756,2
2757,1
2758,1
2759,0
2760,2
2761,3
2762,1
2763,1
2764,0
2765,2
2766,2
2767,3
2768,3
2769,2
2770,1
2771,1
2772,5
2773,2
2774,0
2775,1
2776,1
2777,0
2778,0
2779,1
2780,2
2781,2
2782,1
2783,1
2784,2
2785,2
2786,3
2787,3
2788,3
2789,3
2790,3
2791,1
2792,2
2793,3
2794,1
2795,0
2796,2
2797,0
2798,2
2799,3
2800,1
2801,0
2802,1
2803,1
2804,1
2805,2
2806,1
2807,1
2808,2
2809,1
2810,3
2811,3
2812,2
2813,1
2814,1
2815,0
2816,4
2817,1
2818,2
2819,1
2820,2
2821,3
2822,2
2823,2
2824,1
2825,1
2826,0
2827,0
2828,1
2829,3
2830,1
2831,1
2832,0
2833,3
2834,0
2835,1
2836,2
2837,1
2838,1
2839,2
2840,2
2841,1
2842,2
2843,2
2844,2
2845,3
2846,1
2847,2
2848,1
2849,2
2850,1
2851,2
2852,2
2853,2
2854,1
2855,2
2856,0
2857,1
2858,3
2859,0
2860,2
2861,2
2862,1
2863,2
2864,2
2865,2
2866,2
2867,3
2868,1
2869,3
2870,2
2871,2
2872,1
2873,1
2874,2
2875,1
2876,0
2877,2
2878,1
2879,0
2880,1
2881,2
2882,2
2883,1
2884,1
2885,2
2886,1
2887,3
2888,2
2889,1
2890,2
2891,2
2892,1
2893,0
2894,0
2895,4
2896,1
2897,2
2898,3
2899,2
2900,1
2901,2
2902,1
2903,4
2904,1
2905,3
2906,2
2907,0
2908,1
2909,3
2910,1
2911,2
2912,1
2913,3
2914,1
2915,4
2916,1
2917,1
2918,1
2919,1
2920,0
2921,0
2922,1
2923,2
2924,2
2925,1
2926,3
2927,0
2928,3
2929,2
2930,3
2931,1
2932,4
2933,0
2934,2
2935,2
2936,2
2937,2
2938,4
2939,2
2940,3
2941,2
2942,1
2943,3
2944,2
2945,2
2946,2
2947,1
2948,1
2949,2
2950,2
2951,1
2952,2
2953,2
2954,2
2955,1
2956,0
2957,3
2958,2
2959,1
2960,2
2961,1
2962,1
2963,0
2964,2
2965,1
2966,3
2967,4
2968,1
2969,2
2970,0
2971,2
2972,0
2973,2
2974,2
2975,1
2976,0
2977,3
2978,2
2979,1
2980,1
2981,2
2982,1
2983,2
2984,0
2985,1
2986,3
2987,1
2988,0
2989,2
2990,3
2991,1
2992,3
2993,1
2994,3
2995,3
2996,3
2997,2
2998,2
2999,2
3000,1
3001,2
3002,1
3003,1
3004,1
3005,2
3006,1
3007,1
3008,1
3009,3
3010,0
3011,1
3012,2
3013,1
3014,3
3015,1
3016,3
3017,2
3018,3
3019,2
3020,1
3021,1
3022,3
3023,0
3024,2
3025,1
3026,1
3027,1
3028,1
3029,2
3030,1
3031,1
3032,1
3033,1
3034,1
3035,3
3036,1
3037,3
3038,0
3039,1
3040,2
3041,0
3042,2
3043,1
3044,1
3045,2
3046,0
3047,2
3048,1
3049,0
3050,2
3051,2
3052,3
3053,0
3054,3
3055,0
3056,1
3057,2
3058,0
3059,2
3060,1
3061,3
3062,3
3063,3
3064,1
3065,2
3066,3
3067,1
3068,2
3069,2
3070,2
3071,2
3072,1
3073,2
3074,1
3075,1
3076,2
3077,1
3078,1
3079,3
3080,3
3081,1
3082,0
3083,2
3084,0
3085,1
3086,1
3087,1
3088,2
3089,3
3090,3
3091,0
3092,1
3093,1
3094,1
3095,1
3096,2
3097,1
3098,1
3099,2
3100,3
3101,2
3102,3
3103,1
3104,1
3105,1
3106,1
3107,1
3108,4
3109,1
3110,1
3111,1
3112,1
3113,2
3114,1
3115,0
3116,1
3117,0
3118,2
3119,1
3120,1
3121,2
3122,2
3123,2
3124,1
3125,2
3126,3
3127,4
3128,0
3129,2
3130,1
3131,3
3132,1
3133,3
3134,2
3135,1
3136,2
3137,1
3138,1
3139,1
3140,1
3141,1
3142,2
3143,1
3144,3
3145,2
3146,2
3147,0
3148,3
3149,1
3150,1
3151,0
3152,2
3153,2
3154,1
3155,2
3156,2
3157,3
3158,2
3159,3
3160,2
3161,2
3162,0
3163,1
3164,5
3165,0
3166,1
3167,1
3168,3
3169,1
3170,1
3171,2
3172,1
3173,2
3174,0
3175,3
3176,0
3177,2
3178,3
3179,2
3180,2
3181,1
3182,3
3183,3
3184,0
3185,3
3186,2
3187,3
3188,0
3189,0
3190,2
3191,2
3192,2
3193,2
3194,3
3195,1
3196,2
3197,0
3198,0
3199,2
3200,1
3201,0
3202,0
3203,0
3204,1
3205,0
3206,2
3207,3
3208,1
3209,2
3210,3
3211,2
3212,3
3213,1
3214,1
3215,1
3216,0
3217,2
3218,5
3219,2
3220,1
3221,2
3222,0
3223,0
3224,3
3225,2
3226,2
3227,0
3228,3
3229,3
3230,0
3231,1
3232,3
3233,1
3234,2
3235,1
3236,2
3237,1
3238,2
3239,1
3240,3
3241,2
3242,2
3243,2
3244,2
3245,1
3246,2
3247,3
3248,1
3249,2
3250,2
3251,2
3252,0
3253,2
3254,1
3255,4
3256,0
3257,2
3258,1
3259,2
3260,1
3261,3
3262,1
3263,1
3264,1
3265,2
3266,1
3267,4
3268,0
3269,3
3270,1
3271,1
3272,2
3273,1
3274,1
3275,1
3276,2
3277,2
3278,3
3279,1
3280,2
3281,4
3282,4
3283,2
3284,1
3285,1
3286,1
3287,1
3288,2
3289,2
3290,1
3291,3
3292,1
3293,3
3294,2
3295,0
3296,0
3297,1
3298,0
3299,2
3300,2
3301,2
3302,1
3303,1
3304,2
3305,2
3306,2
3307,2
3308,1
3309,0
3310,0
3311,2
3312,3
3313,1
3314,1
3315,2
3316,4
3317,2
3318,1
3319,2
3320,3
3321,1
3322,3
3323,2
3324,1
3325,1
3326,3
3327,1
3328,2
3329,3
3330,1
3331,1
3332,0
3333,1
3334,1
3335,3
3336,3
3337,1
3338,0
3339,1
3340,2
3341,1
3342,2
3343,1
3344,2
3345,2
3346,2
3347,1
3348,2
3349,0
3350,3
3351,1
3352,3
3353,3
3354,0
3355,2
3356,2
3357,2
3358,1
3359,2
3360,2
3361,1
3362,3
3363,0
3364,1
3365,2
3366,2
3367,2
3368,0
3369,3
3370,2
3371,3
3372,4
3373,0
3374,2
3375,3
3376,2
3377,2
3378,1
3379,4
3380,2
3381,3
3382,2
3383,2
3384,1
3385,0
3386,1
3387,1
3388,1
3389,2
3390,3
3391,2
3392,1
3393,3
3394,1
3395,1
3396,1
3397,1
3398,0
3399,1
3400,0
3401,1
3402,0
3403,0
3404,1
3405,1
3406,3
3407,3
3408,0
3409,2
3410,1
3411,2
3412,2
3413,1
3414,1
3415,1
3416,1
3417,1
3418,2
3419,3
3420,1
3421,3
3422,1
3423,1
3424,1
3425,4
3426,2
3427,0
3428,0
3429,1
3430,0
3431,2
3432,4
3433,2
3434,1
3435,0
3436,3
3437,1
3438,1
3439,3
3440,2
3441,1
3442,1
3443,0
3444,3
3445,2
3446,0
3447,1
3448,2
3449,2
3450,1
3451,3
3452,2
3453,0
3454,1
3455,2
3456,1
3457,3
3458,3
3459,2
3460,2
3461,2
3462,2
3463,2
3464,2
3465,1
3466,3
3467,0
3468,2
3469,1
3470,1
3471,1
3472,0
3473,0
3474,2
3475,1
3476,0
3477,1
3478,1
3479,2
3480,4
3481,3
3482,2
3483,2
3484,0
3485,1
3486,0
3487,2
3488,1
3489,1
3490,4
3491,2
3492,2
3493,1
3494,3
3495,1
3496,1
3497,1
3498,1
3499,0
3500,2
3501,3
3502,3
3503,2
3504,3
3505,1
3506,4
3507,1
3508,1
3509,2
3510,1
3511,1
3512,2
3513,2
3514,2
3515,3
3516,2
3517,1
3518,2
3519,2
3520,0
3521,2
3522,2
3523,0
3524,2
3525,2
3526,2
3527,3
3528,1
3529,2
3530,1
3531,2
3532,1
3533,1
3534,3
3535,2
3536,3
3537,1
3538,3
3539,3
3540,1
3541,0
3542,1
3543,3
3544,1
3545,2
3546,1
3547,2
3548,2
3549,3
3550,0
3551,2
3552,4
3553,1
3554,2
3555,2
3556,2
3557,1
3558,1
3559,0
3560,1
3561,0
3562,1
3563,2
3564,1
3565,2
3566,2
3567,2
3568,3
3569,2
3570,1
3571,3
3572,2
3573,1
3574,3
3575,2
3576,3
3577,2
3578,2
3579,1
3580,1
3581,2
3582,0
3583,4
3584,2
3585,3
3586,3
3587,3
3588,2
3589,2
3590,2
3591,0
3592,0
3593,1
3594,3
3595,1
3596,1
3597,3
3598,1
3599,1
3600,1
3601,2
3602,0
3603,1
3604,1
3605,3
3606,2
3607,1
3608,3
3609,0
3610,2
3611,2
3612,2
3613,1
3614,3
3615,2
3616,1
3617,1
3618,1
3619,1
3620,3
3621,4
3622,1
3623,2
3624,1
3625,0
3626,4
3627,2
3628,1
3629,1
3630,2
3631,0
3632,0
3633,2
3634,1
3635,1
3636,0
3637,2
3638,1
3639,0
3640,2
3641,0
3642,1
3643,1
3644,1
3645,1
3646,2
3647,2
3648,1
3649,1
3650,1
3651,2
3652,2
3653,2
3654,0
3655,3
3656,0
3657,1
3658,1
3659,1
3660,1
3661,2
3662,1
3663,1
3664,3
3665,0
3666,2
3667,1
3668,2
3669,0
3670,0
3671,2
3672,2
3673,1
3674,2
3675,3
3676,2
3677,2
3678,1
3679,2
3680,1
3681,2
3682,3
3683,3
3684,1
3685,0
3686,1
3687,0
3688,0
3689,0
3690,1
3691,3
3692,1
3693,1
3694,2
3695,0
3696,4
3697,2
3698,1
3699,2
3700,1
3701,1
3702,2
3703,0
3704,1
3705,0
3706,2
3707,3
3708,1
3709,1
3710,0
3711,1
3712,1
3713,1
3714,1
3715,1
3716,2
3717,2
3718,1
3719,0
3720,2
3721,1
3722,1
3723,1
3724,1
3725,4
3726,2
3727,2
3728,2
3729,3
3730,2
3731,2
3732,2
3733,0
3734,1
3735,2
3736,1
3737,2
3738,2
3739,2
3740,1
3741,3
3742,3
3743,1
3744,2
3745,3
3746,2
3747,2
3748,2
3749,2
3750,1
3751,1
3752,1
3753,4
3754,2
3755,0
3756,1
3757,1
3758,0
3759,4
3760,2
3761,2
3762,2
3763,1
3764,2
3765,1
3766,2
3767,2
3768,2
3769,0
3770,1
3771,2
3772,1
3773,1
3774,3
3775,0
3776,1
3777,2
3778,3
3779,0
3780,2
3781,1
3782,2
3783,2
3784,0
3785,1
3786,1
3787,1
3788,3
3789,0
3790,2
3791,2
3792,4
3793,1
3794,1
3795,3
3796,1
3797,1
3798,0
3799,1
3800,0
3801,2
3802,1
3803,2
3804,1
3805,1
3806,2
3807,1
3808,2
3809,2
3810,1
3811,2
3812,1
3813,3
3814,2
3815,3
3816,0
3817,2
3818,0
3819,2
3820,1
3821,3
3822,3
3823,0
3824,1
3825,2
3826,1
3827,0
3828,2
3829,1
3830,1
3831,1
3832,2
3833,2
3834,0
3835,2
3836,1
3837,0
3838,2
3839,3
3840,2
3841,2
3842,3
3843,0
3844,1
3845,1
3846,2
3847,0
3848,2
3849,2
3850,3
3851,2
3852,1
3853,3
3854,3
3855,2
3856,2
3857,1
3858,2
3859,3
3860,1
3861,3
3862,3
3863,2
3864,2
3865,1
3866,1
3867,0
3868,3
3869,1
3870,3
3871,1
3872,0
3873,5
3874,1
3875,2
3876,1
3877,0
3878,1
3879,1
3880,0
3881,2
3882,2
3883,1
3884,1
3885,1
3886,1
3887,2
3888,1
3889,2
3890,1
3891,2
3892,1
3893,2
3894,0
3895,2
3896,2
3897,1
3898,1
3899,2
3900,4
3901,1
3902,0
3903,1
3904,2
3905,2
3906,0
3907,3
3908,1
3909,4
3910,2
3911,1
3912,2
3913,2
3914,0
3915,1
3916,1
3917,1
3918,1
3919,2
3920,1
3921,2
3922,2
3923,2
3924,2
3925,1
3926,4
3927,2
3928,1
3929,1
3930,2
3931,2
3932,1
3933,1
3934,2
3935,0
3936,1
3937,1
3938,2
3939,0
3940,1
3941,0
3942,0
3943,0
3944,0
3945,0
3946,3
3947,0
3948,2
3949,4
3950,1
3951,1
3952,2
3953,2
3954,0
3955,2
3956,4
3957,1
3958,2
3959,1
3960,2
3961,1
3962,2
3963,0
3964,2
3965,4
3966,1
3967,0
3968,2
3969,3
3970,4
3971,1
3972,0
3973,2
3974,0
3975,1
3976,1
3977,3
3978,2
3979,0
3980,2
3981,3
3982,1
3983,3
3984,2
3985,1
3986,1
3987,2
3988,0
3989,2
3990,4
3991,4
3992,1
3993,2
3994,0
3995,1
3996,2
3997,2
3998,2
3999,0
4000,0
4001,2
4002,2
4003,1
4004,1
4005,1
4006,2
4007,0
4008,3
4009,2
4010,1
4011,1
4012,3
4013,1
4014,1
4015,0
4016,1
4017,2
4018,0
4019,1
4020,1
4021,0
4022,3
4023,1
4024,2
4025,2
4026,1
4027,2
4028,1
4029,1
4030,1
4031,2
4032,1
4033,1
4034,2
4035,2
4036,1
4037,2
4038,1
4039,3
4040,1
4041,0
4042,2
4043,3
4044,1
4045,2
4046,2
4047,3
4048,0
4049,1
4050,2
4051,3
4052,3
4053,2
4054,5
4055,1
4056,1
4057,1
4058,0
4059,1
4060,0
4061,2
4062,2
4063,1
4064,1
4065,2
4066,2
4067,2
4068,1
4069,4
4070,0
4071,1
4072,2
4073,2
4074,1
4075,1
4076,2
4077,1
4078,2
4079,2
4080,2
4081,1
4082,1
4083,1
4084,2
4085,2
4086,2
4087,1
4088,2
4089,1
4090,1
4091,2
4092,4
4093,1
4094,3
4095,2
4096,3
4097,0
4098,2
4099,2
4100,3
4101,3
4102,2
4103,1
4104,2
4105,0
4106,2
4107,3
4108,1
4109,0
4110,1
4111,1
4112,3
4113,2
4114,1
4115,0
4116,0
4117,3
4118,1
4119,2
4120,2
4121,1
4122,1
4123,1
4124,3
4125,2
4126,2
4127,4
4128,2
4129,4
4130,0
4131,1
4132,0
4133,1
4134,4
4135,1
4136,1
4137,2
4138,2
4139,2
4140,2
4141,1
4142,3
4143,0
4144,2
4145,2
4146,2
4147,0
4148,3
4149,1
4150,2
4151,2
4152,0
4153,2
4154,3
4155,2
4156,4
4157,1
4158,1
4159,3
4160,2
4161,2
4162,2
4163,1
4164,1
4165,2
4166,1
4167,3
4168,4
4169,3
4170,2
4171,0
4172,2
4173,4
4174,1
4175,1
4176,0
4177,2
4178,3
4179,3
4180,2
4181,1
4182,1
4183,2
4184,1
4185,1
4186,0
4187,1
4188,1
4189,1
4190,1
4191,2
4192,1
4193,0
4194,2
4195,0
4196,2
4197,2
4198,0
4199,0
4200,0
4201,1
4202,2
4203,2
4204,1
4205,4
4206,2
4207,0
4208,2
4209,0
4210,1
4211,1
4212,1
4213,3
4214,2
4215,3
4216,1
4217,2
4218,1
4219,0
4220,2
4221,2
4222,2
4223,1
4224,2
4225,1
4226,1
4227,1
4228,1
4229,4
4230,1
4231,1
4232,2
4233,2
4234,1
4235,2
4236,3
4237,1
4238,1
4239,2
4240,1
4241,1
4242,1
4243,2
4244,1
4245,0
4246,4
4247,1
4248,1
4249,1
4250,2
4251,2
4252,2
4253,0
4254,3
4255,3
4256,2
4257,0
4258,0
4259,1
4260,2
4261,1
4262,0
4263,1
4264,1
4265,2
4266,2
4267,2
4268,1
4269,2
4270,2
4271,2
4272,3
4273,1
4274,3
4275,1
4276,1
4277,2
4278,0
4279,1
4280,2
4281,2
4282,0
4283,0
4284,0
4285,2
4286,4
4287,1
4288,2
4289,2
4290,1
4291,2
4292,3
4293,1
4294,2
4295,0
4296,2
4297,1
4298,2
4299,3
4300,4
4301,3
4302,1
4303,0
4304,1
4305,2
4306,3
4307,2
4308,2
4309,1
4310,2
4311,1
4312,2
4313,2
4314,4
4315,0
4316,0
4317,2
4318,1
4319,2
4320,0
4321,0
4322,0
4323,1
4324,1
4325,1
4326,2
4327,2
4328,2
4329,0
4330,0
4331,1
4332,1
4333,1
4334,1
4335,1
4336,3
4337,1
4338,1
4339,0
4340,1
4341,1
4342,0
4343,4
4344,1
4345,3
4346,1
4347,1
4348,2
4349,1
4350,1
4351,1
4352,2
4353,2
4354,2
4355,3
4356,1
4357,1
4358,1
4359,2
4360,2
4361,2
4362,0
4363,1
4364,1
4365,1
4366,0
4367,1
4368,3
4369,1
4370,0
4371,3
4372,0
4373,1
4374,2
4375,2
4376,1
4377,1
4378,1
4379,0
4380,2
4381,0
4382,4
4383,1
4384,1
4385,2
4386,0
4387,1
4388,0
4389,1
4390,1
4391,1
4392,1
4393,1
4394,0
4395,0
4396,0
4397,4
4398,0
4399,3
4400,1
4401,4
4402,2
4403,0
4404,1
4405,3
4406,1
4407,0
4408,2
4409,2
4410,1
4411,4
4412,2
4413,2
4414,2
4415,1
4416,1
4417,0
4418,1
4419,3
4420,1
4421,0
4422,1
4423,0
4424,0
4425,1
4426,2
4427,2
4428,0
4429,1
4430,0
4431,1
4432,0
4433,2
4434,4
4435,1
4436,0
4437,2
4438,1
4439,2
4440,1
4441,1
4442,2
4443,3
4444,1
4445,0
4446,1
4447,0
4448,1
4449,1
4450,2
4451,1
4452,3
4453,1
4454,2
4455,1
4456,1
4457,0
4458,2
4459,2
4460,1
4461,2
4462,2
4463,1
4464,0
4465,0
4466,2
4467,2
4468,0
4469,1
4470,4
4471,1
4472,2
4473,2
4474,3
4475,2
4476,1
4477,0
4478,1
4479,2
4480,2
4481,1
4482,0
4483,3
4484,3
4485,2
4486,1
4487,1
4488,4
4489,2
4490,3
4491,1
4492,2
4493,1
4494,1
4495,3
4496,1
4497,2
4498,0
4499,0
4500,1
4501,0
4502,2
4503,3
4504,2
4505,2
4506,1
4507,2
4508,1
4509,3
4510,2
4511,3
4512,2
4513,2
4514,1
4515,1
4516,1
4517,2
4518,0
4519,1
4520,1
4521,2
4522,1
4523,1
4524,1
4525,0
4526,1
4527,3
4528,1
4529,1
4530,2
4531,1
4532,2
4533,2
4534,4
4535,2
4536,1
4537,2
4538,1
4539,0
4540,0
4541,2
4542,0
4543,1
4544,1
4545,1
4546,0
4547,0
4548,3
4549,1
4550,2
4551,1
4552,1
4553,1
4554,3
4555,2
4556,2
4557,1
4558,0
4559,3
4560,1
4561,3
4562,2
4563,1
4564,2
4565,2
4566,2
4567,0
4568,1
4569,1
4570,1
4571,2
4572,0
4573,1
4574,1
4575,2
4576,2
4577,0
4578,2
4579,1
4580,2
4581,1
4582,0
4583,2
4584,2
4585,1
4586,2
4587,4
4588,2
4589,3
4590,1
4591,3
4592,1
4593,3
4594,3
4595,2
4596,0
4597,1
4598,0
4599,3
4600,1
4601,3
4602,1
4603,1
4604,4
4605,2
4606,1
4607,1
4608,1
4609,2
4610,0
4611,3
4612,1
4613,1
4614,1
4615,2
4616,3
4617,2
4618,1
4619,2
4620,1
4621,2
4622,2
4623,0
4624,1
4625,1
4626,1
4627,3
4628,2
4629,0
4630,0
4631,1
4632,2
4633,2
4634,1
4635,0
4636,1
4637,0
4638,2
4639,3
4640,1
4641,3
4642,3
4643,0
4644,5
4645,1
4646,0
4647,5
4648,2
4649,0
4650,1
4651,2
4652,2
4653,3
4654,2
4655,0
4656,2
4657,2
4658,2
4659,2
4660,2
4661,3
4662,2
4663,4
4664,2
4665,0
4666,0
4667,3
4668,0
4669,2
4670,1
4671,1
4672,2
4673,1
4674,1
4675,2
4676,2
4677,2
4678,3
4679,2
4680,1
4681,2
4682,2
4683,2
4684,2
4685,0
4686,2
4687,2
4688,1
4689,0
4690,0
4691,2
4692,1
4693,1
4694,1
4695,1
4696,1
4697,0
4698,1
4699,0
4700,1
4701,1
4702,4
4703,2
4704,1
4705,2
4706,2
4707,2
4708,2
4709,1
4710,1
4711,1
4712,4
4713,0
4714,1
4715,4
4716,1
4717,0
4718,2
4719,2
4720,4
4721,2
4722,2
4723,1
4724,2
4725,0
4726,1
4727,2
4728,0
4729,3
4730,1
4731,1
4732,0
4733,2
4734,2
4735,2
4736,2
4737,2
4738,0
4739,0
4740,0
4741,2
4742,3
4743,0
4744,3
4745,4
4746,2
4747,1
4748,2
4749,3
4750,3
4751,0
4752,0
4753,0
4754,1
4755,2
4756,3
4757,2
4758,2
4759,1
4760,2
4761,1
4762,2
4763,3
4764,1
4765,3
4766,3
4767,3
4768,1
4769,2
4770,2
4771,2
4772,2
4773,2
4774,1
4775,1
4776,1
4777,0
4778,2
4779,0
4780,2
4781,0
4782,0
4783,1
4784,1
4785,2
4786,3
4787,2
4788,2
4789,0
4790,1
4791,2
4792,2
4793,1
4794,2
4795,2
4796,2
4797,0
4798,1
4799,1
4800,2
4801,1
4802,3
4803,1
4804,1
4805,2
4806,3
4807,0
4808,4
4809,2
4810,0
4811,1
4812,2
4813,3
4814,0
4815,1
4816,3
4817,1
4818,1
4819,3
4820,0
4821,2
4822,1
4823,1
4824,0
4825,1
4826,2
4827,3
4828,2
4829,1
4830,0
4831,0
4832,1
4833,2
4834,1
4835,3
4836,2
4837,3
4838,3
4839,1
4840,3
4841,1
4842,2
4843,2
4844,1
4845,1
4846,0
4847,1
4848,1
4849,2
4850,1
4851,2
4852,1
4853,2
4854,2
4855,1
4856,1
4857,1
4858,0
4859,2
4860,3
4861,2
4862,2
4863,2
4864,2
4865,2
4866,1
4867,2
4868,2
4869,2
4870,2
4871,0
4872,3
4873,1
4874,2
4875,1
4876,3
4877,0
4878,2
4879,2
4880,2
4881,1
4882,0
4883,2
4884,4
4885,2
4886,2
4887,3
4888,0
4889,2
4890,2
4891,2
4892,0
4893,1
4894,1
4895,4
4896,0
4897,2
4898,1
4899,1
4900,0
4901,2
4902,0
4903,0
4904,2
4905,0
4906,3
4907,3
4908,1
4909,3
4910,2
4911,2
4912,0
4913,1
4914,3
4915,3
4916,2
4917,2
4918,4
4919,2
4920,0
4921,2
4922,2
4923,1
4924,3
4925,1
4926,4
4927,1
4928,0
4929,1
4930,0
4931,1
4932,0
4933,1
4934,2
4935,2
4936,2
4937,1
4938,5
4939,4
4940,2
4941,2
4942,1
4943,2
4944,0
4945,1
4946,1
4947,2
4948,2
4949,1
4950,2
4951,1
4952,3
4953,2
4954,3
4955,2
4956,1
4957,2
4958,2
4959,4
4960,0
4961,1
4962,3
4963,1
4964,1
4965,1
4966,2
4967,1
4968,0
4969,1
4970,1
4971,0
4972,0
4973,1
4974,2
4975,0
4976,2
4977,1
4978,3
4979,1
4980,1
4981,0
4982,1
4983,2
4984,2
4985,1
4986,3
4987,3
4988,1
4989,3
4990,1
4991,0
4992,2
4993,2
4994,0
4995,1
4996,1
4997,1
4998,1
4999,0
5000,1
5001,1
5002,3
5003,1
5004,1
5005,1
5006,1
5007,1
5008,1
5009,1
5010,2
5011,2
5012,2
5013,1
5014,2
5015,2
5016,3
5017,1
5018,3
5019,2
5020,2
5021,1
5022,1
5023,0
5024,1
5025,2
5026,1
5027,1
5028,2
5029,0
5030,1
5031,3
5032,1
5033,3
5034,2
5035,0
5036,2
5037,1
5038,3
5039,2
5040,1
5041,1
5042,2
5043,0
5044,0
5045,2
5046,1
5047,0
5048,1
5049,2
5050,0
5051,1
5052,2
5053,0
5054,1
5055,1
5056,2
5057,1
5058,2
5059,2
5060,1
5061,1
5062,3
5063,2
5064,2
5065,0
5066,2
5067,1
5068,0
5069,1
5070,0
5071,1
5072,1
5073,0
5074,1
5075,1
5076,2
5077,4
5078,1
5079,3
5080,1
5081,0
5082,3
5083,1
5084,2
5085,1
5086,1
5087,2
5088,0
5089,2
5090,1
5091,1
5092,1
5093,1
5094,1
5095,2
5096,1
5097,1
5098,1
5099,4
5100,3
5101,2
5102,1
5103,0
5104,1
5105,3
5106,0
5107,2
5108,1
5109,2
5110,1
5111,0
5112,1
5113,0
5114,1
5115,1
5116,1
5117,1
5118,1
5119,0
5120,1
5121,1
5122,2
5123,1
5124,1
5125,1
5126,2
5127,0
5128,2
5129,0
5130,0
5131,2
5132,2
5133,2
5134,1
5135,0
5136,3
5137,2
5138,1
5139,2
5140,0
5141,1
5142,2
5143,1
5144,0
5145,1
5146,3
5147,1
5148,3
5149,1
5150,2
5151,1
5152,1
5153,2
5154,0
5155,0
5156,1
5157,1
5158,1
5159,1
5160,1
5161,1
5162,1
5163,0
5164,0
5165,0
5166,0
5167,3
5168,1
5169,2
5170,1
5171,3
5172,2
5173,0
5174,1
5175,1
5176,4
5177,0
5178,1
5179,0
5180,1
5181,1
5182,2
5183,0
5184,1
5185,1
5186,1
5187,2
5188,0
5189,1
5190,1
5191,2
5192,2
5193,1
5194,1
5195,2
5196,0
5197,1
5198,1
5199,1
5200,1
5201,1
5202,0
5203,1
5204,0
5205,2
5206,1
5207,1
5208,3
5209,2
5210,1
5211,2
5212,1
5213,1
5214,1
5215,0
5216,0
5217,1
5218,0
5219,0
5220,2
5221,2
5222,1
5223,1
5224,0
5225,1
5226,2
5227,2
5228,0
5229,0
5230,1
5231,1
5232,2
5233,1
5234,0
5235,1
5236,1
5237,0
5238,1
5239,0
5240,1
5241,2
5242,0
5243,3
5244,0
5245,1
5246,3
5247,0
5248,0
5249,1
5250,3
5251,3
5252,2
5253,0
5254,1
5255,2
5256,1
5257,1
5258,1
5259,2
5260,0
5261,3
5262,0
5263,3
5264,2
5265,1
5266,2
5267,2
5268,3
5269,0
5270,1
5271,3
5272,1
5273,2
5274,0
5275,2
5276,1
5277,1
5278,1
5279,2
5280,3
5281,0
5282,1
5283,2
5284,1
5285,0
5286,1
5287,3
5288,1
5289,1
5290,0
5291,0
5292,0
5293,2
5294,1
5295,1
5296,2
5297,1
5298,1
5299,1
5300,2
5301,1
5302,2
5303,2
5304,0
5305,3
5306,0
5307,1
5308,0
5309,3
5310,1
5311,1
5312,2
5313,0
5314,1
5315,1
5316,2
5317,2
5318,1
5319,1
5320,2
5321,0
5322,0
5323,3
5324,1
5325,1
5326,2
5327,1
5328,2
5329,2
5330,2
5331,1
5332,0
5333,2
5334,0
5335,3
5336,0
5337,0
5338,0
5339,2
5340,2
5341,1
5342,1
5343,2
5344,1
5345,1
5346,2
5347,3
5348,0
5349,2
5350,1
5351,1
5352,1
5353,1
5354,0
5355,1
5356,2
5357,1
5358,2
5359,1
5360,1
5361,1
5362,0
5363,2
5364,0
5365,1
5366,1
5367,0
5368,0
5369,1
5370,1
5371,1
5372,2
5373,1
5374,1
5375,1
5376,1
5377,1
5378,2
5379,1
5380,3
5381,2
5382,2
5383,0
5384,2
5385,1
5386,2
5387,1
5388,0
5389,2
5390,0
5391,1
5392,2
5393,1
5394,1
5395,1
5396,1
5397,1
5398,0
5399,0
5400,0
5401,1
5402,2
5403,1
5404,2
5405,1
5406,2
5407,2
5408,0
5409,1
5410,2
5411,0
5412,1
5413,3
5414,3
5415,1
5416,2
5417,0
5418,2
5419,1
5420,2
5421,2
5422,1
5423,0
5424,1
5425,1
5426,2
5427,2
5428,1
5429,0
5430,1
5431,0
5432,2
5433,0
5434,1
5435,1
5436,1
5437,0
5438,1
5439,1
5440,1
5441,1
5442,2
5443,0
5444,1
5445,2
5446,2
5447,1
5448,0
5449,1
5450,2
5451,2
5452,0
5453,2
5454,2
5455,0
5456,2
5457,1
5458,1
5459,2
5460,0
5461,2
5462,1
5463,2
5464,3
5465,1
5466,0
5467,2
5468,1
5469,0
5470,0
5471,0
5472,1
5473,2
5474,0
5475,0
5476,1
5477,1
5478,0
5479,1
5480,1
5481,1
5482,2
5483,1
5484,2
5485,2
5486,2
5487,0
5488,1
5489,1
5490,2
5491,1
5492,2
5493,2
5494,1
5495,1
5496,0
5497,1
5498,3
5499,0
5500,1
5501,0
5502,0
5503,1
5504,3
5505,0
5506,0
5507,1
5508,2
5509,1
5510,0
5511,1
5512,2
5513,2
5514,1
5515,1
5516,1
5517,2
5518,2
5519,2
5520,1
5521,0
5522,1
5523,0
5524,0
5525,0
5526,0
5527,0
5528,1
5529,1
5530,2
5531,1
5532,1
5533,3
5534,1
5535,1
5536,1
5537,1
5538,1
5539,1
5540,1
5541,2
5542,0
5543,2
5544,0
5545,3
5546,2
5547,0
5548,1
5549,2
5550,3
5551,1
5552,2
5553,1
5554,3
5555,1
5556,0
5557,1
5558,1
5559,1
5560,2
5561,0
5562,2
5563,1
5564,1
5565,1
5566,2
5567,2
5568,1
5569,1
5570,1
5571,2
5572,1
5573,1
5574,2
5575,1
5576,0
5577,2
5578,1
5579,2
5580,1
5581,2
5582,1
5583,1
5584,1
5585,2
5586,1
5587,1
5588,1
5589,0
5590,2
5591,2
5592,1
5593,1
5594,1
5595,2
5596,0
5597,1
5598,1
5599,1
5600,1
5601,1
5602,4
5603,1
5604,0
5605,1
5606,2
5607,2
5608,0
5609,2
5610,2
5611,1
5612,0
5613,1
5614,2
5615,0
5616,2
5617,1
5618,2
5619,2
5620,2
5621,2
5622,1
5623,2
5624,0
5625,2
5626,1
5627,1
5628,0
5629,0
5630,0
5631,0
5632,1
5633,2
5634,1
5635,1
5636,1
5637,3
5638,0
5639,1
5640,2
5641,2
5642,2
5643,0
5644,0
5645,2
5646,0
5647,0
5648,1
5649,1
5650,0
5651,1
5652,2
5653,0
5654,1
5655,1
5656,0
5657,1
5658,1
5659,2
5660,1
5661,1
5662,1
5663,0
5664,2
5665,1
5666,2
5667,0
5668,1
5669,1
5670,2
5671,1
5672,1
5673,2
5674,1
5675,0
5676,0
5677,1
5678,3
5679,0
5680,2
5681,0
5682,1
5683,1
5684,0
5685,1
5686,1
5687,2
5688,1
5689,2
5690,0
5691,0
5692,2
5693,1
5694,3
5695,0
5696,3
5697,3
5698,1
5699,2
5700,0
5701,1
5702,1
5703,2
5704,1
5705,2
5706,1
5707,0
5708,1
5709,0
5710,0
5711,0
5712,2
5713,2
5714,2
5715,1
5716,3
5717,1
5718,1
5719,0
5720,0
5721,2
5722,1
5723,1
5724,0
5725,1
5726,2
5727,2
5728,2
5729,2
5730,0
5731,2
5732,1
5733,1
5734,2
5735,1
5736,2
5737,0
5738,1
5739,2
5740,1
5741,1
5742,1
5743,1
5744,0
5745,2
5746,1
5747,1
5748,1
5749,1
5750,2
5751,1
5752,1
5753,2
5754,1
5755,1
5756,1
5757,3
5758,1
5759,1
5760,2
5761,0
5762,1
5763,1
5764,1
5765,2
5766,0
5767,0
5768,2
5769,0
5770,2
5771,0
5772,1
5773,0
5774,1
5775,0
5776,2
5777,1
5778,0
5779,2
5780,1
5781,0
5782,2
5783,1
5784,1
5785,0
5786,0
5787,1
5788,0
5789,0
5790,1
5791,1
5792,2
5793,0
5794,1
5795,1
5796,2
5797,1
5798,1
5799,2
5800,1
5801,0
5802,0
5803,2
5804,1
5805,1
5806,2
5807,1
5808,3
5809,2
5810,1
5811,0
5812,1
5813,1
5814,4
5815,1
5816,2
5817,0
5818,1
5819,2
5820,0
5821,2
5822,1
5823,1
5824,1
5825,2
5826,0
5827,1
5828,1
5829,1
5830,1
5831,0
5832,1
5833,2
5834,1
5835,0
5836,3
5837,2
5838,1
5839,1
5840,1
5841,1
5842,0
5843,1
5844,1
5845,1
5846,0
5847,1
5848,0
5849,2
5850,1
5851,0
5852,2
5853,2
5854,2
5855,1
5856,1
5857,1
5858,1
5859,0
5860,1
5861,1
5862,1
5863,2
5864,1
5865,1
5866,1
5867,0
5868,0
5869,0
5870,2
5871,2
5872,0
5873,2
5874,0
5875,1
5876,2
5877,2
5878,2
5879,0
5880,1
5881,3
5882,1
5883,1
5884,1
5885,0
5886,2
5887,0
5888,1
5889,1
5890,3
5891,2
5892,1
5893,2
5894,2
5895,1
5896,1
5897,0
5898,0
5899,1
5900,2
5901,2
5902,1
5903,1
5904,3
5905,0
5906,0
5907,1
5908,1
5909,2
5910,1
5911,2
5912,1
5913,1
5914,0
5915,1
5916,0
5917,1
5918,3
5919,2
5920,1
5921,2
5922,2
5923,1
5924,2
5925,0
5926,1
5927,1
5928,0
5929,0
5930,1
5931,1
5932,1
5933,2
5934,2
5935,3
5936,1
5937,2
5938,1
5939,0
5940,0
5941,1
5942,0
5943,1
5944,1
5945,1
5946,1
5947,2
5948,2
5949,2
5950,0
5951,2
5952,2
5953,2
5954,3
5955,2
5956,1
5957,0
5958,1
5959,0
5960,0
5961,1
5962,1
5963,1
5964,1
5965,0
5966,0
5967,3
5968,1
5969,1
5970,0
5971,2
5972,2
5973,1
5974,2
5975,1
5976,2
5977,1
5978,2
5979,2
5980,0
5981,1
5982,1
5983,0
5984,1
5985,2
5986,1
5987,2
5988,0
5989,2
5990,1
5991,1
5992,2
5993,1
5994,2
5995,0
5996,2
5997,1
5998,1
5999,1
6000,2
6001,1
6002,0
6003,1
6004,1
6005,0
6006,1
6007,2
6008,1
6009,2
6010,2
6011,1
6012,1
6013,0
6014,1
6015,1
6016,2
6017,1
6018,0
6019,1
6020,1
6021,1
6022,2
6023,3
6024,1
6025,2
6026,3
6027,0
6028,2
6029,3
6030,1
6031,0
6032,2
6033,0
6034,3
6035,1
6036,2
6037,1
6038,1
6039,0
6040,1
6041,1
6042,0
6043,0
6044,2
6045,1
6046,2
6047,2
6048,1
6049,0
6050,2
6051,1
6052,1
6053,1
6054,2
6055,0
6056,2
6057,0
6058,3
6059,2
6060,3
6061,1
6062,0
6063,1
6064,2
6065,1
6066,1
6067,2
6068,1
6069,1
6070,2
6071,1
6072,0
6073,1
6074,2
6075,1
6076,0
6077,0
6078,0
6079,1
6080,1
6081,1
6082,3
6083,0
6084,1
6085,0
6086,0
6087,0
6088,0
6089,1
6090,1
6091,1
6092,0
6093,1
6094,1
6095,2
6096,1
6097,1
6098,3
6099,1
6100,1
6101,2
6102,1
6103,0
6104,1
6105,2
6106,2
6107,0
6108,0
6109,1
6110,2
6111,1
6112,0
6113,2
6114,2
6115,1
6116,3
6117,2
6118,3
6119,1
6120,3
6121,0
6122,2
6123,1
6124,1
6125,2
6126,0
6127,1
6128,0
6129,0
6130,0
6131,1
6132,1
6133,0
6134,2
6135,1
6136,2
6137,1
6138,1
6139,2
6140,1
6141,1
6142,0
6143,1
6144,1
6145,2
6146,2
6147,2
6148,2
6149,2
6150,2
6151,2
6152,1
6153,0
6154,1
6155,1
6156,1
6157,1
6158,3
6159,1
6160,1
6161,1
6162,2
6163,0
6164,2
6165,3
6166,2
6167,0
6168,1
6169,1
6170,0
6171,1
6172,0
6173,0
6174,0
6175,2
6176,2
6177,0
6178,2
6179,1
6180,0
6181,0
6182,2
6183,0
6184,0
6185,1
6186,1
6187,0
6188,1
6189,1
6190,3
6191,2
6192,2
6193,2
6194,2
6195,1
6196,1
6197,0
6198,2
6199,1
6200,0
6201,0
6202,0
6203,2
6204,1
6205,2
6206,1
6207,0
6208,0
6209,2
6210,3
6211,1
6212,1
6213,2
6214,1
6215,1
6216,1
6217,1
6218,2
6219,2
6220,0
6221,2
6222,2
6223,2
6224,1
6225,2
6226,2
6227,2
6228,2
6229,0
6230,0
6231,2
6232,1
6233,2
6234,0
6235,0
6236,2
6237,0
6238,1
6239,2
6240,1
6241,2
6242,1
6243,2
6244,2
6245,0
6246,1
6247,1
6248,1
6249,1
6250,2
6251,1
6252,3
6253,2
6254,0
6255,1
6256,1
6257,0
6258,2
6259,2
6260,2
6261,0
6262,1
6263,2
6264,0
6265,1
6266,2
6267,1
6268,1
6269,2
6270,3
6271,1
6272,0
6273,0
6274,1
6275,1
6276,1
6277,1
6278,1
6279,0
6280,0
6281,1
6282,0
6283,2
6284,3
6285,3
6286,2
6287,1
6288,0
6289,0
6290,2
6291,1
6292,1
6293,0
6294,1
6295,1
6296,1
6297,0
6298,1
6299,2
6300,1
6301,0
6302,2
6303,1
6304,1
6305,0
6306,0
6307,1
6308,1
6309,2
6310,2
6311,2
6312,3
6313,1
6314,1
6315,1
6316,1
6317,4
6318,0
6319,1
6320,2
6321,1
6322,2
6323,1
6324,0
6325,1
6326,1
6327,1
6328,3
6329,2
6330,3
6331,1
6332,1
6333,1
6334,1
6335,1
6336,1
6337,1
6338,1
6339,1
6340,1
6341,2
6342,1
6343,0
6344,0
6345,1
6346,3
6347,0
6348,1
6349,0
6350,1
6351,0
6352,2
6353,0
6354,2
6355,3
6356,1
6357,1
6358,2
6359,1
6360,1
6361,2
6362,0
6363,2
6364,0
6365,2
6366,2
6367,0
6368,1
6369,1
6370,1
6371,2
6372,0
6373,1
6374,2
6375,0
6376,0
6377,2
6378,1
6379,2
6380,1
6381,0
6382,1
6383,0
6384,0
6385,0
6386,2
6387,1
6388,3
6389,1
6390,2
6391,1
6392,2
6393,1
6394,2
6395,0
6396,2
6397,0
6398,2
6399,3
6400,2
6401,2
6402,0
6403,0
6404,2
6405,0
6406,2
6407,1
6408,1
6409,2
6410,2
6411,1
6412,3
6413,0
6414,2
6415,0
6416,1
6417,0
6418,1
6419,0
6420,0
6421,0
6422,1
6423,1
6424,0
6425,1
6426,1
6427,1
6428,0
6429,1
6430,0
6431,1
6432,1
6433,1
6434,3
6435,1
6436,0
6437,0
6438,1
6439,1
6440,2
6441,1
6442,1
6443,2
6444,0
6445,2
6446,2
6447,1
6448,3
6449,1
6450,1
6451,0
6452,1
6453,1
6454,1
6455,0
6456,1
6457,0
6458,3
6459,1
6460,1
6461,1
6462,2
6463,1
6464,4
6465,0
6466,1
6467,2
6468,2
6469,2
6470,1
6471,0
6472,0
6473,1
6474,1
6475,2
6476,2
6477,0
6478,0
6479,1
6480,1
6481,1
6482,2
6483,2
6484,1
6485,0
6486,1
6487,0
6488,2
6489,1
6490,0
6491,0
6492,2
6493,1
6494,1
6495,1
6496,0
6497,1
6498,3
6499,0
6500,2
6501,0
6502,1
6503,1
6504,1
6505,0
6506,0
6507,0
6508,1
6509,1
6510,1
6511,1
6512,2
6513,1
6514,1
6515,2
6516,2
6517,1
6518,2
6519,2
6520,2
6521,2
6522,4
6523,1
6524,2
6525,1
6526,0
6527,0
6528,2
6529,2
6530,1
6531,2
6532,2
6533,1
6534,2
6535,1
6536,1
6537,2
6538,0
6539,1
6540,1
6541,2
6542,1
6543,0
6544,2
6545,0
6546,2
6547,1
6548,1
6549,1
6550,1
6551,1
6552,1
6553,2
6554,0
6555,1
6556,1
6557,0
6558,0
6559,2
6560,1
6561,1
6562,1
6563,2
6564,1
6565,0
6566,1
6567,0
6568,0
6569,2
6570,1
6571,3
6572,1
6573,1
6574,0
6575,2
6576,1
6577,1
6578,2
6579,0
6580,2
6581,1
6582,1
6583,1
6584,1
6585,1
6586,2
6587,1
6588,1
6589,3
6590,1
6591,2
6592,1
6593,3
6594,1
6595,2
6596,2
6597,0
6598,2
6599,0
6600,2
6601,2
6602,1
6603,2
6604,1
6605,0
6606,0
6607,0
6608,2
6609,3
6610,1
6611,1
6612,1
6613,1
6614,2
6615,0
6616,0
6617,1
6618,2
6619,1
6620,0
6621,1
6622,2
6623,0
6624,2
6625,0
6626,2
6627,0
6628,2
6629,0
6630,1
6631,0
6632,0
6633,0
6634,2
6635,0
6636,2
6637,1
6638,1
6639,0
6640,3
6641,1
6642,3
6643,2
6644,0
6645,1
6646,0
6647,2
6648,2
6649,0
6650,1
6651,1
6652,1
6653,0
6654,0
6655,2
6656,2
6657,2
6658,1
6659,2
6660,2
6661,1
6662,2
6663,1
6664,1
6665,0
6666,1
6667,2
6668,3
6669,1
6670,2
6671,1
6672,0
6673,3
6674,0
6675,2
6676,3
6677,1
6678,1
6679,3
6680,1
6681,1
6682,0
6683,0
6684,1
6685,0
6686,1
6687,3
6688,1
6689,1
6690,2
6691,1
6692,2
6693,2
6694,2
6695,1
6696,2
6697,0
6698,0
6699,0
6700,3
6701,1
6702,1
6703,1
6704,1
6705,1
6706,1
6707,1
6708,2
6709,3
6710,0
6711,2
6712,0
6713,2
6714,0
6715,2
6716,2
6717,0
6718,2
6719,0
6720,0
6721,1
6722,2
6723,0
6724,2
6725,2
6726,2
6727,1
6728,1
6729,1
6730,0
6731,2
6732,0
6733,1
6734,1
6735,1
6736,0
6737,0
6738,0
6739,0
6740,1
6741,0
6742,1
6743,0
6744,2
6745,1
6746,1
6747,0
6748,1
6749,0
6750,2
6751,2
6752,1
6753,1
6754,1
6755,2
6756,0
6757,1
6758,1
6759,2
6760,0
6761,0
6762,2
6763,3
6764,1
6765,0
6766,1
6767,0
6768,1
6769,2
6770,2
6771,3
6772,1
6773,3
6774,0
6775,2
6776,1
6777,1
6778,1
6779,0
6780,2
6781,1
6782,0
6783,2
6784,0
6785,1
6786,1
6787,1
6788,1
6789,1
6790,2
6791,1
6792,2
6793,0
6794,2
6795,2
6796,3
6797,0
6798,0
6799,2
6800,1
6801,1
6802,2
6803,1
6804,2
6805,2
6806,0
6807,1
6808,2
6809,2
6810,3
6811,2
6812,0
6813,2
6814,0
6815,3
6816,0
6817,1
6818,1
6819,1
6820,3
6821,0
6822,2
6823,2
6824,0
6825,1
6826,2
6827,1
6828,1
6829,1
6830,1
6831,1
6832,1
6833,1
6834,1
6835,1
6836,0
6837,0
6838,1
6839,2
6840,2
6841,2
6842,0
6843,0
6844,0
6845,2
6846,1
6847,0
6848,2
6849,1
6850,0
6851,1
6852,1
6853,0
6854,2
6855,0
6856,2
6857,1
6858,0
6859,0
6860,1
6861,2
6862,1
6863,1
6864,2
6865,3
6866,1
6867,2
6868,1
6869,2
6870,1
6871,1
6872,1
6873,1
6874,1
6875,1
6876,0
6877,3
6878,0
6879,1
6880,1
6881,2
6882,2
6883,0
6884,1
6885,3
6886,0
6887,2
6888,1
6889,0
6890,1
6891,1
6892,1
6893,1
6894,1
6895,3
6896,1
6897,0
6898,1
6899,2
6900,1
6901,0
6902,1
6903,2
6904,0
6905,2
6906,2
6907,2
6908,0
6909,0
6910,1
6911,0
6912,1
6913,1
6914,0
6915,1
6916,0
6917,0
6918,0
6919,1
6920,1
6921,0
6922,1
6923,2
6924,1
6925,0
6926,1
6927,2
6928,0
6929,0
6930,2
6931,1
6932,0
6933,0
6934,0
6935,0
6936,2
6937,1
6938,1
6939,1
6940,1
6941,0
6942,0
6943,0
6944,1
6945,0
6946,0
6947,2
6948,2
6949,0
6950,0
6951,0
6952,1
6953,1
6954,2
6955,2
6956,2
6957,0
6958,1
6959,1
6960,1
6961,2
6962,1
6963,1
6964,1
6965,1
6966,1
6967,1
6968,2
6969,1
6970,0
6971,0
6972,0
6973,2
6974,0
6975,2
6976,1
6977,3
6978,2
6979,1
6980,1
6981,1
6982,2
6983,0
6984,2
6985,0
6986,0
6987,1
6988,1
6989,1
6990,1
6991,1
6992,1
6993,0
6994,2
6995,0
6996,3
6997,2
6998,1
6999,2
7000,1
7001,0
7002,1
7003,1
7004,1
7005,1
7006,2
7007,3
7008,2
7009,1
7010,2
7011,0
7012,1
7013,3
7014,2
7015,2
7016,1
7017,0
7018,2
7019,2
7020,2
7021,0
7022,1
7023,2
7024,2
7025,1
7026,2
7027,1
7028,1
7029,1
7030,0
7031,1
7032,0
7033,2
7034,2
7035,1
7036,1
7037,2
7038,1
7039,0
7040,1
7041,2
7042,1
7043,1
7044,2
7045,3
7046,0
7047,2
7048,2
7049,1
7050,1
7051,2
7052,2
7053,0
7054,2
7055,2
7056,0
7057,1
7058,1
7059,2
7060,1
7061,1
7062,1
7063,2
7064,2
7065,1
7066,2
7067,1
7068,0
7069,2
7070,1
7071,0
7072,1
7073,1
7074,0
7075,0
7076,2
7077,2
7078,0
7079,0
7080,3
7081,1
7082,1
7083,1
7084,2
7085,0
7086,1
7087,2
7088,0
7089,1
7090,2
7091,2
7092,0
7093,2
7094,1
7095,1
7096,1
7097,0
7098,1
7099,1
7100,1
7101,0
7102,0
7103,1
7104,3
7105,1
7106,2
7107,1
7108,1
7109,0
7110,2
7111,0
7112,1
7113,1
7114,1
7115,1
7116,2
7117,1
7118,1
7119,2
7120,2
7121,0
7122,1
7123,1
7124,1
7125,2
7126,1
7127,2
7128,0
7129,3
7130,0
7131,1
7132,1
7133,1
7134,0
7135,1
7136,1
7137,1
7138,0
7139,1
7140,0
7141,3
7142,0
7143,1
7144,1
7145,1
7146,2
7147,1
7148,1
7149,1
7150,0
7151,2
7152,1
7153,1
7154,2
7155,1
7156,0
7157,1
7158,3
7159,1
7160,3
7161,1
7162,1
7163,0
7164,1
7165,2
7166,2
7167,0
7168,1
7169,2
7170,1
7171,0
7172,2
7173,2
7174,0
7175,1
7176,1
7177,1
7178,0
7179,1
7180,2
7181,4
7182,2
7183,0
7184,1
7185,2
7186,2
7187,0
7188,2
7189,1
7190,1
7191,2
7192,2
7193,1
7194,1
7195,1
7196,1
7197,2
7198,1
7199,0
7200,2
7201,3
7202,2
7203,1
7204,2
7205,1
7206,2
7207,0
7208,2
7209,1
7210,0
7211,0
7212,2
7213,2
7214,1
7215,2
7216,3
7217,3
7218,1
7219,0
7220,2
7221,2
7222,2
7223,0
7224,1
7225,1
7226,0
7227,2
7228,1
7229,1
7230,1
7231,3
7232,2
7233,0
7234,1
7235,2
7236,1
7237,0
7238,0
7239,2
7240,0
7241,1
7242,2
7243,1
7244,1
7245,2
7246,1
7247,0
7248,1
7249,2
7250,2
7251,2
7252,2
7253,1
7254,2
7255,0
7256,0
7257,2
7258,2
7259,2
7260,2
7261,1
7262,3
7263,2
7264,2
7265,2
7266,2
7267,1
7268,2
7269,2
7270,3
7271,0
7272,2
7273,1
7274,2
7275,2
7276,1
7277,1
7278,0
7279,2
7280,0
7281,0
7282,1
7283,3
7284,2
7285,2
7286,0
7287,2
7288,1
7289,2
7290,0
7291,1
7292,1
7293,1
7294,1
7295,1
7296,1
7297,1
7298,0
7299,1
7300,1
7301,1
7302,1
7303,1
7304,2
7305,2
7306,2
7307,0
7308,0
7309,1
7310,2
7311,0
7312,1
7313,0
7314,1
7315,1
7316,1
7317,1
7318,1
7319,0
7320,0
7321,1
7322,2
7323,2
7324,2
7325,0
7326,2
7327,1
7328,1
7329,1
7330,1
7331,1
7332,2
7333,1
7334,0
7335,2
7336,3
7337,2
7338,3
7339,1
7340,0
7341,2
7342,1
7343,2
7344,1
7345,0
7346,0
7347,1
7348,1
7349,1
7350,2
7351,1
7352,1
7353,0
7354,1
7355,2
7356,3
7357,2
7358,2
7359,1
7360,0
7361,1
7362,2
7363,1
7364,1
7365,0
7366,1
7367,1
7368,1
7369,2
7370,1
7371,1
7372,2
7373,0
7374,0
7375,3
7376,0
7377,2
7378,0
7379,2
7380,1
7381,1
7382,2
7383,2
7384,4
7385,2
7386,3
7387,5
7388,1
7389,0
7390,1
7391,2
7392,1
7393,2
7394,1
7395,2
7396,2
7397,2
7398,0
7399,0
7400,2
7401,1
7402,2
7403,0
7404,0
7405,0
7406,2
7407,1
7408,2
7409,1
7410,1
7411,1
7412,1
7413,0
7414,0
7415,2
7416,1
7417,1
7418,0
7419,0
7420,1
7421,0
7422,1
7423,1
7424,1
7425,2
7426,1
7427,0
7428,0
7429,1
7430,2
7431,0
7432,1
7433,2
7434,2
7435,0
7436,1
7437,2
7438,1
7439,0
7440,0
7441,1
7442,2
7443,1
7444,1
7445,2
7446,0
7447,1
7448,3
7449,1
7450,0
7451,1
7452,1
7453,0
7454,2
7455,2
7456,1
7457,1
7458,2
7459,0
7460,1
7461,2
7462,1
7463,3
7464,1
7465,2
7466,0
7467,0
7468,1
7469,1
7470,1
7471,1
7472,0
7473,0
7474,2
7475,1
7476,2
7477,1
7478,1
7479,1
7480,1
7481,1
7482,1
7483,2
7484,1
7485,1
7486,3
7487,2
7488,1
7489,1
7490,2
7491,2
7492,1
7493,1
7494,3
7495,0
7496,1
7497,2
7498,1
7499,3
7500,1
7501,0
7502,1
7503,1
7504,1
7505,0
7506,2
7507,1
7508,0
7509,2
7510,2
7511,1
7512,1
7513,1
7514,3
7515,1
7516,2
7517,1
7518,1
7519,0
7520,0
7521,2
7522,1
7523,1
7524,1
7525,0
7526,3
7527,1
7528,1
7529,0
7530,2
7531,1
7532,0
7533,2
7534,1
7535,1
7536,0
7537,2
7538,0
7539,0
7540,0
7541,2
7542,1
7543,2
7544,2
7545,3
7546,1
7547,1
7548,0
7549,2
7550,1
7551,3
7552,0
7553,0
7554,0
7555,1
7556,0
7557,0
7558,1
7559,1
7560,0
7561,1
7562,0
7563,1
7564,2
7565,0
7566,2
7567,1
7568,0
7569,1
7570,2
7571,2
7572,0
7573,1
7574,1
7575,1
7576,1
7577,1
7578,0
7579,1
7580,1
7581,2
7582,1
7583,1
7584,1
7585,1
7586,4
7587,1
7588,0
7589,0
7590,1
7591,2
7592,1
7593,1
7594,1
7595,1
7596,1
7597,2
7598,2
7599,3
7600,2
7601,0
7602,2
7603,2
7604,2
7605,1
7606,1
7607,2
7608,2
7609,1
7610,2
7611,2
7612,1
7613,1
7614,1
7615,2
7616,1
7617,0
7618,1
7619,2
7620,0
7621,3
7622,2
7623,2
7624,1
7625,1
7626,1
7627,0
7628,2
7629,1
7630,1
7631,0
7632,2
7633,2
7634,1
7635,0
7636,1
7637,3
7638,1
7639,1
7640,1
7641,1
7642,1
7643,0
7644,1
7645,2
7646,2
7647,1
7648,2
7649,2
7650,1
7651,0
7652,1
7653,0
7654,1
7655,2
7656,0
7657,1
7658,1
7659,1
7660,2
7661,2
7662,1
7663,1
7664,2
7665,1
7666,1
7667,2
7668,0
7669,1
7670,0
7671,2
7672,3
7673,1
7674,2
7675,1
7676,1
7677,2
7678,2
7679,2
7680,1
7681,1
7682,0
7683,1
7684,2
7685,2
7686,1
7687,0
7688,3
7689,2
7690,1
7691,1
7692,1
7693,1
7694,0
7695,1
7696,1
7697,1
7698,1
7699,0
7700,3
7701,1
7702,0
7703,1
7704,2
7705,1
7706,1
7707,2
7708,2
7709,2
7710,1
7711,2
7712,0
7713,1
7714,0
7715,2
7716,2
7717,2
7718,2
7719,0
7720,1
7721,0
7722,2
7723,3
7724,2
7725,2
7726,0
7727,0
7728,0
7729,1
7730,0
7731,2
7732,2
7733,2
7734,1
7735,2
7736,1
7737,1
7738,2
7739,1
7740,1
7741,1
7742,2
7743,0
7744,1
7745,3
7746,1
7747,1
7748,1
7749,1
7750,1
7751,2
7752,1
7753,1
7754,0
7755,1
7756,2
7757,1
7758,1
7759,1
7760,0
7761,1
7762,1
7763,3
7764,1
7765,1
7766,1
7767,1
7768,1
7769,1
7770,1
7771,1
7772,2
7773,2
7774,2
7775,3
7776,0
7777,1
7778,1
7779,1
7780,1
7781,1
7782,0
7783,1
7784,2
7785,1
7786,1
7787,3
7788,0
7789,3
7790,1
7791,1
7792,1
7793,1
7794,2
7795,1
7796,2
7797,2
7798,2
7799,0
7800,2
7801,3
7802,2
7803,1
7804,2
7805,2
7806,1
7807,1
7808,1
7809,1
7810,0
7811,1
7812,0
7813,1
7814,2
7815,0
7816,1
7817,1
7818,2
7819,0
7820,0
7821,0
7822,0
7823,1
7824,1
7825,1
7826,2
7827,3
7828,2
7829,1
7830,1
7831,2
7832,0
7833,0
7834,3
7835,3
7836,0
7837,1
7838,3
7839,0
7840,1
7841,0
7842,1
7843,0
7844,1
7845,0
7846,0
7847,1
7848,0
7849,1
7850,1
7851,0
7852,1
7853,2
7854,1
7855,0
7856,1
7857,1
7858,0
7859,1
7860,1
7861,1
7862,0
7863,0
7864,1
7865,0
7866,2
7867,0
7868,2
7869,0
7870,1
7871,0
7872,1
7873,1
7874,3
7875,2
7876,3
7877,1
7878,3
7879,1
7880,4
7881,1
7882,3
7883,1
7884,2
7885,0
7886,2
7887,2
7888,1
7889,0
7890,0
7891,1
7892,0
7893,1
7894,0
7895,0
7896,2
7897,1
7898,0
7899,1
7900,2
7901,2
7902,2
7903,1
7904,3
7905,0
7906,2
7907,2
7908,2
7909,0
7910,3
7911,2
7912,3
7913,2
7914,2
7915,0
7916,1
7917,2
7918,1
7919,0
7920,2
7921,0
7922,2
7923,2
7924,2
7925,1
7926,0
7927,1
7928,0
7929,1
7930,2
7931,1
7932,1
7933,0
7934,2
7935,1
7936,2
7937,3
7938,2
7939,1
7940,2
7941,1
7942,0
7943,1
7944,0
7945,2
7946,1
7947,2
7948,1
7949,1
7950,0
7951,1
7952,0
7953,1
7954,2
7955,1
7956,3
7957,1
7958,2
7959,1
7960,0
7961,1
7962,1
7963,1
7964,0
7965,2
7966,2
7967,1
7968,1
7969,1
7970,0
7971,2
7972,2
7973,1
7974,1
7975,1
7976,1
7977,3
7978,0
7979,0
7980,1
7981,0
7982,0
7983,2
7984,0
7985,0
7986,1
7987,1
7988,1
7989,1
7990,1
7991,0
7992,2
7993,1
7994,0
7995,1
7996,2
7997,1
7998,2
7999,2
8000,1
8001,0
8002,1
8003,2
8004,2
8005,3
8006,0
8007,0
8008,2
8009,0
8010,1
8011,2
8012,0
8013,0
8014,1
8015,2
8016,1
8017,2
8018,0
8019,1
8020,3
8021,2
8022,2
8023,3
8024,2
8025,1
8026,1
8027,0
8028,2
8029,1
8030,0
8031,1
8032,0
8033,1
8034,0
8035,1
8036,0
8037,1
8038,1
8039,2
8040,1
8041,1
8042,2
8043,2
8044,0
8045,1
8046,1
8047,1
8048,1
8049,1
8050,0
8051,0
8052,1
8053,0
8054,0
8055,1
8056,2
8057,0
8058,0
8059,2
8060,0
8061,2
8062,2
8063,2
8064,1
8065,3
8066,1
8067,1
8068,1
8069,2
8070,2
8071,0
8072,0
8073,1
8074,0
8075,2
8076,2
8077,1
8078,1
8079,2
8080,2
8081,2
8082,0
8083,0
8084,2
8085,1
8086,0
8087,0
8088,1
8089,1
8090,2
8091,1
8092,1
8093,2
8094,2
8095,1
8096,0
8097,2
8098,0
8099,1
8100,2
8101,1
8102,2
8103,1
8104,1
8105,2
8106,1
8107,1
8108,2
8109,1
8110,1
8111,2
8112,1
8113,0
8114,0
8115,2
8116,2
8117,2
8118,1
8119,0
8120,0
8121,2
8122,0
8123,0
8124,1
8125,1
8126,2
8127,1
8128,1
8129,2
8130,0
8131,1
8132,0
8133,1
8134,0
8135,0
8136,0
8137,1
8138,1
8139,1
8140,0
8141,2
8142,1
8143,1
8144,1
8145,1
8146,2
8147,0
8148,0
8149,1
8150,2
8151,1
8152,1
8153,1
8154,2
8155,1
8156,3
8157,3
8158,0
8159,0
8160,0
8161,1
8162,1
8163,1
8164,1
8165,1
8166,2
8167,3
8168,1
8169,0
8170,1
8171,3
8172,0
8173,1
8174,0
8175,2
8176,1
8177,0
8178,1
8179,3
8180,2
8181,1
8182,1
8183,4
8184,0
8185,1
8186,0
8187,0
8188,1
8189,1
8190,0
8191,1
8192,0
8193,2
8194,0
8195,1
8196,1
8197,2
8198,3
8199,1
8200,3
8201,0
8202,0
8203,3
8204,0
8205,1
8206,1
8207,1
8208,3
8209,1
8210,1
8211,2
8212,1
8213,3
8214,2
8215,1
8216,3
8217,1
8218,2
8219,0
8220,3
8221,1
8222,0
8223,1
8224,2
8225,0
8226,1
8227,5
8228,1
8229,0
8230,1
8231,1
8232,0
8233,0
8234,1
8235,0
8236,2
8237,1
8238,1
8239,2
8240,1
8241,2
8242,1
8243,0
8244,1
8245,1
8246,1
8247,0
8248,1
8249,2
8250,1
8251,1
8252,1
8253,2
8254,1
8255,2
8256,1
8257,0
8258,2
8259,2
8260,1
8261,1
8262,0
8263,1
8264,1
8265,0
8266,1
8267,2
8268,2
8269,2
8270,2
8271,1
8272,1
8273,0
8274,1
8275,3
8276,1
8277,1
8278,1
8279,3
8280,1
8281,3
8282,1
8283,1
8284,1
8285,1
8286,2
8287,1
8288,1
8289,2
8290,0
8291,0
8292,1
8293,2
8294,1
8295,2
8296,1
8297,2
8298,2
8299,1
8300,2
8301,0
8302,0
8303,1
8304,1
8305,3
8306,1
8307,3
8308,1
8309,1
8310,1
8311,1
8312,1
8313,2
8314,2
8315,2
8316,0
8317,0
8318,2
8319,1
8320,0
8321,1
8322,2
8323,2
8324,1
8325,1
8326,1
8327,2
8328,1
8329,1
8330,0
8331,1
8332,2
8333,1
8334,3
8335,1
8336,2
8337,0
8338,2
8339,1
8340,2
8341,0
8342,3
8343,2
8344,0
8345,0
8346,1
8347,1
8348,1
8349,2
8350,2
8351,2
8352,0
8353,2
8354,1
8355,3
8356,2
8357,2
8358,0
8359,1
8360,1
8361,1
8362,0
8363,1
8364,1
8365,1
8366,1
8367,0
8368,0
8369,1
8370,0
8371,0
8372,1
8373,2
8374,0
8375,0
8376,2
8377,0
8378,1
8379,1
8380,0
8381,1
8382,1
8383,2
8384,0
8385,1
8386,0
8387,0
8388,2
8389,0
8390,3
8391,1
8392,2
8393,0
8394,2
8395,1
8396,1
8397,1
8398,1
8399,1
8400,1
8401,0
8402,1
8403,2
8404,0
8405,1
8406,1
8407,1
8408,2
8409,0
8410,1
8411,1
8412,0
8413,1
8414,3
8415,0
8416,0
8417,2
8418,0
8419,2
8420,2
8421,1
8422,3
8423,2
8424,1
8425,1
8426,0
8427,1
8428,1
8429,1
8430,2
8431,2
8432,0
8433,2
8434,1
8435,1
8436,1
8437,0
8438,2
8439,1
8440,1
8441,2
8442,2
8443,0
8444,1
8445,0
8446,1
8447,0
8448,2
8449,0
8450,0
8451,1
8452,1
8453,1
8454,1
8455,2
8456,1
8457,2
8458,2
8459,1
8460,1
8461,1
8462,2
8463,0
8464,0
8465,2
8466,0
8467,0
8468,3
8469,2
8470,2
8471,0
8472,3
8473,1
8474,1
8475,3
8476,1
8477,1
8478,1
8479,1
8480,2
8481,2
8482,1
8483,1
8484,1
8485,1
8486,1
8487,2
8488,2
8489,1
8490,0
8491,1
8492,1
8493,1
8494,1
8495,1
8496,1
8497,2
8498,2
8499,2
8500,0
8501,0
8502,0
8503,2
8504,1
8505,1
8506,1
8507,0
8508,2
8509,2
8510,2
8511,1
8512,1
8513,0
8514,3
8515,1
8516,1
8517,3
8518,2
8519,2
8520,1
8521,2
8522,0
8523,1
8524,2
8525,1
8526,1
8527,1
8528,2
8529,2
8530,1
8531,2
8532,2
8533,1
8534,0
8535,3
8536,2
8537,1
8538,2
8539,1
8540,1
8541,0
8542,1
8543,0
8544,0
8545,1
8546,1
8547,1
8548,1
8549,3
8550,2
8551,0
8552,1
8553,0
8554,1
8555,1
8556,0
8557,1
8558,2
8559,2
8560,2
8561,1
8562,1
8563,0
8564,0
8565,3
8566,2
8567,0
8568,2
8569,2
8570,2
8571,0
8572,3
8573,2
8574,3
8575,1
8576,1
8577,1
8578,2
8579,0
8580,1
8581,1
8582,1
8583,2
8584,2
8585,2
8586,4
8587,1
8588,1
8589,0
8590,1
8591,0
8592,2
8593,1
8594,0
8595,1
8596,2
8597,2
8598,0
8599,1
8600,3
8601,3
8602,1
8603,1
8604,0
8605,1
8606,1
8607,1
8608,1
8609,1
8610,0
8611,1
8612,0
8613,1
8614,2
8615,2
8616,1
8617,2
8618,0
8619,2
8620,1
8621,2
8622,1
8623,1
8624,2
8625,1
8626,1
8627,1
8628,4
8629,2
8630,0
8631,1
8632,2
8633,0
8634,1
8635,3
8636,1
8637,0
8638,2
8639,2
8640,2
8641,0
8642,1
8643,3
8644,1
8645,2
8646,2
8647,1
8648,1
8649,1
8650,0
8651,1
8652,1
8653,1
8654,1
8655,1
8656,0
8657,1
8658,1
8659,1
8660,2
8661,1
8662,1
8663,3
8664,1
8665,1
8666,0
8667,1
8668,1
8669,0
8670,1
8671,1
8672,3
8673,2
8674,0
8675,2
8676,0
8677,1
8678,0
8679,2
8680,2
8681,2
8682,0
8683,1
8684,4
8685,1
8686,1
8687,1
8688,4
8689,0
8690,2
8691,1
8692,1
8693,1
8694,1
8695,1
8696,1
8697,3
8698,2
8699,3
8700,1
8701,1
8702,1
8703,1
8704,1
8705,0
8706,2
8707,0
8708,2
8709,2
8710,2
8711,2
8712,0
8713,2
8714,3
8715,0
8716,0
8717,2
8718,0
8719,0
8720,2
8721,1
8722,1
8723,2
8724,0
8725,1
8726,0
8727,0
8728,3
8729,0
8730,1
8731,1
8732,3
8733,0
8734,1
8735,2
8736,3
8737,1
8738,0
8739,0
8740,1
8741,0
8742,0
8743,0
8744,2
8745,2
8746,1
8747,0
8748,1
8749,0
8750,2
8751,0
8752,0
8753,2
8754,1
8755,1
8756,2
8757,1
8758,0
8759,1
8760,1
8761,0
8762,1
8763,1
8764,1
8765,0
8766,1
8767,1
8768,0
8769,3
8770,1
8771,0
8772,0
8773,0
8774,1
8775,0
8776,0
8777,2
8778,2
8779,1
8780,2
8781,2
8782,1
8783,2
8784,1
8785,2
8786,0
8787,1
8788,1
8789,2
8790,3
8791,1
8792,0
8793,1
8794,1
8795,0
8796,0
8797,2
8798,0
8799,3
8800,2
8801,1
8802,0
8803,1
8804,1
8805,0
8806,1
8807,0
8808,0
8809,1
8810,1
8811,1
8812,1
8813,2
8814,0
8815,2
8816,2
8817,1
8818,1
8819,0
8820,2
8821,0
8822,2
8823,0
8824,1
8825,1
8826,1
8827,1
8828,0
8829,1
8830,1
8831,1
8832,2
8833,1
8834,1
8835,0
8836,0
8837,1
8838,0
8839,1
8840,1
8841,0
8842,2
8843,2
8844,0
8845,2
8846,2
8847,1
8848,1
8849,1
8850,2
8851,0
8852,1
8853,1
8854,1
8855,1
8856,1
8857,0
8858,2
8859,0
8860,0
8861,1
8862,0
8863,2
8864,0
8865,0
8866,0
8867,2
8868,1
8869,0
8870,1
8871,1
8872,1
8873,1
8874,2
8875,1
8876,1
8877,1
8878,2
8879,1
8880,1
8881,1
8882,2
8883,0
8884,1
8885,0
8886,3
8887,0
8888,2
8889,0
8890,2
8891,1
8892,1
8893,1
8894,2
8895,1
8896,0
8897,0
8898,1
8899,1
8900,2
8901,2
8902,3
8903,1
8904,1
8905,2
8906,1
8907,0
8908,2
8909,1
8910,0
8911,1
8912,2
8913,2
8914,0
8915,1
8916,1
8917,2
8918,2
8919,0
8920,0
8921,0
8922,2
8923,1
8924,3
8925,1
8926,1
8927,2
8928,2
8929,1
8930,1
8931,1
8932,1
8933,0
8934,1
8935,0
8936,1
8937,0
8938,2
8939,1
8940,1
8941,2
8942,1
8943,2
8944,1
8945,1
8946,1
8947,3
8948,2
8949,1
8950,0
8951,1
8952,1
8953,1
8954,0
8955,0
8956,0
8957,2
8958,1
8959,0
8960,1
8961,0
8962,1
8963,2
8964,1
8965,1
8966,2
8967,1
8968,0
8969,0
8970,2
8971,1
8972,1
8973,0
8974,1
8975,3
8976,1
8977,0
8978,0
8979,3
8980,0
8981,0
8982,0
8983,2
8984,2
8985,2
8986,1
8987,2
8988,1
8989,1
8990,0
8991,1
8992,2
8993,1
8994,2
8995,3
8996,3
8997,0
8998,1
8999,0
9000,1
9001,1
9002,1
9003,1
9004,1
9005,1
9006,1
9007,1
9008,0
9009,2
9010,1
9011,1
9012,2
9013,1
9014,2
9015,0
9016,0
9017,1
9018,3
9019,1
9020,1
9021,0
9022,1
9023,1
9024,2
9025,2
9026,1
9027,2
9028,1
9029,0
9030,0
9031,2
9032,1
9033,1
9034,1
9035,1
9036,1
9037,1
9038,1
9039,0
9040,0
9041,0
9042,1
9043,1
9044,2
9045,0
9046,0
9047,1
9048,1
9049,1
9050,2
9051,2
9052,1
9053,2
9054,0
9055,1
9056,1
9057,0
9058,0
9059,1
9060,2
9061,1
9062,2
9063,1
9064,1
9065,1
9066,0
9067,1
9068,1
9069,1
9070,1
9071,1
9072,2
9073,1
9074,0
9075,2
9076,1
9077,2
9078,0
9079,1
9080,1
9081,0
9082,2
9083,0
9084,2
9085,1
9086,1
9087,2
9088,0
9089,1
9090,0
9091,1
9092,1
9093,0
9094,2
9095,1
9096,1
9097,0
9098,1
9099,1
9100,1
9101,1
9102,1
9103,1
9104,1
9105,0
9106,3
9107,3
9108,2
9109,0
9110,2
9111,1
9112,1
9113,1
9114,2
9115,1
9116,1
9117,0
9118,2
9119,2
9120,1
9121,2
9122,1
9123,0
9124,1
9125,0
9126,1
9127,1
9128,1
9129,1
9130,0
9131,2
9132,4
9133,3
9134,1
9135,1
9136,2
9137,1
9138,1
9139,2
9140,0
9141,0
9142,3
9143,0
9144,0
9145,1
9146,1
9147,0
9148,1
9149,2
9150,2
9151,0
9152,1
9153,1
9154,2
9155,1
9156,0
9157,0
9158,2
9159,0
9160,1
9161,1
9162,1
9163,1
9164,1
9165,1
9166,0
9167,1
9168,0
9169,1
9170,1
9171,1
9172,2
9173,0
9174,0
9175,1
9176,1
9177,1
9178,1
9179,1
9180,3
9181,1
9182,2
9183,0
9184,2
9185,2
9186,0
9187,1
9188,2
9189,0
9190,1
9191,2
9192,2
9193,1
9194,1
9195,0
9196,0
9197,1
9198,1
9199,1
9200,0
9201,1
9202,2
9203,1
9204,1
9205,2
9206,2
9207,1
9208,1
9209,1
9210,2
9211,1
9212,1
9213,4
9214,2
9215,2
9216,1
9217,1
9218,4
9219,1
9220,1
9221,1
9222,2
9223,1
9224,1
9225,0
9226,2
9227,0
9228,2
9229,1
9230,2
9231,3
9232,0
9233,2
9234,0
9235,1
9236,1
9237,1
9238,2
9239,3
9240,1
9241,0
9242,0
9243,1
9244,0
9245,1
9246,2
9247,0
9248,0
9249,0
9250,2
9251,1
9252,2
9253,1
9254,1
9255,0
9256,1
9257,1
9258,2
9259,0
9260,4
9261,2
9262,1
9263,1
9264,3
9265,0
9266,1
9267,2
9268,1
9269,1
9270,1
9271,2
9272,1
9273,2
9274,2
9275,2
9276,1
9277,0
9278,1
9279,2
9280,0
9281,2
9282,0
9283,1
9284,1
9285,1
9286,0
9287,0
9288,2
9289,0
9290,0
9291,1
9292,0
9293,2
9294,2
9295,1
9296,0
9297,0
9298,0
9299,0
9300,0
9301,0
9302,1
9303,0
9304,1
9305,1
9306,2
9307,2
9308,2
9309,1
9310,2
9311,2
9312,2
9313,2
9314,0
9315,0
9316,0
9317,2
9318,3
9319,2
9320,0
9321,1
9322,0
9323,1
9324,2
9325,2
9326,1
9327,1
9328,1
9329,0
9330,1
9331,0
9332,1
9333,1
9334,2
9335,1
9336,1
9337,0
9338,1
9339,0
9340,1
9341,2
9342,0
9343,2
9344,1
9345,1
9346,3
9347,2
9348,0
9349,1
9350,1
9351,1
9352,1
9353,1
9354,1
9355,1
9356,0
9357,3
9358,2
9359,1
9360,2
9361,2
9362,0
9363,2
9364,2
9365,0
9366,1
9367,1
9368,1
9369,1
9370,0
9371,0
9372,2
9373,1
9374,0
9375,1
9376,1
9377,2
9378,0
9379,1
9380,0
9381,1
9382,0
9383,0
9384,0
9385,1
9386,1
9387,1
9388,0
9389,3
9390,0
9391,1
9392,1
9393,0
9394,1
9395,1
9396,0
9397,1
9398,0
9399,1
9400,3
9401,3
9402,1
9403,1
9404,2
9405,1
9406,0
9407,1
9408,1
9409,3
9410,0
9411,0
9412,1
9413,0
9414,3
9415,2
9416,3
9417,1
9418,1
9419,2
9420,1
9421,1
9422,2
9423,1
9424,0
9425,1
9426,0
9427,1
9428,1
9429,3
9430,1
9431,1
9432,0
9433,1
9434,1
9435,0
9436,3
9437,1
9438,2
9439,2
9440,1
9441,2
9442,0
9443,1
9444,1
9445,2
9446,1
9447,1
9448,1
9449,0
9450,1
9451,1
9452,1
9453,2
9454,2
9455,1
9456,1
9457,2
9458,1
9459,0
9460,0
9461,0
9462,0
9463,0
9464,2
9465,1
9466,1
9467,1
9468,0
9469,0
9470,1
9471,0
9472,1
9473,0
9474,0
9475,1
9476,0
9477,3
9478,0
9479,0
9480,0
9481,1
9482,1
9483,1
9484,2
9485,1
9486,2
9487,0
9488,1
9489,1
9490,0
9491,1
9492,0
9493,1
9494,0
9495,1
9496,0
9497,1
9498,2
9499,3
9500,1
9501,1
9502,1
9503,0
9504,0
9505,1
9506,1
9507,0
9508,0
9509,1
9510,4
9511,2
9512,1
9513,1
9514,2
9515,0
9516,1
9517,2
9518,2
9519,1
9520,2
9521,1
9522,0
9523,2
9524,1
9525,0
9526,0
9527,1
9528,1
9529,1
9530,3
9531,1
9532,1
9533,0
9534,1
9535,0
9536,0
9537,0
9538,0
9539,2
9540,0
9541,1
9542,0
9543,0
9544,1
9545,2
9546,1
9547,2
9548,0
9549,1
9550,1
9551,1
9552,2
9553,0
9554,0
9555,0
9556,2
9557,1
9558,1
9559,1
9560,2
9561,0
9562,1
9563,1
9564,1
9565,0
9566,3
9567,1
9568,1
9569,0
9570,0
9571,1
9572,3
9573,1
9574,2
9575,0
9576,2
9577,1
9578,0
9579,2
9580,1
9581,2
9582,1
9583,0
9584,2
9585,1
9586,1
9587,0
9588,0
9589,0
9590,0
9591,0
9592,3
9593,1
9594,1
9595,2
9596,1
9597,1
9598,1
9599,1
9600,2
9601,2
9602,0
9603,1
9604,0
9605,0
9606,1
9607,1
9608,2
9609,2
9610,1
9611,0
9612,0
9613,0
9614,2
9615,0
9616,3
9617,2
9618,1
9619,0
9620,0
9621,1
9622,1
9623,1
9624,1
9625,3
9626,1
9627,1
9628,2
9629,0
9630,2
9631,3
9632,0
9633,0
9634,0
9635,0
9636,2
9637,1
9638,1
9639,1
9640,2
9641,3
9642,0
9643,0
9644,1
9645,2
9646,2
9647,1
9648,2
9649,1
9650,1
9651,2
9652,2
9653,3
9654,0
9655,1
9656,1
9657,1
9658,1
9659,2
9660,0
9661,1
9662,1
9663,1
9664,1
9665,3
9666,0
9667,0
9668,1
9669,0
9670,2
9671,1
9672,2
9673,2
9674,0
9675,1
9676,2
9677,1
9678,1
9679,2
9680,1
9681,0
9682,0
9683,2
9684,3
9685,0
9686,0
9687,1
9688,1
9689,3
9690,2
9691,2
9692,1
9693,1
9694,1
9695,3
9696,1
9697,2
9698,1
9699,2
9700,0
9701,0
9702,1
9703,1
9704,0
9705,2
9706,2
9707,2
9708,2
9709,0
9710,0
9711,0
9712,1
9713,1
9714,1
9715,2
9716,1
9717,1
9718,1
9719,1
9720,1
9721,3
9722,1
9723,1
9724,1
9725,2
9726,1
9727,1
9728,2
9729,1
9730,1
9731,3
9732,0
9733,2
9734,1
9735,1
9736,2
9737,2
9738,3
9739,0
9740,0
9741,2
9742,1
9743,0
9744,3
9745,2
9746,2
9747,1
9748,1
9749,1
9750,1
9751,2
9752,1
9753,2
9754,1
9755,0
9756,1
9757,2
9758,1
9759,0
9760,0
9761,0
9762,0
9763,2
9764,2
9765,2
9766,1
9767,0
9768,2
9769,3
9770,0
9771,0
9772,2
9773,1
9774,1
9775,1
9776,3
9777,1
9778,2
9779,0
9780,2
9781,2
9782,0
9783,1
9784,0
9785,2
9786,1
9787,1
9788,1
9789,2
9790,1
9791,2
9792,0
9793,1
9794,1
9795,1
9796,1
9797,1
9798,1
9799,1
9800,1
9801,2
9802,2
9803,2
9804,1
9805,0
9806,1
9807,2
9808,1
9809,0
9810,1
9811,2
9812,2
9813,1
9814,1
9815,1
9816,2
9817,1
9818,1
9819,1
9820,2
9821,1
9822,0
9823,0
9824,2
9825,0
9826,1
9827,2
9828,1
9829,1
9830,1
9831,1
9832,1
9833,1
9834,1
9835,0
9836,1
9837,1
9838,1
9839,1
9840,1
9841,2
9842,0
9843,1
9844,4
9845,2
9846,1
9847,0
9848,0
9849,2
9850,2
9851,0
9852,1
9853,1
9854,2
9855,2
9856,0
9857,1
9858,0
9859,0
9860,1
9861,2
9862,1
9863,1
9864,3
9865,0
9866,1
9867,2
9868,2
9869,2
9870,2
9871,2
9872,1
9873,2
9874,1
9875,2
9876,0
9877,1
9878,1
9879,0
9880,2
9881,2
9882,1
9883,1
9884,1
9885,1
9886,1
9887,2
9888,1
9889,2
9890,3
9891,1
9892,0
9893,1
9894,0
9895,0
9896,1
9897,1
9898,2
9899,1
9900,1
9901,1
9902,1
9903,1
9904,2
9905,1
9906,1
9907,2
9908,2
9909,2
9910,1
9911,0
9912,1
9913,1
9914,1
9915,1
9916,0
9917,2
9918,1
9919,0
9920,1
9921,1
9922,2
9923,2
9924,1
9925,2
9926,0
9927,1
9928,0
9929,1
9930,0
9931,0
9932,2
9933,1
9934,2
9935,0
9936,0
9937,2
9938,3
9939,0
9940,2
9941,0
9942,1
9943,1
9944,1
9945,1
9946,1
9947,0
9948,1
9949,2
9950,1
9951,2
9952,1
9953,1
9954,1
9955,1
9956,2
9957,0
9958,1
9959,1
9960,0
9961,1
9962,1
9963,0
9964,1
9965,0
9966,0
9967,0
9968,0
9969,3
9970,0
9971,0
9972,1
9973,1
9974,0
9975,1
9976,1
9977,1
9978,1
9979,1
9980,2
9981,1
9982,1
9983,0
9984,3
9985,2
9986,0
9987,1
9988,1
9989,1
9990,0
9991,0
9992,1
9993,0
9994,0
9995,1
9996,4
9997,1
9998,0
9999,0
