,p2_sleep_pkmn
0,1
1,1
2,2
3,1
4,1
5,1
6,1
7,1
8,1
9,1
10,1
11,1
12,1
13,1
14,0
15,1
16,1
17,0
18,0
19,1
20,1
21,0
22,1
23,1
24,1
25,1
26,0
27,0
28,2
29,0
30,0
31,0
32,0
33,0
34,1
35,1
36,0
37,1
38,1
39,1
40,0
41,0
42,0
43,0
44,0
45,1
46,0
47,2
48,0
49,1
50,0
51,1
52,1
53,0
54,0
55,1
56,1
57,1
58,1
59,0
60,1
61,1
62,1
63,1
64,1
65,0
66,1
67,3
68,0
69,1
70,0
71,1
72,1
73,1
74,1
75,1
76,0
77,0
78,1
79,0
80,1
81,2
82,0
83,1
84,0
85,1
86,1
87,0
88,1
89,1
90,0
91,0
92,1
93,1
94,1
95,0
96,0
97,1
98,1
99,1
100,2
101,1
102,2
103,1
104,1
105,1
106,1
107,0
108,1
109,3
110,1
111,1
112,1
113,1
114,1
115,1
116,2
117,1
118,0
119,2
120,2
121,0
122,1
123,1
124,1
125,1
126,1
127,1
128,1
129,1
130,0
131,0
132,2
133,0
134,1
135,1
136,3
137,1
138,1
139,0
140,2
141,1
142,0
143,1
144,1
145,0
146,1
147,0
148,0
149,1
150,1
151,1
152,0
153,0
154,2
155,1
156,1
157,1
158,1
159,1
160,1
161,1
162,1
163,0
164,0
165,0
166,1
167,0
168,1
169,2
170,1
171,1
172,1
173,1
174,1
175,1
176,2
177,1
178,1
179,2
180,0
181,0
182,2
183,1
184,1
185,1
186,1
187,1
188,0
189,2
190,0
191,1
192,1
193,0
194,1
195,1
196,1
197,1
198,0
199,0
200,1
201,1
202,0
203,2
204,1
205,1
206,1
207,1
208,1
209,1
210,1
211,1
212,2
213,0
214,1
215,1
216,1
217,0
218,1
219,1
220,0
221,1
222,0
223,1
224,0
225,1
226,0
227,1
228,1
229,0
230,3
231,2
232,1
233,1
234,0
235,1
236,1
237,1
238,1
239,1
240,2
241,0
242,1
243,0
244,1
245,1
246,1
247,1
248,0
249,1
250,1
251,0
252,0
253,1
254,0
255,0
256,1
257,1
258,1
259,1
260,0
261,1
262,1
263,0
264,2
265,1
266,5
267,1
268,1
269,1
270,1
271,1
272,0
273,1
274,1
275,1
276,1
277,0
278,0
279,0
280,1
281,0
282,1
283,1
284,0
285,1
286,2
287,0
288,1
289,1
290,1
291,1
292,1
293,1
294,1
295,1
296,2
297,2
298,0
299,1
300,1
301,1
302,0
303,1
304,1
305,2
306,1
307,1
308,1
309,1
310,1
311,1
312,0
313,1
314,0
315,3
316,0
317,1
318,1
319,1
320,0
321,1
322,1
323,1
324,2
325,1
326,2
327,0
328,0
329,1
330,1
331,1
332,1
333,0
334,2
335,0
336,1
337,1
338,0
339,1
340,1
341,1
342,0
343,1
344,1
345,2
346,1
347,1
348,1
349,1
350,1
351,0
352,1
353,1
354,1
355,0
356,1
357,0
358,1
359,1
360,0
361,1
362,2
363,2
364,0
365,1
366,1
367,2
368,1
369,1
370,2
371,1
372,1
373,1
374,0
375,1
376,1
377,0
378,1
379,1
380,0
381,1
382,2
383,0
384,1
385,1
386,0
387,1
388,1
389,1
390,0
391,1
392,0
393,1
394,1
395,0
396,0
397,1
398,1
399,0
400,1
401,0
402,0
403,1
404,0
405,1
406,1
407,0
408,1
409,3
410,1
411,1
412,0
413,0
414,0
415,0
416,1
417,1
418,0
419,1
420,0
421,1
422,0
423,1
424,1
425,1
426,1
427,1
428,0
429,1
430,0
431,1
432,2
433,1
434,1
435,1
436,0
437,1
438,1
439,0
440,1
441,0
442,1
443,2
444,1
445,1
446,1
447,1
448,0
449,1
450,1
451,0
452,0
453,0
454,0
455,1
456,1
457,1
458,0
459,0
460,1
461,1
462,1
463,1
464,2
465,0
466,0
467,1
468,2
469,1
470,1
471,0
472,1
473,1
474,2
475,0
476,0
477,0
478,2
479,0
480,0
481,1
482,0
483,1
484,1
485,1
486,1
487,2
488,1
489,1
490,1
491,0
492,1
493,0
494,1
495,0
496,0
497,0
498,0
499,1
500,1
501,1
502,1
503,2
504,1
505,1
506,1
507,0
508,1
509,1
510,0
511,1
512,1
513,1
514,1
515,1
516,1
517,1
518,0
519,1
520,0
521,1
522,0
523,1
524,0
525,1
526,1
527,3
528,0
529,1
530,1
531,0
532,0
533,1
534,1
535,1
536,2
537,0
538,0
539,1
540,2
541,0
542,1
543,0
544,1
545,2
546,1
547,1
548,1
549,1
550,1
551,0
552,1
553,1
554,0
555,1
556,2
557,1
558,0
559,0
560,1
561,2
562,1
563,0
564,0
565,1
566,1
567,1
568,0
569,0
570,1
571,0
572,1
573,1
574,0
575,0
576,1
577,0
578,1
579,0
580,1
581,1
582,0
583,0
584,1
585,0
586,0
587,0
588,0
589,1
590,1
591,0
592,2
593,2
594,2
595,0
596,1
597,1
598,1
599,1
600,1
601,0
602,1
603,2
604,0
605,1
606,1
607,1
608,1
609,1
610,1
611,1
612,0
613,1
614,1
615,1
616,0
617,2
618,2
619,1
620,1
621,0
622,0
623,1
624,1
625,0
626,2
627,1
628,0
629,1
630,1
631,1
632,0
633,1
634,1
635,1
636,1
637,1
638,1
639,0
640,1
641,1
642,2
643,0
644,1
645,2
646,1
647,0
648,1
649,0
650,2
651,0
652,1
653,1
654,1
655,0
656,0
657,0
658,1
659,1
660,2
661,1
662,0
663,1
664,1
665,1
666,1
667,1
668,0
669,0
670,1
671,1
672,1
673,1
674,0
675,1
676,1
677,1
678,0
679,0
680,0
681,1
682,0
683,1
684,1
685,1
686,1
687,2
688,1
689,1
690,1
691,1
692,1
693,1
694,1
695,1
696,1
697,1
698,1
699,1
700,1
701,1
702,1
703,1
704,1
705,0
706,0
707,1
708,1
709,0
710,1
711,0
712,0
713,1
714,1
715,0
716,2
717,1
718,0
719,1
720,0
721,1
722,1
723,2
724,0
725,1
726,1
727,1
728,0
729,0
730,2
731,1
732,1
733,1
734,1
735,1
736,1
737,1
738,0
739,1
740,1
741,1
742,0
743,0
744,1
745,2
746,0
747,1
748,2
749,0
750,1
751,0
752,1
753,0
754,0
755,0
756,2
757,2
758,1
759,2
760,1
761,1
762,0
763,1
764,1
765,2
766,0
767,1
768,0
769,0
770,1
771,0
772,1
773,1
774,2
775,0
776,1
777,1
778,1
779,1
780,0
781,0
782,1
783,1
784,1
785,1
786,0
787,0
788,0
789,2
790,1
791,1
792,2
793,1
794,1
795,1
796,1
797,2
798,1
799,2
800,1
801,1
802,0
803,1
804,1
805,1
806,0
807,1
808,0
809,0
810,0
811,1
812,1
813,0
814,0
815,1
816,2
817,0
818,1
819,3
820,0
821,1
822,1
823,1
824,0
825,1
826,1
827,1
828,0
829,1
830,1
831,0
832,0
833,0
834,1
835,0
836,0
837,0
838,0
839,1
840,1
841,1
842,0
843,1
844,1
845,0
846,2
847,1
848,1
849,1
850,0
851,1
852,1
853,0
854,0
855,2
856,1
857,1
858,1
859,1
860,1
861,1
862,1
863,0
864,1
865,1
866,1
867,1
868,0
869,1
870,0
871,1
872,1
873,1
874,1
875,1
876,0
877,1
878,0
879,2
880,1
881,1
882,0
883,1
884,1
885,0
886,1
887,1
888,1
889,1
890,0
891,2
892,1
893,1
894,0
895,1
896,0
897,3
898,0
899,0
900,0
901,2
902,0
903,1
904,0
905,0
906,1
907,0
908,0
909,0
910,1
911,0
912,0
913,1
914,1
915,1
916,1
917,1
918,1
919,1
920,1
921,1
922,0
923,0
924,1
925,0
926,0
927,1
928,1
929,1
930,1
931,1
932,1
933,0
934,0
935,1
936,0
937,0
938,2
939,1
940,2
941,0
942,1
943,0
944,1
945,1
946,0
947,0
948,0
949,2
950,1
951,1
952,0
953,1
954,1
955,1
956,1
957,1
958,1
959,1
960,0
961,1
962,1
963,0
964,0
965,1
966,0
967,1
968,1
969,2
970,0
971,1
972,1
973,1
974,1
975,1
976,1
977,1
978,1
979,2
980,1
981,2
982,1
983,0
984,0
985,1
986,1
987,1
988,1
989,0
990,2
991,1
992,1
993,1
994,1
995,1
996,0
997,0
998,0
999,0
1000,0
1001,0
1002,1
1003,0
1004,1
1005,2
1006,2
1007,0
1008,0
1009,1
1010,0
1011,0
1012,0
1013,1
1014,0
1015,0
1016,1
1017,1
1018,2
1019,1
1020,1
1021,2
1022,0
1023,1
1024,1
1025,0
1026,1
1027,1
1028,2
1029,1
1030,0
1031,0
1032,1
1033,1
1034,1
1035,1
1036,0
1037,1
1038,1
1039,0
1040,1
1041,1
1042,1
1043,0
1044,0
1045,0
1046,1
1047,1
1048,1
1049,0
1050,1
1051,2
1052,1
1053,2
1054,1
1055,1
1056,3
1057,1
1058,1
1059,1
1060,1
1061,1
1062,1
1063,0
1064,1
1065,1
1066,1
1067,2
1068,1
1069,0
1070,0
1071,1
1072,0
1073,0
1074,0
1075,1
1076,0
1077,1
1078,0
1079,0
1080,1
1081,1
1082,3
1083,1
1084,0
1085,1
1086,0
1087,1
1088,0
1089,1
1090,1
1091,0
1092,1
1093,1
1094,0
1095,0
1096,0
1097,0
1098,0
1099,1
1100,1
1101,0
1102,1
1103,0
1104,1
1105,2
1106,1
1107,0
1108,0
1109,1
1110,0
1111,0
1112,1
1113,1
1114,0
1115,1
1116,2
1117,1
1118,1
1119,0
1120,1
1121,0
1122,1
1123,0
1124,0
1125,0
1126,1
1127,1
1128,1
1129,0
1130,1
1131,3
1132,0
1133,1
1134,1
1135,2
1136,1
1137,1
1138,1
1139,1
1140,1
1141,1
1142,1
1143,1
1144,1
1145,1
1146,1
1147,1
1148,1
1149,1
1150,1
1151,0
1152,0
1153,0
1154,0
1155,1
1156,0
1157,1
1158,1
1159,1
1160,1
1161,1
1162,0
1163,3
1164,2
1165,0
1166,0
1167,1
1168,1
1169,0
1170,1
1171,1
1172,0
1173,1
1174,1
1175,1
1176,1
1177,0
1178,0
1179,2
1180,1
1181,0
1182,2
1183,1
1184,1
1185,1
1186,1
1187,2
1188,2
1189,1
1190,1
1191,0
1192,0
1193,1
1194,1
1195,1
1196,0
1197,1
1198,2
1199,0
1200,1
1201,0
1202,0
1203,1
1204,0
1205,1
1206,1
1207,0
1208,1
1209,2
1210,1
1211,1
1212,0
1213,2
1214,1
1215,1
1216,3
1217,2
1218,1
1219,1
1220,0
1221,1
1222,1
1223,1
1224,1
1225,1
1226,1
1227,0
1228,1
1229,0
1230,1
1231,1
1232,2
1233,2
1234,1
1235,1
1236,0
1237,0
1238,1
1239,1
1240,1
1241,1
1242,0
1243,1
1244,0
1245,0
1246,1
1247,1
1248,0
1249,1
1250,2
1251,1
1252,0
1253,0
1254,1
1255,1
1256,1
1257,0
1258,1
1259,1
1260,0
1261,1
1262,1
1263,0
1264,1
1265,1
1266,1
1267,1
1268,1
1269,0
1270,1
1271,2
1272,1
1273,1
1274,1
1275,1
1276,1
1277,1
1278,1
1279,0
1280,1
1281,0
1282,1
1283,0
1284,1
1285,1
1286,1
1287,0
1288,1
1289,1
1290,0
1291,0
1292,0
1293,0
1294,1
1295,1
1296,0
1297,1
1298,2
1299,0
1300,1
1301,0
1302,1
1303,0
1304,1
1305,0
1306,0
1307,2
1308,1
1309,1
1310,1
1311,0
1312,1
1313,1
1314,1
1315,1
1316,1
1317,1
1318,1
1319,2
1320,1
1321,1
1322,2
1323,1
1324,2
1325,1
1326,1
1327,0
1328,0
1329,0
1330,0
1331,2
1332,1
1333,0
1334,1
1335,3
1336,0
1337,1
1338,1
1339,1
1340,0
1341,0
1342,1
1343,1
1344,2
1345,0
1346,1
1347,1
1348,1
1349,1
1350,1
1351,2
1352,0
1353,1
1354,1
1355,0
1356,1
1357,1
1358,1
1359,0
1360,0
1361,1
1362,1
1363,0
1364,0
1365,0
1366,0
1367,1
1368,0
1369,0
1370,1
1371,0
1372,1
1373,0
1374,0
1375,1
1376,1
1377,1
1378,1
1379,1
1380,0
1381,2
1382,0
1383,1
1384,1
1385,1
1386,0
1387,2
1388,1
1389,1
1390,0
1391,1
1392,1
1393,2
1394,1
1395,2
1396,1
1397,1
1398,1
1399,1
1400,1
1401,1
1402,1
1403,0
1404,1
1405,1
1406,1
1407,1
1408,1
1409,1
1410,1
1411,1
1412,1
1413,1
1414,1
1415,1
1416,0
1417,0
1418,0
1419,1
1420,0
1421,2
1422,0
1423,0
1424,2
1425,0
1426,1
1427,1
1428,1
1429,1
1430,0
1431,1
1432,2
1433,1
1434,0
1435,1
1436,1
1437,2
1438,1
1439,1
1440,1
1441,1
1442,1
1443,1
1444,1
1445,1
1446,0
1447,1
1448,1
1449,0
1450,0
1451,0
1452,2
1453,0
1454,1
1455,1
1456,0
1457,1
1458,1
1459,1
1460,2
1461,0
1462,1
1463,1
1464,0
1465,1
1466,1
1467,2
1468,1
1469,2
1470,1
1471,1
1472,2
1473,0
1474,1
1475,1
1476,0
1477,1
1478,0
1479,2
1480,0
1481,1
1482,1
1483,1
1484,0
1485,0
1486,1
1487,0
1488,1
1489,1
1490,1
1491,1
1492,0
1493,0
1494,1
1495,0
1496,1
1497,1
1498,0
1499,0
1500,1
1501,1
1502,0
1503,1
1504,0
1505,1
1506,0
1507,0
1508,1
1509,1
1510,1
1511,1
1512,1
1513,1
1514,1
1515,0
1516,0
1517,0
1518,2
1519,1
1520,0
1521,1
1522,1
1523,0
1524,1
1525,1
1526,1
1527,1
1528,1
1529,1
1530,0
1531,0
1532,1
1533,1
1534,1
1535,2
1536,1
1537,1
1538,1
1539,1
1540,1
1541,0
1542,0
1543,3
1544,1
1545,0
1546,1
1547,0
1548,0
1549,2
1550,1
1551,1
1552,1
1553,1
1554,1
1555,1
1556,1
1557,0
1558,0
1559,1
1560,1
1561,0
1562,0
1563,1
1564,0
1565,0
1566,2
1567,2
1568,2
1569,0
1570,1
1571,1
1572,0
1573,1
1574,1
1575,1
1576,0
1577,1
1578,2
1579,1
1580,0
1581,0
1582,1
1583,1
1584,1
1585,2
1586,1
1587,2
1588,1
1589,0
1590,1
1591,0
1592,1
1593,0
1594,1
1595,1
1596,1
1597,1
1598,1
1599,1
1600,1
1601,0
1602,0
1603,2
1604,0
1605,0
1606,0
1607,0
1608,1
1609,1
1610,1
1611,1
1612,1
1613,2
1614,0
1615,1
1616,0
1617,0
1618,1
1619,3
1620,1
1621,1
1622,1
1623,3
1624,0
1625,1
1626,1
1627,1
1628,0
1629,0
1630,2
1631,1
1632,1
1633,0
1634,0
1635,1
1636,1
1637,0
1638,0
1639,1
1640,0
1641,0
1642,1
1643,2
1644,0
1645,1
1646,0
1647,2
1648,1
1649,0
1650,1
1651,1
1652,2
1653,2
1654,1
1655,1
1656,1
1657,2
1658,0
1659,1
1660,1
1661,1
1662,1
1663,1
1664,0
1665,1
1666,1
1667,1
1668,2
1669,1
1670,1
1671,0
1672,2
1673,1
1674,1
1675,2
1676,2
1677,0
1678,1
1679,0
1680,1
1681,1
1682,1
1683,1
1684,0
1685,0
1686,1
1687,1
1688,1
1689,2
1690,2
1691,2
1692,0
1693,2
1694,2
1695,0
1696,1
1697,0
1698,1
1699,0
1700,0
1701,1
1702,1
1703,1
1704,1
1705,1
1706,0
1707,1
1708,1
1709,1
1710,0
1711,1
1712,1
1713,1
1714,0
1715,0
1716,0
1717,2
1718,1
1719,1
1720,1
1721,1
1722,1
1723,0
1724,1
1725,1
1726,1
1727,1
1728,1
1729,1
1730,1
1731,1
1732,1
1733,0
1734,2
1735,1
1736,1
1737,1
1738,1
1739,0
1740,1
1741,0
1742,0
1743,0
1744,1
1745,0
1746,1
1747,1
1748,1
1749,1
1750,0
1751,1
1752,1
1753,0
1754,0
1755,0
1756,1
1757,1
1758,0
1759,1
1760,1
1761,1
1762,1
1763,1
1764,1
1765,0
1766,1
1767,0
1768,1
1769,1
1770,1
1771,0
1772,1
1773,2
1774,1
1775,0
1776,1
1777,0
1778,0
1779,1
1780,1
1781,1
1782,0
1783,1
1784,0
1785,1
1786,0
1787,0
1788,1
1789,1
1790,1
1791,1
1792,1
1793,0
1794,1
1795,0
1796,1
1797,2
1798,1
1799,2
1800,1
1801,1
1802,0
1803,1
1804,0
1805,0
1806,1
1807,1
1808,1
1809,1
1810,0
1811,1
1812,1
1813,3
1814,1
1815,2
1816,1
1817,0
1818,1
1819,1
1820,2
1821,1
1822,0
1823,0
1824,2
1825,1
1826,1
1827,1
1828,1
1829,0
1830,1
1831,0
1832,0
1833,0
1834,2
1835,0
1836,1
1837,1
1838,1
1839,1
1840,1
1841,1
1842,1
1843,0
1844,1
1845,1
1846,1
1847,2
1848,0
1849,2
1850,2
1851,1
1852,1
1853,0
1854,0
1855,1
1856,1
1857,1
1858,1
1859,2
1860,1
1861,0
1862,1
1863,1
1864,1
1865,1
1866,1
1867,1
1868,0
1869,2
1870,1
1871,1
1872,2
1873,1
1874,1
1875,1
1876,2
1877,1
1878,2
1879,1
1880,2
1881,1
1882,0
1883,1
1884,0
1885,1
1886,0
1887,0
1888,1
1889,2
1890,1
1891,0
1892,2
1893,0
1894,0
1895,0
1896,0
1897,1
1898,2
1899,2
1900,1
1901,1
1902,1
1903,0
1904,1
1905,0
1906,1
1907,1
1908,1
1909,0
1910,0
1911,2
1912,1
1913,0
1914,1
1915,1
1916,0
1917,3
1918,1
1919,1
1920,0
1921,1
1922,1
1923,1
1924,2
1925,1
1926,1
1927,1
1928,1
1929,1
1930,1
1931,0
1932,0
1933,1
1934,1
1935,1
1936,0
1937,0
1938,1
1939,1
1940,1
1941,2
1942,1
1943,1
1944,0
1945,1
1946,0
1947,1
1948,1
1949,0
1950,1
1951,1
1952,1
1953,0
1954,0
1955,1
1956,1
1957,0
1958,0
1959,1
1960,0
1961,1
1962,1
1963,1
1964,1
1965,1
1966,1
1967,1
1968,1
1969,0
1970,1
1971,1
1972,0
1973,1
1974,0
1975,0
1976,1
1977,1
1978,2
1979,0
1980,0
1981,0
1982,2
1983,0
1984,2
1985,1
1986,1
1987,1
1988,1
1989,1
1990,1
1991,1
1992,1
1993,1
1994,1
1995,1
1996,2
1997,0
1998,2
1999,1
2000,1
2001,1
2002,1
2003,1
2004,1
2005,2
2006,1
2007,0
2008,1
2009,0
2010,1
2011,1
2012,1
2013,0
2014,1
2015,1
2016,1
2017,1
2018,1
2019,1
2020,1
2021,1
2022,1
2023,1
2024,0
2025,1
2026,2
2027,1
2028,1
2029,1
2030,1
2031,0
2032,1
2033,1
2034,0
2035,1
2036,0
2037,1
2038,0
2039,2
2040,1
2041,1
2042,1
2043,0
2044,1
2045,0
2046,1
2047,1
2048,1
2049,0
2050,2
2051,1
2052,0
2053,1
2054,2
2055,1
2056,0
2057,0
2058,1
2059,0
2060,2
2061,1
2062,1
2063,0
2064,1
2065,1
2066,1
2067,1
2068,1
2069,1
2070,1
2071,1
2072,0
2073,1
2074,1
2075,1
2076,1
2077,0
2078,1
2079,1
2080,1
2081,1
2082,0
2083,2
2084,0
2085,1
2086,1
2087,2
2088,1
2089,1
2090,1
2091,0
2092,1
2093,0
2094,0
2095,0
2096,0
2097,1
2098,1
2099,0
2100,0
2101,1
2102,1
2103,1
2104,1
2105,1
2106,0
2107,1
2108,2
2109,1
2110,1
2111,1
2112,1
2113,2
2114,0
2115,1
2116,1
2117,1
2118,0
2119,1
2120,1
2121,2
2122,1
2123,2
2124,1
2125,1
2126,0
2127,2
2128,2
2129,0
2130,1
2131,2
2132,1
2133,1
2134,0
2135,1
2136,1
2137,0
2138,0
2139,0
2140,0
2141,1
2142,1
2143,1
2144,1
2145,0
2146,1
2147,1
2148,1
2149,0
2150,1
2151,0
2152,0
2153,0
2154,1
2155,2
2156,2
2157,0
2158,0
2159,0
2160,1
2161,1
2162,1
2163,0
2164,1
2165,1
2166,1
2167,2
2168,0
2169,1
2170,0
2171,1
2172,1
2173,1
2174,0
2175,0
2176,0
2177,1
2178,1
2179,1
2180,0
2181,1
2182,1
2183,1
2184,0
2185,1
2186,1
2187,0
2188,1
2189,1
2190,0
2191,0
2192,1
2193,0
2194,0
2195,1
2196,1
2197,0
2198,0
2199,1
2200,1
2201,1
2202,1
2203,1
2204,1
2205,0
2206,0
2207,0
2208,1
2209,0
2210,0
2211,3
2212,1
2213,1
2214,2
2215,1
2216,1
2217,1
2218,1
2219,1
2220,1
2221,1
2222,1
2223,0
2224,1
2225,0
2226,1
2227,1
2228,1
2229,1
2230,0
2231,1
2232,1
2233,1
2234,1
2235,1
2236,0
2237,1
2238,1
2239,1
2240,0
2241,1
2242,1
2243,0
2244,1
2245,1
2246,1
2247,1
2248,1
2249,1
2250,0
2251,0
2252,1
2253,1
2254,1
2255,1
2256,2
2257,0
2258,2
2259,0
2260,0
2261,0
2262,1
2263,1
2264,1
2265,1
2266,1
2267,1
2268,1
2269,1
2270,0
2271,0
2272,1
2273,0
2274,1
2275,1
2276,1
2277,0
2278,1
2279,1
2280,1
2281,0
2282,1
2283,2
2284,0
2285,0
2286,1
2287,0
2288,1
2289,1
2290,1
2291,1
2292,0
2293,0
2294,1
2295,1
2296,0
2297,1
2298,0
2299,0
2300,1
2301,0
2302,1
2303,1
2304,0
2305,0
2306,1
2307,2
2308,0
2309,0
2310,1
2311,0
2312,0
2313,2
2314,1
2315,0
2316,0
2317,1
2318,1
2319,1
2320,1
2321,0
2322,1
2323,1
2324,0
2325,1
2326,1
2327,0
2328,1
2329,1
2330,1
2331,1
2332,0
2333,1
2334,2
2335,1
2336,1
2337,1
2338,1
2339,1
2340,2
2341,1
2342,1
2343,1
2344,1
2345,0
2346,1
2347,0
2348,1
2349,0
2350,1
2351,0
2352,2
2353,1
2354,0
2355,1
2356,0
2357,1
2358,2
2359,0
2360,1
2361,0
2362,1
2363,1
2364,1
2365,1
2366,1
2367,0
2368,3
2369,1
2370,1
2371,1
2372,2
2373,1
2374,0
2375,0
2376,0
2377,1
2378,0
2379,1
2380,1
2381,2
2382,1
2383,0
2384,1
2385,1
2386,1
2387,1
2388,1
2389,2
2390,0
2391,0
2392,2
2393,1
2394,1
2395,1
2396,1
2397,1
2398,0
2399,1
2400,1
2401,2
2402,1
2403,0
2404,1
2405,1
2406,1
2407,2
2408,0
2409,1
2410,0
2411,2
2412,1
2413,1
2414,0
2415,1
2416,2
2417,1
2418,1
2419,1
2420,1
2421,1
2422,1
2423,1
2424,2
2425,0
2426,1
2427,0
2428,1
2429,1
2430,1
2431,0
2432,0
2433,0
2434,0
2435,2
2436,0
2437,1
2438,1
2439,0
2440,1
2441,1
2442,2
2443,0
2444,1
2445,1
2446,2
2447,2
2448,1
2449,1
2450,0
2451,0
2452,2
2453,0
2454,1
2455,0
2456,1
2457,0
2458,1
2459,1
2460,1
2461,1
2462,1
2463,0
2464,1
2465,1
2466,0
2467,1
2468,1
2469,1
2470,1
2471,1
2472,1
2473,1
2474,1
2475,1
2476,1
2477,0
2478,1
2479,2
2480,1
2481,0
2482,0
2483,0
2484,1
2485,1
2486,1
2487,1
2488,1
2489,1
2490,1
2491,1
2492,1
2493,1
2494,1
2495,1
2496,1
2497,2
2498,0
2499,1
2500,1
2501,0
2502,0
2503,0
2504,0
2505,1
2506,0
2507,1
2508,1
2509,0
2510,1
2511,1
2512,0
2513,2
2514,0
2515,0
2516,1
2517,0
2518,1
2519,0
2520,1
2521,2
2522,0
2523,0
2524,1
2525,2
2526,1
2527,1
2528,2
2529,1
2530,1
2531,0
2532,1
2533,0
2534,1
2535,0
2536,0
2537,1
2538,1
2539,1
2540,1
2541,0
2542,1
2543,0
2544,1
2545,1
2546,1
2547,1
2548,1
2549,0
2550,1
2551,1
2552,1
2553,2
2554,1
2555,1
2556,2
2557,1
2558,1
2559,2
2560,0
2561,1
2562,0
2563,1
2564,1
2565,1
2566,1
2567,1
2568,1
2569,0
2570,1
2571,0
2572,2
2573,1
2574,0
2575,2
2576,0
2577,1
2578,1
2579,0
2580,1
2581,0
2582,1
2583,0
2584,2
2585,1
2586,1
2587,0
2588,1
2589,1
2590,1
2591,1
2592,1
2593,1
2594,3
2595,1
2596,2
2597,1
2598,2
2599,0
2600,1
2601,1
2602,0
2603,1
2604,0
2605,0
2606,0
2607,1
2608,1
2609,1
2610,0
2611,0
2612,1
2613,1
2614,0
2615,1
2616,0
2617,1
2618,1
2619,1
2620,1
2621,1
2622,0
2623,1
2624,1
2625,1
2626,1
2627,0
2628,0
2629,1
2630,0
2631,1
2632,2
2633,0
2634,1
2635,1
2636,1
2637,1
2638,1
2639,1
2640,0
2641,1
2642,1
2643,1
2644,0
2645,2
2646,2
2647,0
2648,2
2649,1
2650,1
2651,1
2652,1
2653,0
2654,0
2655,1
2656,1
2657,1
2658,1
2659,1
2660,0
2661,1
2662,2
2663,2
2664,0
2665,1
2666,0
2667,1
2668,1
2669,0
2670,1
2671,1
2672,1
2673,0
2674,1
2675,0
2676,2
2677,1
2678,0
2679,2
2680,0
2681,1
2682,1
2683,0
2684,0
2685,1
2686,1
2687,1
2688,1
2689,1
2690,0
2691,0
2692,0
2693,0
2694,0
2695,1
2696,3
2697,0
2698,1
2699,2
2700,1
2701,1
2702,1
2703,1
2704,0
2705,0
2706,0
2707,2
2708,1
2709,1
2710,0
2711,1
2712,1
2713,1
2714,1
2715,3
2716,1
2717,1
2718,1
2719,0
2720,0
2721,1
2722,2
2723,0
2724,1
2725,1
2726,1
2727,1
2728,0
2729,0
2730,1
2731,0
2732,1
2733,0
2734,1
2735,0
2736,1
2737,1
2738,1
2739,1
2740,0
2741,0
2742,1
2743,1
2744,1
2745,1
2746,1
2747,1
2748,1
2749,1
2750,1
2751,1
2752,0
2753,1
2754,1
2755,0
2756,0
2757,1
2758,1
2759,1
2760,0
2761,1
2762,1
2763,1
2764,1
2765,1
2766,1
2767,1
2768,0
2769,1
2770,0
2771,1
2772,0
2773,0
2774,1
2775,1
2776,1
2777,1
2778,1
2779,0
2780,1
2781,1
2782,1
2783,1
2784,0
2785,0
2786,0
2787,2
2788,1
2789,1
2790,0
2791,0
2792,1
2793,0
2794,0
2795,2
2796,1
2797,1
2798,1
2799,0
2800,2
2801,0
2802,0
2803,1
2804,1
2805,1
2806,1
2807,1
2808,1
2809,0
2810,0
2811,1
2812,0
2813,0
2814,1
2815,0
2816,1
2817,2
2818,1
2819,1
2820,0
2821,1
2822,0
2823,1
2824,1
2825,2
2826,2
2827,1
2828,1
2829,1
2830,1
2831,1
2832,2
2833,0
2834,2
2835,1
2836,1
2837,1
2838,1
2839,0
2840,1
2841,0
2842,2
2843,0
2844,1
2845,1
2846,0
2847,1
2848,2
2849,0
2850,1
2851,0
2852,1
2853,1
2854,1
2855,1
2856,2
2857,1
2858,0
2859,2
2860,0
2861,1
2862,1
2863,1
2864,1
2865,2
2866,1
2867,1
2868,1
2869,0
2870,0
2871,1
2872,0
2873,1
2874,0
2875,2
2876,1
2877,1
2878,2
2879,1
2880,1
2881,1
2882,1
2883,2
2884,1
2885,0
2886,1
2887,0
2888,0
2889,0
2890,0
2891,1
2892,2
2893,0
2894,0
2895,1
2896,2
2897,1
2898,0
2899,2
2900,0
2901,1
2902,2
2903,1
2904,1
2905,0
2906,1
2907,1
2908,0
2909,0
2910,2
2911,1
2912,1
2913,0
2914,1
2915,0
2916,0
2917,1
2918,0
2919,1
2920,1
2921,1
2922,2
2923,0
2924,0
2925,1
2926,1
2927,0
2928,1
2929,1
2930,0
2931,1
2932,1
2933,0
2934,1
2935,1
2936,0
2937,1
2938,1
2939,1
2940,0
2941,1
2942,1
2943,2
2944,1
2945,0
2946,1
2947,3
2948,1
2949,1
2950,0
2951,1
2952,0
2953,1
2954,0
2955,1
2956,0
2957,1
2958,0
2959,1
2960,1
2961,0
2962,1
2963,0
2964,1
2965,2
2966,0
2967,0
2968,1
2969,1
2970,1
2971,1
2972,1
2973,1
2974,2
2975,1
2976,1
2977,1
2978,1
2979,1
2980,1
2981,1
2982,1
2983,0
2984,0
2985,2
2986,0
2987,1
2988,1
2989,2
2990,1
2991,2
2992,1
2993,0
2994,1
2995,1
2996,0
2997,1
2998,1
2999,0
3000,1
3001,0
3002,1
3003,0
3004,1
3005,1
3006,2
3007,1
3008,2
3009,0
3010,1
3011,1
3012,0
3013,1
3014,1
3015,1
3016,0
3017,0
3018,1
3019,0
3020,0
3021,1
3022,0
3023,1
3024,0
3025,3
3026,1
3027,0
3028,2
3029,0
3030,1
3031,1
3032,1
3033,0
3034,0
3035,1
3036,1
3037,1
3038,2
3039,1
3040,1
3041,1
3042,2
3043,1
3044,0
3045,1
3046,1
3047,1
3048,0
3049,2
3050,1
3051,0
3052,0
3053,1
3054,0
3055,0
3056,1
3057,1
3058,1
3059,1
3060,1
3061,0
3062,1
3063,1
3064,1
3065,2
3066,1
3067,1
3068,1
3069,1
3070,1
3071,1
3072,0
3073,1
3074,0
3075,1
3076,1
3077,1
3078,1
3079,0
3080,0
3081,0
3082,0
3083,1
3084,1
3085,0
3086,1
3087,0
3088,1
3089,0
3090,0
3091,1
3092,0
3093,1
3094,1
3095,1
3096,2
3097,1
3098,1
3099,1
3100,1
3101,1
3102,0
3103,1
3104,1
3105,1
3106,0
3107,2
3108,1
3109,2
3110,0
3111,0
3112,2
3113,1
3114,0
3115,3
3116,1
3117,1
3118,0
3119,2
3120,1
3121,0
3122,1
3123,1
3124,0
3125,1
3126,0
3127,0
3128,2
3129,0
3130,1
3131,0
3132,1
3133,0
3134,1
3135,0
3136,1
3137,1
3138,0
3139,1
3140,1
3141,0
3142,0
3143,1
3144,1
3145,0
3146,1
3147,1
3148,1
3149,1
3150,1
3151,1
3152,1
3153,1
3154,1
3155,1
3156,0
3157,1
3158,1
3159,1
3160,0
3161,0
3162,1
3163,1
3164,0
3165,1
3166,0
3167,1
3168,1
3169,1
3170,1
3171,1
3172,0
3173,1
3174,0
3175,0
3176,1
3177,1
3178,0
3179,1
3180,0
3181,1
3182,1
3183,0
3184,0
3185,0
3186,0
3187,0
3188,1
3189,1
3190,2
3191,1
3192,1
3193,1
3194,1
3195,1
3196,1
3197,1
3198,1
3199,0
3200,1
3201,0
3202,2
3203,3
3204,2
3205,0
3206,1
3207,0
3208,0
3209,2
3210,0
3211,1
3212,0
3213,0
3214,1
3215,0
3216,2
3217,0
3218,0
3219,1
3220,0
3221,0
3222,0
3223,1
3224,0
3225,1
3226,1
3227,1
3228,1
3229,1
3230,1
3231,1
3232,0
3233,1
3234,1
3235,1
3236,1
3237,0
3238,0
3239,1
3240,0
3241,1
3242,1
3243,1
3244,1
3245,2
3246,1
3247,1
3248,0
3249,0
3250,0
3251,0
3252,0
3253,1
3254,1
3255,0
3256,1
3257,0
3258,1
3259,1
3260,1
3261,0
3262,0
3263,0
3264,0
3265,1
3266,1
3267,0
3268,1
3269,1
3270,0
3271,1
3272,0
3273,0
3274,0
3275,1
3276,0
3277,1
3278,1
3279,1
3280,0
3281,0
3282,0
3283,1
3284,1
3285,1
3286,1
3287,0
3288,0
3289,1
3290,0
3291,1
3292,1
3293,0
3294,0
3295,0
3296,1
3297,0
3298,1
3299,0
3300,2
3301,0
3302,1
3303,1
3304,1
3305,1
3306,1
3307,1
3308,1
3309,1
3310,1
3311,1
3312,1
3313,0
3314,2
3315,1
3316,0
3317,1
3318,1
3319,0
3320,2
3321,0
3322,1
3323,1
3324,0
3325,0
3326,1
3327,0
3328,0
3329,0
3330,1
3331,1
3332,1
3333,1
3334,1
3335,0
3336,1
3337,1
3338,2
3339,1
3340,1
3341,1
3342,0
3343,0
3344,3
3345,2
3346,2
3347,1
3348,1
3349,1
3350,1
3351,1
3352,1
3353,1
3354,1
3355,0
3356,1
3357,0
3358,1
3359,0
3360,2
3361,0
3362,0
3363,0
3364,2
3365,0
3366,1
3367,1
3368,1
3369,0
3370,1
3371,1
3372,0
3373,0
3374,1
3375,1
3376,1
3377,0
3378,2
3379,0
3380,0
3381,0
3382,0
3383,1
3384,0
3385,1
3386,1
3387,1
3388,1
3389,0
3390,0
3391,0
3392,2
3393,1
3394,1
3395,1
3396,0
3397,1
3398,1
3399,1
3400,1
3401,0
3402,0
3403,1
3404,0
3405,1
3406,1
3407,0
3408,2
3409,0
3410,0
3411,1
3412,1
3413,1
3414,0
3415,1
3416,1
3417,1
3418,0
3419,0
3420,1
3421,1
3422,0
3423,1
3424,1
3425,0
3426,0
3427,1
3428,2
3429,0
3430,3
3431,0
3432,0
3433,1
3434,1
3435,1
3436,2
3437,1
3438,3
3439,0
3440,1
3441,0
3442,0
3443,1
3444,0
3445,1
3446,1
3447,0
3448,1
3449,0
3450,1
3451,0
3452,1
3453,1
3454,2
3455,1
3456,2
3457,0
3458,0
3459,1
3460,1
3461,0
3462,0
3463,1
3464,1
3465,0
3466,1
3467,1
3468,0
3469,0
3470,1
3471,1
3472,1
3473,2
3474,1
3475,1
3476,1
3477,2
3478,1
3479,1
3480,1
3481,1
3482,0
3483,1
3484,1
3485,0
3486,1
3487,0
3488,1
3489,0
3490,0
3491,1
3492,1
3493,1
3494,0
3495,2
3496,0
3497,1
3498,1
3499,2
3500,1
3501,1
3502,0
3503,1
3504,1
3505,1
3506,1
3507,0
3508,2
3509,1
3510,0
3511,1
3512,0
3513,0
3514,1
3515,0
3516,1
3517,0
3518,1
3519,1
3520,0
3521,0
3522,2
3523,1
3524,1
3525,1
3526,0
3527,1
3528,1
3529,1
3530,0
3531,1
3532,1
3533,1
3534,0
3535,0
3536,2
3537,2
3538,1
3539,1
3540,1
3541,0
3542,1
3543,0
3544,3
3545,2
3546,2
3547,1
3548,2
3549,0
3550,2
3551,0
3552,1
3553,1
3554,0
3555,0
3556,0
3557,1
3558,0
3559,1
3560,1
3561,1
3562,1
3563,1
3564,1
3565,1
3566,0
3567,0
3568,1
3569,1
3570,0
3571,1
3572,0
3573,1
3574,1
3575,1
3576,0
3577,1
3578,1
3579,1
3580,1
3581,1
3582,1
3583,0
3584,0
3585,1
3586,1
3587,1
3588,0
3589,1
3590,0
3591,1
3592,2
3593,0
3594,1
3595,1
3596,1
3597,0
3598,1
3599,0
3600,1
3601,1
3602,1
3603,1
3604,0
3605,0
3606,0
3607,1
3608,0
3609,0
3610,1
3611,1
3612,0
3613,1
3614,0
3615,1
3616,1
3617,0
3618,0
3619,0
3620,0
3621,0
3622,1
3623,1
3624,1
3625,1
3626,0
3627,1
3628,1
3629,0
3630,1
3631,2
3632,0
3633,0
3634,1
3635,1
3636,1
3637,0
3638,2
3639,0
3640,1
3641,3
3642,2
3643,0
3644,0
3645,1
3646,1
3647,0
3648,2
3649,0
3650,1
3651,0
3652,1
3653,1
3654,0
3655,0
3656,2
3657,0
3658,1
3659,1
3660,0
3661,0
3662,1
3663,1
3664,0
3665,1
3666,0
3667,1
3668,1
3669,1
3670,1
3671,0
3672,1
3673,1
3674,0
3675,1
3676,1
3677,1
3678,0
3679,1
3680,1
3681,0
3682,0
3683,1
3684,2
3685,1
3686,1
3687,1
3688,1
3689,1
3690,1
3691,1
3692,0
3693,1
3694,2
3695,1
3696,1
3697,1
3698,0
3699,1
3700,1
3701,0
3702,1
3703,4
3704,0
3705,1
3706,1
3707,0
3708,0
3709,1
3710,1
3711,2
3712,0
3713,3
3714,1
3715,1
3716,1
3717,0
3718,1
3719,1
3720,1
3721,1
3722,2
3723,0
3724,1
3725,0
3726,1
3727,0
3728,1
3729,0
3730,0
3731,1
3732,1
3733,1
3734,1
3735,0
3736,1
3737,0
3738,1
3739,1
3740,2
3741,0
3742,0
3743,0
3744,1
3745,0
3746,2
3747,1
3748,0
3749,2
3750,1
3751,0
3752,1
3753,1
3754,1
3755,1
3756,1
3757,1
3758,1
3759,1
3760,1
3761,1
3762,1
3763,0
3764,0
3765,1
3766,0
3767,1
3768,0
3769,0
3770,2
3771,0
3772,0
3773,1
3774,0
3775,1
3776,1
3777,1
3778,0
3779,0
3780,1
3781,1
3782,1
3783,0
3784,1
3785,0
3786,2
3787,1
3788,0
3789,1
3790,0
3791,1
3792,1
3793,1
3794,1
3795,1
3796,1
3797,1
3798,1
3799,0
3800,2
3801,0
3802,1
3803,0
3804,0
3805,1
3806,1
3807,0
3808,1
3809,1
3810,1
3811,1
3812,1
3813,0
3814,1
3815,1
3816,2
3817,1
3818,1
3819,1
3820,0
3821,1
3822,1
3823,1
3824,2
3825,0
3826,1
3827,1
3828,1
3829,1
3830,1
3831,1
3832,0
3833,1
3834,2
3835,1
3836,1
3837,1
3838,2
3839,0
3840,1
3841,0
3842,0
3843,1
3844,1
3845,1
3846,1
3847,1
3848,1
3849,0
3850,0
3851,1
3852,1
3853,0
3854,1
3855,0
3856,0
3857,1
3858,1
3859,0
3860,1
3861,1
3862,1
3863,1
3864,0
3865,1
3866,1
3867,2
3868,1
3869,1
3870,1
3871,1
3872,0
3873,0
3874,0
3875,1
3876,1
3877,0
3878,1
3879,1
3880,1
3881,0
3882,1
3883,2
3884,1
3885,1
3886,1
3887,1
3888,1
3889,1
3890,1
3891,0
3892,2
3893,1
3894,2
3895,1
3896,0
3897,3
3898,1
3899,1
3900,0
3901,1
3902,2
3903,1
3904,1
3905,2
3906,1
3907,0
3908,2
3909,0
3910,1
3911,0
3912,1
3913,2
3914,1
3915,0
3916,1
3917,0
3918,0
3919,0
3920,1
3921,0
3922,1
3923,1
3924,0
3925,1
3926,0
3927,1
3928,2
3929,1
3930,0
3931,1
3932,0
3933,2
3934,0
3935,1
3936,1
3937,0
3938,0
3939,1
3940,1
3941,0
3942,0
3943,1
3944,1
3945,1
3946,0
3947,0
3948,1
3949,0
3950,1
3951,1
3952,1
3953,0
3954,1
3955,0
3956,1
3957,1
3958,0
3959,0
3960,1
3961,1
3962,0
3963,1
3964,1
3965,0
3966,0
3967,5
3968,1
3969,1
3970,0
3971,1
3972,1
3973,1
3974,1
3975,0
3976,0
3977,1
3978,1
3979,3
3980,1
3981,1
3982,1
3983,1
3984,0
3985,1
3986,1
3987,1
3988,2
3989,1
3990,0
3991,1
3992,1
3993,0
3994,1
3995,1
3996,1
3997,0
3998,2
3999,0
4000,1
4001,0
4002,0
4003,1
4004,1
4005,0
4006,0
4007,0
4008,0
4009,0
4010,1
4011,1
4012,1
4013,2
4014,1
4015,1
4016,1
4017,1
4018,2
4019,1
4020,1
4021,1
4022,1
4023,1
4024,0
4025,1
4026,1
4027,1
4028,1
4029,1
4030,1
4031,0
4032,1
4033,1
4034,0
4035,1
4036,1
4037,1
4038,1
4039,1
4040,1
4041,1
4042,1
4043,0
4044,0
4045,0
4046,0
4047,0
4048,1
4049,2
4050,1
4051,0
4052,1
4053,2
4054,0
4055,0
4056,1
4057,1
4058,1
4059,0
4060,1
4061,0
4062,1
4063,1
4064,2
4065,1
4066,1
4067,1
4068,1
4069,1
4070,2
4071,1
4072,1
4073,1
4074,0
4075,1
4076,2
4077,1
4078,1
4079,0
4080,1
4081,2
4082,1
4083,1
4084,1
4085,0
4086,1
4087,1
4088,1
4089,0
4090,1
4091,2
4092,0
4093,1
4094,1
4095,0
4096,0
4097,1
4098,2
4099,1
4100,1
4101,0
4102,1
4103,1
4104,0
4105,1
4106,0
4107,1
4108,1
4109,1
4110,1
4111,0
4112,1
4113,0
4114,1
4115,0
4116,0
4117,1
4118,1
4119,0
4120,0
4121,1
4122,0
4123,1
4124,1
4125,0
4126,1
4127,1
4128,0
4129,1
4130,2
4131,1
4132,1
4133,1
4134,0
4135,1
4136,1
4137,0
4138,0
4139,1
4140,1
4141,1
4142,0
4143,2
4144,0
4145,1
4146,1
4147,2
4148,0
4149,0
4150,1
4151,1
4152,0
4153,2
4154,1
4155,1
4156,0
4157,1
4158,3
4159,0
4160,1
4161,1
4162,0
4163,1
4164,1
4165,0
4166,1
4167,1
4168,1
4169,0
4170,1
4171,1
4172,1
4173,0
4174,0
4175,0
4176,1
4177,0
4178,1
4179,1
4180,1
4181,1
4182,1
4183,1
4184,1
4185,1
4186,3
4187,2
4188,1
4189,1
4190,1
4191,1
4192,1
4193,0
4194,0
4195,1
4196,1
4197,0
4198,0
4199,1
4200,2
4201,1
4202,1
4203,1
4204,1
4205,1
4206,1
4207,1
4208,1
4209,1
4210,1
4211,1
4212,1
4213,0
4214,1
4215,0
4216,1
4217,1
4218,0
4219,1
4220,0
4221,1
4222,0
4223,1
4224,2
4225,1
4226,1
4227,1
4228,0
4229,0
4230,0
4231,2
4232,1
4233,0
4234,1
4235,1
4236,0
4237,1
4238,2
4239,1
4240,0
4241,2
4242,2
4243,2
4244,1
4245,2
4246,0
4247,0
4248,1
4249,0
4250,0
4251,1
4252,1
4253,2
4254,0
4255,1
4256,1
4257,1
4258,3
4259,1
4260,1
4261,2
4262,2
4263,1
4264,2
4265,0
4266,1
4267,2
4268,0
4269,0
4270,1
4271,1
4272,0
4273,1
4274,1
4275,0
4276,1
4277,1
4278,0
4279,2
4280,1
4281,0
4282,2
4283,1
4284,1
4285,1
4286,0
4287,1
4288,0
4289,0
4290,1
4291,1
4292,0
4293,2
4294,1
4295,1
4296,1
4297,1
4298,1
4299,0
4300,0
4301,1
4302,2
4303,1
4304,1
4305,0
4306,1
4307,1
4308,0
4309,1
4310,2
4311,1
4312,0
4313,0
4314,0
4315,1
4316,0
4317,0
4318,1
4319,1
4320,1
4321,1
4322,0
4323,2
4324,0
4325,1
4326,1
4327,0
4328,2
4329,2
4330,1
4331,1
4332,0
4333,1
4334,1
4335,1
4336,1
4337,1
4338,1
4339,0
4340,1
4341,1
4342,1
4343,0
4344,2
4345,0
4346,0
4347,1
4348,1
4349,0
4350,3
4351,1
4352,1
4353,1
4354,1
4355,1
4356,1
4357,1
4358,1
4359,1
4360,1
4361,1
4362,3
4363,1
4364,1
4365,0
4366,0
4367,1
4368,1
4369,0
4370,1
4371,1
4372,1
4373,1
4374,0
4375,1
4376,1
4377,1
4378,1
4379,1
4380,1
4381,1
4382,0
4383,1
4384,1
4385,0
4386,0
4387,1
4388,1
4389,0
4390,1
4391,1
4392,1
4393,0
4394,2
4395,2
4396,1
4397,1
4398,1
4399,0
4400,1
4401,0
4402,1
4403,1
4404,0
4405,0
4406,0
4407,0
4408,1
4409,1
4410,0
4411,0
4412,0
4413,0
4414,0
4415,1
4416,1
4417,2
4418,1
4419,1
4420,2
4421,1
4422,1
4423,0
4424,1
4425,1
4426,1
4427,0
4428,1
4429,1
4430,1
4431,1
4432,0
4433,1
4434,1
4435,2
4436,3
4437,1
4438,1
4439,2
4440,1
4441,2
4442,1
4443,0
4444,1
4445,1
4446,1
4447,0
4448,2
4449,1
4450,0
4451,1
4452,0
4453,1
4454,0
4455,0
4456,0
4457,0
4458,0
4459,1
4460,1
4461,0
4462,1
4463,1
4464,1
4465,0
4466,1
4467,0
4468,2
4469,2
4470,1
4471,1
4472,1
4473,1
4474,1
4475,1
4476,0
4477,1
4478,1
4479,1
4480,0
4481,1
4482,1
4483,0
4484,1
4485,1
4486,1
4487,1
4488,0
4489,1
4490,1
4491,1
4492,1
4493,1
4494,1
4495,0
4496,1
4497,1
4498,1
4499,0
4500,1
4501,0
4502,1
4503,1
4504,1
4505,0
4506,1
4507,0
4508,1
4509,0
4510,1
4511,1
4512,1
4513,0
4514,0
4515,1
4516,1
4517,0
4518,0
4519,1
4520,0
4521,1
4522,0
4523,2
4524,0
4525,1
4526,2
4527,1
4528,2
4529,2
4530,0
4531,2
4532,1
4533,1
4534,0
4535,1
4536,1
4537,1
4538,2
4539,0
4540,1
4541,1
4542,1
4543,1
4544,1
4545,0
4546,2
4547,1
4548,1
4549,1
4550,1
4551,1
4552,1
4553,1
4554,0
4555,0
4556,1
4557,1
4558,1
4559,1
4560,0
4561,0
4562,1
4563,1
4564,1
4565,0
4566,1
4567,2
4568,0
4569,0
4570,0
4571,1
4572,1
4573,0
4574,1
4575,1
4576,2
4577,1
4578,1
4579,1
4580,0
4581,1
4582,4
4583,1
4584,0
4585,1
4586,1
4587,0
4588,1
4589,0
4590,1
4591,1
4592,1
4593,1
4594,0
4595,1
4596,2
4597,1
4598,0
4599,1
4600,0
4601,2
4602,0
4603,1
4604,1
4605,1
4606,0
4607,0
4608,1
4609,0
4610,1
4611,0
4612,1
4613,0
4614,0
4615,2
4616,1
4617,0
4618,1
4619,0
4620,0
4621,1
4622,1
4623,1
4624,1
4625,1
4626,0
4627,1
4628,0
4629,1
4630,2
4631,1
4632,1
4633,1
4634,0
4635,1
4636,0
4637,1
4638,0
4639,1
4640,1
4641,1
4642,1
4643,2
4644,0
4645,1
4646,2
4647,0
4648,1
4649,0
4650,2
4651,0
4652,0
4653,0
4654,1
4655,2
4656,1
4657,1
4658,2
4659,1
4660,0
4661,0
4662,1
4663,0
4664,1
4665,1
4666,0
4667,0
4668,0
4669,1
4670,0
4671,2
4672,1
4673,0
4674,2
4675,0
4676,1
4677,2
4678,0
4679,0
4680,1
4681,0
4682,1
4683,1
4684,1
4685,3
4686,2
4687,0
4688,3
4689,1
4690,1
4691,1
4692,0
4693,0
4694,1
4695,1
4696,1
4697,1
4698,1
4699,0
4700,0
4701,1
4702,0
4703,1
4704,1
4705,1
4706,1
4707,1
4708,1
4709,1
4710,1
4711,1
4712,0
4713,2
4714,0
4715,0
4716,0
4717,1
4718,1
4719,0
4720,1
4721,1
4722,0
4723,1
4724,1
4725,1
4726,0
4727,0
4728,1
4729,0
4730,1
4731,1
4732,2
4733,1
4734,0
4735,1
4736,2
4737,0
4738,2
4739,2
4740,1
4741,1
4742,1
4743,0
4744,0
4745,0
4746,0
4747,1
4748,2
4749,1
4750,0
4751,1
4752,0
4753,1
4754,1
4755,1
4756,0
4757,1
4758,1
4759,0
4760,0
4761,1
4762,0
4763,1
4764,1
4765,0
4766,1
4767,1
4768,0
4769,2
4770,1
4771,0
4772,1
4773,1
4774,1
4775,3
4776,1
4777,1
4778,1
4779,2
4780,1
4781,0
4782,1
4783,0
4784,1
4785,1
4786,1
4787,1
4788,0
4789,1
4790,1
4791,0
4792,2
4793,1
4794,0
4795,0
4796,1
4797,1
4798,1
4799,1
4800,0
4801,2
4802,0
4803,0
4804,1
4805,1
4806,1
4807,1
4808,1
4809,0
4810,1
4811,0
4812,0
4813,1
4814,1
4815,1
4816,1
4817,2
4818,0
4819,0
4820,1
4821,1
4822,0
4823,1
4824,1
4825,1
4826,1
4827,0
4828,2
4829,1
4830,0
4831,0
4832,1
4833,1
4834,0
4835,0
4836,1
4837,1
4838,0
4839,1
4840,0
4841,0
4842,0
4843,0
4844,1
4845,1
4846,1
4847,1
4848,0
4849,0
4850,0
4851,2
4852,1
4853,0
4854,1
4855,2
4856,1
4857,1
4858,1
4859,1
4860,1
4861,0
4862,0
4863,2
4864,1
4865,1
4866,1
4867,1
4868,1
4869,0
4870,0
4871,1
4872,1
4873,0
4874,1
4875,0
4876,1
4877,0
4878,1
4879,1
4880,1
4881,2
4882,1
4883,0
4884,0
4885,0
4886,0
4887,1
4888,1
4889,1
4890,0
4891,1
4892,2
4893,1
4894,1
4895,0
4896,2
4897,1
4898,2
4899,1
4900,1
4901,0
4902,2
4903,0
4904,1
4905,2
4906,1
4907,1
4908,0
4909,1
4910,0
4911,2
4912,0
4913,0
4914,1
4915,1
4916,1
4917,0
4918,0
4919,1
4920,1
4921,1
4922,1
4923,1
4924,1
4925,1
4926,0
4927,1
4928,1
4929,0
4930,1
4931,0
4932,1
4933,1
4934,1
4935,0
4936,1
4937,1
4938,0
4939,1
4940,1
4941,1
4942,0
4943,1
4944,1
4945,0
4946,0
4947,0
4948,0
4949,0
4950,1
4951,1
4952,0
4953,1
4954,0
4955,1
4956,0
4957,1
4958,1
4959,0
4960,1
4961,1
4962,0
4963,1
4964,1
4965,0
4966,1
4967,0
4968,3
4969,2
4970,0
4971,1
4972,1
4973,1
4974,1
4975,1
4976,1
4977,0
4978,1
4979,0
4980,0
4981,1
4982,1
4983,1
4984,0
4985,1
4986,1
4987,1
4988,0
4989,0
4990,2
4991,1
4992,1
4993,0
4994,1
4995,0
4996,1
4997,1
4998,0
4999,1
5000,0
5001,1
5002,1
5003,1
5004,0
5005,0
5006,1
5007,0
5008,0
5009,1
5010,1
5011,0
5012,0
5013,1
5014,0
5015,0
5016,0
5017,0
5018,0
5019,0
5020,0
5021,0
5022,0
5023,1
5024,0
5025,0
5026,0
5027,0
5028,0
5029,1
5030,1
5031,0
5032,0
5033,0
5034,1
5035,1
5036,1
5037,0
5038,0
5039,0
5040,2
5041,0
5042,0
5043,1
5044,0
5045,1
5046,0
5047,1
5048,0
5049,0
5050,1
5051,0
5052,0
5053,1
5054,0
5055,0
5056,0
5057,1
5058,0
5059,0
5060,0
5061,0
5062,0
5063,0
5064,0
5065,0
5066,0
5067,0
5068,1
5069,0
5070,1
5071,0
5072,1
5073,0
5074,0
5075,1
5076,0
5077,1
5078,0
5079,0
5080,1
5081,0
5082,1
5083,0
5084,0
5085,1
5086,1
5087,0
5088,1
5089,1
5090,1
5091,0
5092,0
5093,1
5094,0
5095,1
5096,0
5097,1
5098,1
5099,0
5100,0
5101,0
5102,1
5103,1
5104,0
5105,1
5106,0
5107,0
5108,0
5109,0
5110,0
5111,1
5112,0
5113,1
5114,0
5115,2
5116,1
5117,1
5118,0
5119,0
5120,1
5121,1
5122,1
5123,1
5124,0
5125,0
5126,0
5127,1
5128,0
5129,0
5130,0
5131,1
5132,0
5133,0
5134,1
5135,1
5136,1
5137,0
5138,1
5139,0
5140,2
5141,1
5142,1
5143,1
5144,1
5145,0
5146,1
5147,1
5148,0
5149,1
5150,0
5151,1
5152,0
5153,1
5154,0
5155,0
5156,1
5157,1
5158,0
5159,0
5160,1
5161,1
5162,0
5163,1
5164,0
5165,1
5166,0
5167,0
5168,0
5169,1
5170,1
5171,0
5172,0
5173,3
5174,0
5175,0
5176,0
5177,0
5178,1
5179,1
5180,0
5181,1
5182,0
5183,1
5184,0
5185,0
5186,1
5187,1
5188,1
5189,0
5190,1
5191,0
5192,0
5193,0
5194,1
5195,0
5196,1
5197,0
5198,0
5199,1
5200,0
5201,0
5202,1
5203,0
5204,1
5205,0
5206,1
5207,1
5208,0
5209,1
5210,1
5211,0
5212,1
5213,1
5214,0
5215,0
5216,0
5217,0
5218,1
5219,0
5220,1
5221,0
5222,1
5223,1
5224,0
5225,0
5226,0
5227,0
5228,0
5229,1
5230,1
5231,0
5232,1
5233,1
5234,0
5235,0
5236,0
5237,1
5238,0
5239,0
5240,1
5241,1
5242,1
5243,1
5244,0
5245,1
5246,1
5247,0
5248,0
5249,0
5250,0
5251,0
5252,1
5253,0
5254,0
5255,0
5256,1
5257,0
5258,0
5259,0
5260,1
5261,0
5262,0
5263,0
5264,1
5265,0
5266,0
5267,0
5268,0
5269,1
5270,1
5271,1
5272,1
5273,1
5274,0
5275,0
5276,1
5277,0
5278,0
5279,1
5280,1
5281,1
5282,0
5283,0
5284,0
5285,1
5286,1
5287,1
5288,0
5289,1
5290,0
5291,1
5292,0
5293,0
5294,0
5295,0
5296,1
5297,0
5298,0
5299,1
5300,1
5301,1
5302,1
5303,1
5304,1
5305,1
5306,0
5307,0
5308,1
5309,0
5310,0
5311,1
5312,0
5313,1
5314,1
5315,0
5316,0
5317,0
5318,1
5319,0
5320,1
5321,2
5322,1
5323,0
5324,0
5325,0
5326,1
5327,1
5328,1
5329,0
5330,1
5331,0
5332,1
5333,0
5334,0
5335,1
5336,1
5337,0
5338,1
5339,0
5340,1
5341,0
5342,1
5343,0
5344,2
5345,0
5346,0
5347,0
5348,1
5349,0
5350,1
5351,1
5352,0
5353,0
5354,0
5355,1
5356,0
5357,0
5358,1
5359,1
5360,1
5361,1
5362,0
5363,1
5364,0
5365,1
5366,1
5367,1
5368,1
5369,1
5370,1
5371,0
5372,0
5373,0
5374,1
5375,0
5376,0
5377,0
5378,1
5379,2
5380,0
5381,0
5382,0
5383,0
5384,1
5385,1
5386,1
5387,0
5388,1
5389,0
5390,0
5391,0
5392,0
5393,0
5394,0
5395,1
5396,0
5397,0
5398,1
5399,1
5400,2
5401,1
5402,1
5403,0
5404,0
5405,0
5406,1
5407,1
5408,0
5409,0
5410,1
5411,1
5412,1
5413,1
5414,1
5415,0
5416,1
5417,0
5418,0
5419,0
5420,1
5421,0
5422,0
5423,0
5424,0
5425,1
5426,1
5427,1
5428,0
5429,0
5430,0
5431,1
5432,0
5433,1
5434,0
5435,0
5436,0
5437,1
5438,1
5439,0
5440,1
5441,1
5442,0
5443,1
5444,0
5445,1
5446,0
5447,1
5448,0
5449,1
5450,0
5451,0
5452,0
5453,0
5454,0
5455,0
5456,0
5457,1
5458,0
5459,1
5460,1
5461,0
5462,0
5463,0
5464,0
5465,0
5466,1
5467,0
5468,1
5469,1
5470,0
5471,2
5472,2
5473,1
5474,1
5475,0
5476,0
5477,1
5478,1
5479,0
5480,1
5481,1
5482,1
5483,0
5484,1
5485,0
5486,0
5487,1
5488,0
5489,0
5490,0
5491,0
5492,0
5493,0
5494,0
5495,0
5496,1
5497,1
5498,1
5499,0
5500,1
5501,2
5502,0
5503,0
5504,0
5505,2
5506,1
5507,1
5508,0
5509,0
5510,0
5511,1
5512,0
5513,0
5514,0
5515,0
5516,1
5517,1
5518,1
5519,0
5520,1
5521,1
5522,0
5523,0
5524,2
5525,1
5526,2
5527,0
5528,0
5529,2
5530,1
5531,0
5532,0
5533,0
5534,0
5535,0
5536,0
5537,0
5538,0
5539,1
5540,0
5541,0
5542,0
5543,0
5544,0
5545,0
5546,0
5547,1
5548,0
5549,1
5550,0
5551,0
5552,0
5553,0
5554,0
5555,1
5556,0
5557,1
5558,0
5559,0
5560,0
5561,1
5562,1
5563,1
5564,1
5565,1
5566,0
5567,1
5568,0
5569,1
5570,1
5571,1
5572,1
5573,0
5574,0
5575,0
5576,1
5577,0
5578,1
5579,0
5580,0
5581,0
5582,0
5583,0
5584,1
5585,1
5586,0
5587,1
5588,0
5589,1
5590,1
5591,1
5592,0
5593,1
5594,0
5595,0
5596,0
5597,1
5598,0
5599,0
5600,0
5601,0
5602,0
5603,1
5604,1
5605,0
5606,0
5607,1
5608,0
5609,0
5610,0
5611,1
5612,1
5613,0
5614,0
5615,0
5616,1
5617,1
5618,0
5619,1
5620,0
5621,0
5622,0
5623,1
5624,0
5625,2
5626,1
5627,0
5628,0
5629,0
5630,1
5631,0
5632,0
5633,1
5634,1
5635,1
5636,0
5637,0
5638,0
5639,1
5640,0
5641,0
5642,0
5643,1
5644,0
5645,0
5646,1
5647,0
5648,1
5649,0
5650,0
5651,1
5652,0
5653,1
5654,1
5655,0
5656,0
5657,1
5658,0
5659,0
5660,1
5661,0
5662,1
5663,1
5664,0
5665,0
5666,0
5667,1
5668,1
5669,1
5670,0
5671,0
5672,2
5673,0
5674,1
5675,1
5676,0
5677,0
5678,0
5679,1
5680,1
5681,1
5682,0
5683,1
5684,1
5685,1
5686,0
5687,0
5688,1
5689,0
5690,0
5691,1
5692,0
5693,0
5694,0
5695,1
5696,0
5697,0
5698,1
5699,1
5700,0
5701,0
5702,1
5703,1
5704,1
5705,0
5706,1
5707,1
5708,1
5709,1
5710,0
5711,1
5712,1
5713,0
5714,0
5715,0
5716,0
5717,1
5718,0
5719,1
5720,0
5721,0
5722,1
5723,1
5724,0
5725,1
5726,0
5727,0
5728,0
5729,0
5730,1
5731,0
5732,0
5733,1
5734,0
5735,0
5736,1
5737,1
5738,1
5739,0
5740,0
5741,0
5742,2
5743,1
5744,1
5745,0
5746,0
5747,0
5748,1
5749,1
5750,0
5751,2
5752,0
5753,0
5754,0
5755,0
5756,1
5757,0
5758,0
5759,0
5760,0
5761,1
5762,0
5763,1
5764,1
5765,0
5766,1
5767,0
5768,1
5769,1
5770,0
5771,1
5772,0
5773,2
5774,1
5775,1
5776,0
5777,1
5778,0
5779,1
5780,2
5781,0
5782,0
5783,2
5784,0
5785,1
5786,0
5787,1
5788,0
5789,2
5790,1
5791,0
5792,0
5793,1
5794,0
5795,0
5796,0
5797,0
5798,0
5799,0
5800,1
5801,1
5802,2
5803,0
5804,0
5805,0
5806,0
5807,1
5808,0
5809,0
5810,2
5811,1
5812,1
5813,1
5814,0
5815,0
5816,0
5817,0
5818,0
5819,0
5820,1
5821,0
5822,1
5823,0
5824,1
5825,0
5826,2
5827,0
5828,1
5829,0
5830,0
5831,0
5832,1
5833,0
5834,0
5835,1
5836,0
5837,1
5838,1
5839,0
5840,1
5841,0
5842,0
5843,0
5844,1
5845,0
5846,1
5847,0
5848,1
5849,0
5850,0
5851,0
5852,0
5853,0
5854,0
5855,2
5856,1
5857,0
5858,0
5859,0
5860,1
5861,1
5862,1
5863,0
5864,0
5865,0
5866,0
5867,1
5868,1
5869,0
5870,0
5871,0
5872,0
5873,2
5874,1
5875,0
5876,1
5877,0
5878,0
5879,0
5880,0
5881,1
5882,0
5883,0
5884,1
5885,1
5886,1
5887,1
5888,1
5889,0
5890,1
5891,0
5892,0
5893,0
5894,0
5895,1
5896,1
5897,1
5898,0
5899,0
5900,0
5901,1
5902,1
5903,1
5904,0
5905,1
5906,1
5907,0
5908,0
5909,0
5910,0
5911,0
5912,1
5913,1
5914,0
5915,1
5916,1
5917,1
5918,0
5919,1
5920,0
5921,0
5922,0
5923,0
5924,0
5925,0
5926,0
5927,1
5928,0
5929,0
5930,0
5931,0
5932,1
5933,0
5934,0
5935,0
5936,1
5937,0
5938,1
5939,1
5940,1
5941,1
5942,0
5943,0
5944,1
5945,1
5946,1
5947,1
5948,1
5949,1
5950,0
5951,1
5952,1
5953,0
5954,0
5955,0
5956,1
5957,1
5958,0
5959,1
5960,1
5961,0
5962,1
5963,1
5964,0
5965,0
5966,0
5967,0
5968,0
5969,0
5970,1
5971,0
5972,1
5973,1
5974,0
5975,1
5976,0
5977,0
5978,0
5979,0
5980,1
5981,0
5982,0
5983,1
5984,1
5985,0
5986,0
5987,1
5988,0
5989,0
5990,0
5991,1
5992,0
5993,0
5994,0
5995,0
5996,1
5997,2
5998,1
5999,1
6000,1
6001,1
6002,0
6003,0
6004,0
6005,0
6006,0
6007,0
6008,1
6009,1
6010,1
6011,0
6012,1
6013,0
6014,0
6015,0
6016,0
6017,1
6018,1
6019,0
6020,1
6021,1
6022,0
6023,0
6024,0
6025,0
6026,0
6027,1
6028,0
6029,1
6030,0
6031,0
6032,1
6033,0
6034,0
6035,0
6036,1
6037,0
6038,1
6039,1
6040,1
6041,1
6042,0
6043,1
6044,1
6045,0
6046,0
6047,0
6048,1
6049,0
6050,0
6051,1
6052,0
6053,0
6054,1
6055,0
6056,0
6057,1
6058,0
6059,0
6060,0
6061,0
6062,0
6063,0
6064,0
6065,0
6066,1
6067,0
6068,0
6069,0
6070,0
6071,1
6072,2
6073,0
6074,1
6075,0
6076,1
6077,0
6078,1
6079,0
6080,0
6081,0
6082,0
6083,0
6084,0
6085,1
6086,1
6087,0
6088,1
6089,0
6090,0
6091,1
6092,0
6093,1
6094,1
6095,0
6096,0
6097,0
6098,0
6099,0
6100,1
6101,0
6102,1
6103,0
6104,0
6105,0
6106,0
6107,1
6108,0
6109,0
6110,1
6111,0
6112,0
6113,0
6114,3
6115,1
6116,0
6117,1
6118,0
6119,0
6120,0
6121,0
6122,0
6123,1
6124,1
6125,1
6126,1
6127,0
6128,1
6129,1
6130,0
6131,1
6132,1
6133,0
6134,0
6135,0
6136,0
6137,0
6138,0
6139,0
6140,1
6141,1
6142,1
6143,1
6144,0
6145,0
6146,0
6147,0
6148,0
6149,0
6150,0
6151,0
6152,1
6153,1
6154,1
6155,0
6156,1
6157,0
6158,0
6159,0
6160,1
6161,0
6162,0
6163,0
6164,0
6165,1
6166,0
6167,1
6168,1
6169,1
6170,1
6171,1
6172,1
6173,1
6174,0
6175,1
6176,0
6177,1
6178,1
6179,0
6180,1
6181,0
6182,1
6183,0
6184,0
6185,0
6186,0
6187,0
6188,1
6189,1
6190,1
6191,1
6192,0
6193,0
6194,0
6195,1
6196,0
6197,0
6198,1
6199,0
6200,2
6201,1
6202,1
6203,1
6204,1
6205,0
6206,0
6207,0
6208,1
6209,0
6210,0
6211,1
6212,1
6213,0
6214,1
6215,1
6216,1
6217,1
6218,0
6219,1
6220,1
6221,0
6222,0
6223,0
6224,1
6225,0
6226,1
6227,0
6228,0
6229,1
6230,1
6231,1
6232,0
6233,0
6234,1
6235,1
6236,0
6237,1
6238,1
6239,1
6240,0
6241,0
6242,1
6243,0
6244,0
6245,1
6246,1
6247,1
6248,1
6249,0
6250,0
6251,0
6252,0
6253,0
6254,1
6255,1
6256,0
6257,1
6258,0
6259,0
6260,0
6261,0
6262,0
6263,1
6264,0
6265,1
6266,0
6267,0
6268,1
6269,0
6270,0
6271,0
6272,1
6273,2
6274,1
6275,2
6276,0
6277,1
6278,1
6279,1
6280,1
6281,0
6282,0
6283,1
6284,0
6285,1
6286,0
6287,1
6288,1
6289,1
6290,0
6291,0
6292,0
6293,0
6294,0
6295,1
6296,1
6297,1
6298,1
6299,0
6300,1
6301,0
6302,0
6303,1
6304,0
6305,1
6306,0
6307,1
6308,1
6309,0
6310,0
6311,0
6312,0
6313,0
6314,0
6315,0
6316,0
6317,1
6318,0
6319,0
6320,0
6321,1
6322,0
6323,1
6324,1
6325,0
6326,0
6327,0
6328,0
6329,0
6330,0
6331,0
6332,1
6333,1
6334,0
6335,1
6336,0
6337,1
6338,0
6339,0
6340,1
6341,0
6342,1
6343,0
6344,1
6345,0
6346,1
6347,1
6348,1
6349,0
6350,1
6351,0
6352,0
6353,0
6354,1
6355,0
6356,0
6357,0
6358,0
6359,0
6360,0
6361,0
6362,1
6363,0
6364,2
6365,1
6366,1
6367,1
6368,1
6369,0
6370,0
6371,0
6372,0
6373,1
6374,0
6375,0
6376,0
6377,0
6378,1
6379,1
6380,0
6381,0
6382,0
6383,0
6384,0
6385,1
6386,0
6387,0
6388,0
6389,1
6390,1
6391,1
6392,0
6393,0
6394,1
6395,1
6396,0
6397,1
6398,0
6399,1
6400,0
6401,0
6402,0
6403,1
6404,0
6405,1
6406,0
6407,0
6408,1
6409,0
6410,0
6411,0
6412,0
6413,1
6414,1
6415,1
6416,1
6417,1
6418,0
6419,0
6420,1
6421,1
6422,1
6423,0
6424,1
6425,0
6426,1
6427,1
6428,0
6429,1
6430,1
6431,1
6432,0
6433,1
6434,0
6435,0
6436,2
6437,1
6438,1
6439,0
6440,0
6441,0
6442,0
6443,0
6444,0
6445,0
6446,1
6447,2
6448,0
6449,1
6450,0
6451,1
6452,1
6453,1
6454,0
6455,0
6456,0
6457,0
6458,1
6459,0
6460,1
6461,0
6462,0
6463,1
6464,0
6465,1
6466,0
6467,0
6468,1
6469,1
6470,0
6471,0
6472,1
6473,1
6474,0
6475,0
6476,0
6477,0
6478,1
6479,1
6480,0
6481,1
6482,1
6483,1
6484,0
6485,1
6486,1
6487,1
6488,0
6489,0
6490,1
6491,0
6492,0
6493,0
6494,1
6495,0
6496,1
6497,0
6498,0
6499,1
6500,0
6501,1
6502,1
6503,0
6504,0
6505,1
6506,1
6507,0
6508,1
6509,1
6510,0
6511,0
6512,1
6513,1
6514,1
6515,0
6516,0
6517,1
6518,0
6519,0
6520,0
6521,1
6522,0
6523,0
6524,0
6525,0
6526,0
6527,0
6528,0
6529,1
6530,1
6531,1
6532,0
6533,1
6534,0
6535,1
6536,0
6537,0
6538,0
6539,1
6540,0
6541,2
6542,0
6543,0
6544,0
6545,0
6546,0
6547,0
6548,0
6549,0
6550,0
6551,0
6552,0
6553,0
6554,0
6555,1
6556,1
6557,0
6558,1
6559,0
6560,0
6561,0
6562,1
6563,0
6564,0
6565,1
6566,0
6567,0
6568,1
6569,0
6570,0
6571,0
6572,1
6573,0
6574,0
6575,0
6576,0
6577,0
6578,1
6579,0
6580,0
6581,0
6582,1
6583,0
6584,0
6585,0
6586,0
6587,0
6588,1
6589,0
6590,0
6591,1
6592,1
6593,0
6594,0
6595,0
6596,0
6597,0
6598,0
6599,0
6600,1
6601,0
6602,1
6603,0
6604,0
6605,1
6606,0
6607,0
6608,0
6609,1
6610,0
6611,0
6612,1
6613,1
6614,0
6615,0
6616,0
6617,0
6618,1
6619,1
6620,0
6621,0
6622,1
6623,0
6624,1
6625,1
6626,0
6627,1
6628,0
6629,0
6630,0
6631,1
6632,0
6633,1
6634,0
6635,0
6636,0
6637,0
6638,0
6639,0
6640,0
6641,1
6642,0
6643,0
6644,1
6645,0
6646,1
6647,1
6648,0
6649,1
6650,1
6651,0
6652,0
6653,1
6654,1
6655,0
6656,1
6657,0
6658,0
6659,1
6660,1
6661,1
6662,0
6663,1
6664,1
6665,1
6666,1
6667,1
6668,0
6669,1
6670,0
6671,0
6672,0
6673,0
6674,1
6675,0
6676,0
6677,1
6678,2
6679,1
6680,0
6681,0
6682,1
6683,0
6684,1
6685,1
6686,1
6687,0
6688,1
6689,0
6690,1
6691,1
6692,0
6693,1
6694,0
6695,1
6696,0
6697,0
6698,1
6699,1
6700,0
6701,0
6702,1
6703,0
6704,1
6705,1
6706,0
6707,0
6708,1
6709,0
6710,1
6711,1
6712,1
6713,0
6714,0
6715,1
6716,0
6717,1
6718,2
6719,0
6720,1
6721,0
6722,0
6723,1
6724,0
6725,0
6726,1
6727,1
6728,0
6729,0
6730,0
6731,0
6732,1
6733,1
6734,0
6735,1
6736,0
6737,1
6738,0
6739,1
6740,0
6741,1
6742,0
6743,1
6744,1
6745,0
6746,0
6747,1
6748,2
6749,1
6750,1
6751,1
6752,1
6753,1
6754,0
6755,1
6756,0
6757,1
6758,0
6759,1
6760,0
6761,0
6762,1
6763,0
6764,1
6765,1
6766,0
6767,0
6768,0
6769,0
6770,0
6771,0
6772,0
6773,0
6774,0
6775,0
6776,0
6777,0
6778,1
6779,0
6780,0
6781,0
6782,1
6783,0
6784,1
6785,1
6786,1
6787,0
6788,2
6789,1
6790,1
6791,1
6792,0
6793,1
6794,0
6795,0
6796,0
6797,0
6798,1
6799,1
6800,1
6801,1
6802,0
6803,0
6804,1
6805,0
6806,1
6807,1
6808,0
6809,0
6810,0
6811,0
6812,0
6813,0
6814,0
6815,1
6816,0
6817,1
6818,0
6819,0
6820,0
6821,0
6822,0
6823,0
6824,1
6825,1
6826,1
6827,0
6828,0
6829,0
6830,1
6831,1
6832,0
6833,1
6834,1
6835,0
6836,1
6837,1
6838,0
6839,0
6840,0
6841,0
6842,0
6843,1
6844,0
6845,0
6846,0
6847,1
6848,0
6849,0
6850,1
6851,0
6852,0
6853,0
6854,0
6855,1
6856,0
6857,1
6858,0
6859,1
6860,0
6861,0
6862,0
6863,0
6864,0
6865,0
6866,1
6867,1
6868,1
6869,0
6870,1
6871,1
6872,1
6873,1
6874,0
6875,1
6876,1
6877,0
6878,0
6879,0
6880,0
6881,0
6882,0
6883,1
6884,0
6885,1
6886,0
6887,1
6888,0
6889,0
6890,0
6891,1
6892,0
6893,0
6894,1
6895,0
6896,0
6897,1
6898,0
6899,1
6900,0
6901,1
6902,0
6903,1
6904,1
6905,0
6906,0
6907,0
6908,1
6909,1
6910,0
6911,2
6912,0
6913,1
6914,0
6915,1
6916,1
6917,0
6918,0
6919,1
6920,1
6921,2
6922,1
6923,0
6924,1
6925,0
6926,0
6927,0
6928,1
6929,1
6930,0
6931,0
6932,1
6933,1
6934,2
6935,1
6936,0
6937,1
6938,0
6939,0
6940,0
6941,1
6942,1
6943,1
6944,1
6945,1
6946,1
6947,0
6948,0
6949,1
6950,0
6951,1
6952,0
6953,1
6954,0
6955,1
6956,0
6957,0
6958,0
6959,0
6960,0
6961,0
6962,0
6963,0
6964,0
6965,1
6966,1
6967,0
6968,1
6969,1
6970,1
6971,1
6972,1
6973,1
6974,1
6975,0
6976,0
6977,0
6978,0
6979,0
6980,0
6981,0
6982,1
6983,0
6984,0
6985,1
6986,0
6987,0
6988,1
6989,0
6990,0
6991,0
6992,1
6993,1
6994,1
6995,1
6996,0
6997,1
6998,1
6999,0
7000,0
7001,2
7002,0
7003,0
7004,2
7005,1
7006,0
7007,0
7008,0
7009,0
7010,0
7011,1
7012,1
7013,0
7014,0
7015,0
7016,0
7017,1
7018,0
7019,0
7020,1
7021,1
7022,1
7023,1
7024,0
7025,0
7026,0
7027,0
7028,1
7029,0
7030,1
7031,0
7032,0
7033,0
7034,1
7035,0
7036,0
7037,0
7038,1
7039,1
7040,0
7041,1
7042,0
7043,0
7044,0
7045,0
7046,1
7047,0
7048,0
7049,1
7050,0
7051,0
7052,1
7053,1
7054,0
7055,0
7056,0
7057,1
7058,1
7059,0
7060,1
7061,1
7062,1
7063,1
7064,0
7065,1
7066,1
7067,0
7068,1
7069,0
7070,0
7071,1
7072,1
7073,1
7074,0
7075,0
7076,0
7077,1
7078,1
7079,1
7080,1
7081,1
7082,2
7083,0
7084,0
7085,1
7086,0
7087,0
7088,0
7089,0
7090,0
7091,1
7092,1
7093,0
7094,0
7095,1
7096,0
7097,0
7098,0
7099,1
7100,1
7101,0
7102,1
7103,0
7104,0
7105,1
7106,0
7107,1
7108,0
7109,1
7110,0
7111,1
7112,0
7113,0
7114,1
7115,0
7116,0
7117,0
7118,1
7119,0
7120,1
7121,1
7122,0
7123,2
7124,0
7125,0
7126,1
7127,1
7128,1
7129,1
7130,2
7131,0
7132,0
7133,1
7134,0
7135,0
7136,0
7137,1
7138,0
7139,1
7140,0
7141,1
7142,1
7143,0
7144,1
7145,1
7146,0
7147,0
7148,0
7149,1
7150,1
7151,0
7152,1
7153,0
7154,1
7155,1
7156,0
7157,0
7158,0
7159,1
7160,0
7161,0
7162,1
7163,0
7164,1
7165,0
7166,1
7167,1
7168,1
7169,0
7170,0
7171,1
7172,1
7173,0
7174,1
7175,1
7176,0
7177,1
7178,1
7179,1
7180,0
7181,0
7182,1
7183,0
7184,0
7185,0
7186,0
7187,1
7188,0
7189,1
7190,0
7191,1
7192,1
7193,0
7194,0
7195,1
7196,0
7197,1
7198,1
7199,1
7200,1
7201,0
7202,1
7203,0
7204,0
7205,0
7206,0
7207,1
7208,0
7209,1
7210,1
7211,1
7212,0
7213,0
7214,1
7215,1
7216,0
7217,0
7218,0
7219,0
7220,0
7221,0
7222,0
7223,0
7224,0
7225,0
7226,1
7227,1
7228,0
7229,1
7230,0
7231,0
7232,0
7233,0
7234,0
7235,0
7236,1
7237,1
7238,0
7239,0
7240,1
7241,0
7242,1
7243,0
7244,0
7245,1
7246,1
7247,1
7248,1
7249,0
7250,0
7251,1
7252,1
7253,1
7254,1
7255,1
7256,1
7257,0
7258,0
7259,0
7260,0
7261,0
7262,0
7263,1
7264,0
7265,0
7266,0
7267,0
7268,0
7269,0
7270,1
7271,1
7272,1
7273,1
7274,0
7275,1
7276,1
7277,0
7278,1
7279,1
7280,1
7281,0
7282,1
7283,1
7284,0
7285,1
7286,1
7287,0
7288,1
7289,0
7290,1
7291,0
7292,0
7293,0
7294,1
7295,0
7296,1
7297,0
7298,1
7299,0
7300,1
7301,0
7302,0
7303,0
7304,1
7305,1
7306,0
7307,1
7308,0
7309,0
7310,0
7311,0
7312,1
7313,0
7314,1
7315,0
7316,1
7317,0
7318,0
7319,1
7320,0
7321,0
7322,0
7323,0
7324,0
7325,1
7326,0
7327,0
7328,1
7329,0
7330,0
7331,1
7332,0
7333,0
7334,0
7335,0
7336,0
7337,0
7338,0
7339,0
7340,1
7341,1
7342,1
7343,0
7344,0
7345,1
7346,0
7347,1
7348,1
7349,1
7350,1
7351,0
7352,1
7353,1
7354,2
7355,1
7356,0
7357,0
7358,1
7359,1
7360,2
7361,0
7362,1
7363,1
7364,1
7365,1
7366,0
7367,1
7368,1
7369,0
7370,1
7371,0
7372,0
7373,0
7374,1
7375,1
7376,0
7377,1
7378,1
7379,0
7380,0
7381,0
7382,1
7383,0
7384,1
7385,1
7386,0
7387,0
7388,1
7389,1
7390,0
7391,0
7392,0
7393,1
7394,0
7395,0
7396,0
7397,1
7398,1
7399,1
7400,0
7401,0
7402,0
7403,1
7404,1
7405,1
7406,1
7407,0
7408,0
7409,1
7410,2
7411,1
7412,1
7413,0
7414,0
7415,1
7416,0
7417,1
7418,2
7419,0
7420,1
7421,0
7422,0
7423,1
7424,0
7425,0
7426,1
7427,1
7428,1
7429,0
7430,0
7431,0
7432,1
7433,1
7434,0
7435,0
7436,1
7437,1
7438,0
7439,1
7440,1
7441,0
7442,0
7443,1
7444,1
7445,0
7446,1
7447,0
7448,1
7449,0
7450,1
7451,1
7452,0
7453,1
7454,0
7455,1
7456,1
7457,0
7458,0
7459,0
7460,0
7461,0
7462,0
7463,1
7464,1
7465,0
7466,1
7467,1
7468,0
7469,1
7470,0
7471,0
7472,2
7473,1
7474,0
7475,0
7476,0
7477,0
7478,1
7479,0
7480,0
7481,0
7482,1
7483,0
7484,2
7485,0
7486,1
7487,0
7488,1
7489,0
7490,1
7491,0
7492,1
7493,0
7494,0
7495,1
7496,0
7497,0
7498,0
7499,0
7500,0
7501,2
7502,0
7503,0
7504,0
7505,0
7506,1
7507,0
7508,0
7509,0
7510,0
7511,1
7512,0
7513,1
7514,1
7515,0
7516,0
7517,1
7518,1
7519,0
7520,1
7521,0
7522,0
7523,0
7524,0
7525,2
7526,0
7527,0
7528,0
7529,0
7530,1
7531,1
7532,0
7533,1
7534,0
7535,1
7536,1
7537,0
7538,1
7539,0
7540,1
7541,1
7542,0
7543,0
7544,0
7545,0
7546,0
7547,1
7548,1
7549,1
7550,1
7551,0
7552,0
7553,1
7554,2
7555,0
7556,1
7557,1
7558,0
7559,0
7560,0
7561,0
7562,1
7563,0
7564,1
7565,0
7566,1
7567,0
7568,1
7569,0
7570,1
7571,0
7572,0
7573,0
7574,0
7575,1
7576,1
7577,0
7578,1
7579,1
7580,1
7581,1
7582,0
7583,1
7584,0
7585,0
7586,0
7587,1
7588,0
7589,1
7590,0
7591,0
7592,0
7593,0
7594,0
7595,1
7596,1
7597,0
7598,1
7599,0
7600,0
7601,0
7602,1
7603,0
7604,1
7605,1
7606,0
7607,0
7608,0
7609,0
7610,0
7611,0
7612,0
7613,0
7614,0
7615,0
7616,0
7617,1
7618,0
7619,0
7620,1
7621,0
7622,0
7623,1
7624,0
7625,1
7626,0
7627,1
7628,1
7629,0
7630,0
7631,0
7632,1
7633,1
7634,1
7635,1
7636,1
7637,1
7638,1
7639,0
7640,1
7641,0
7642,0
7643,0
7644,1
7645,0
7646,0
7647,0
7648,1
7649,0
7650,0
7651,1
7652,1
7653,2
7654,0
7655,0
7656,1
7657,0
7658,0
7659,0
7660,0
7661,0
7662,0
7663,0
7664,0
7665,0
7666,1
7667,1
7668,1
7669,1
7670,0
7671,0
7672,0
7673,0
7674,0
7675,1
7676,0
7677,0
7678,0
7679,0
7680,0
7681,0
7682,1
7683,0
7684,0
7685,0
7686,0
7687,1
7688,0
7689,0
7690,1
7691,0
7692,0
7693,1
7694,0
7695,0
7696,0
7697,0
7698,0
7699,0
7700,0
7701,1
7702,0
7703,1
7704,0
7705,0
7706,1
7707,1
7708,1
7709,0
7710,0
7711,1
7712,1
7713,0
7714,1
7715,1
7716,0
7717,0
7718,0
7719,1
7720,0
7721,2
7722,0
7723,1
7724,0
7725,0
7726,0
7727,0
7728,0
7729,0
7730,1
7731,1
7732,0
7733,0
7734,0
7735,1
7736,0
7737,0
7738,1
7739,0
7740,0
7741,0
7742,0
7743,0
7744,1
7745,0
7746,1
7747,1
7748,0
7749,0
7750,1
7751,0
7752,2
7753,1
7754,1
7755,0
7756,1
7757,0
7758,0
7759,0
7760,0
7761,0
7762,0
7763,0
7764,0
7765,0
7766,0
7767,1
7768,1
7769,1
7770,1
7771,1
7772,0
7773,0
7774,1
7775,1
7776,1
7777,0
7778,0
7779,1
7780,1
7781,0
7782,1
7783,1
7784,0
7785,1
7786,1
7787,1
7788,0
7789,0
7790,0
7791,1
7792,0
7793,0
7794,0
7795,0
7796,0
7797,0
7798,0
7799,0
7800,1
7801,0
7802,0
7803,1
7804,0
7805,0
7806,0
7807,0
7808,1
7809,0
7810,0
7811,1
7812,0
7813,0
7814,1
7815,0
7816,0
7817,1
7818,0
7819,1
7820,1
7821,1
7822,1
7823,0
7824,1
7825,0
7826,0
7827,0
7828,1
7829,0
7830,0
7831,0
7832,1
7833,1
7834,0
7835,1
7836,1
7837,0
7838,0
7839,0
7840,1
7841,1
7842,1
7843,1
7844,0
7845,0
7846,1
7847,0
7848,1
7849,0
7850,0
7851,0
7852,0
7853,0
7854,0
7855,1
7856,1
7857,0
7858,0
7859,0
7860,0
7861,1
7862,0
7863,1
7864,0
7865,0
7866,0
7867,1
7868,0
7869,0
7870,1
7871,1
7872,1
7873,0
7874,0
7875,0
7876,0
7877,0
7878,0
7879,0
7880,0
7881,1
7882,0
7883,0
7884,1
7885,1
7886,0
7887,0
7888,0
7889,0
7890,0
7891,1
7892,1
7893,0
7894,1
7895,1
7896,0
7897,0
7898,1
7899,2
7900,0
7901,0
7902,0
7903,1
7904,0
7905,0
7906,0
7907,0
7908,0
7909,1
7910,0
7911,0
7912,0
7913,0
7914,0
7915,0
7916,1
7917,0
7918,0
7919,0
7920,1
7921,1
7922,0
7923,0
7924,0
7925,1
7926,0
7927,0
7928,0
7929,1
7930,0
7931,0
7932,1
7933,0
7934,0
7935,1
7936,0
7937,0
7938,0
7939,1
7940,0
7941,2
7942,1
7943,1
7944,1
7945,0
7946,0
7947,0
7948,0
7949,1
7950,1
7951,0
7952,0
7953,1
7954,0
7955,0
7956,0
7957,0
7958,1
7959,1
7960,1
7961,1
7962,0
7963,1
7964,1
7965,1
7966,0
7967,1
7968,0
7969,1
7970,0
7971,1
7972,0
7973,1
7974,1
7975,1
7976,0
7977,0
7978,1
7979,0
7980,1
7981,0
7982,1
7983,0
7984,0
7985,0
7986,2
7987,0
7988,0
7989,2
7990,0
7991,0
7992,1
7993,0
7994,0
7995,1
7996,0
7997,0
7998,1
7999,0
8000,0
8001,0
8002,1
8003,1
8004,1
8005,0
8006,1
8007,1
8008,0
8009,1
8010,0
8011,0
8012,1
8013,0
8014,1
8015,0
8016,0
8017,1
8018,0
8019,0
8020,1
8021,0
8022,1
8023,0
8024,0
8025,1
8026,1
8027,0
8028,0
8029,0
8030,0
8031,0
8032,1
8033,0
8034,0
8035,0
8036,0
8037,0
8038,1
8039,0
8040,1
8041,1
8042,1
8043,0
8044,0
8045,0
8046,1
8047,0
8048,0
8049,1
8050,1
8051,1
8052,0
8053,0
8054,1
8055,1
8056,1
8057,2
8058,1
8059,0
8060,2
8061,0
8062,0
8063,1
8064,0
8065,0
8066,1
8067,1
8068,1
8069,1
8070,1
8071,0
8072,0
8073,1
8074,2
8075,0
8076,0
8077,0
8078,0
8079,0
8080,1
8081,1
8082,1
8083,1
8084,0
8085,0
8086,1
8087,1
8088,1
8089,1
8090,1
8091,0
8092,1
8093,0
8094,0
8095,0
8096,1
8097,0
8098,0
8099,0
8100,0
8101,0
8102,0
8103,0
8104,1
8105,1
8106,0
8107,0
8108,1
8109,0
8110,1
8111,1
8112,0
8113,0
8114,0
8115,1
8116,1
8117,1
8118,0
8119,1
8120,1
8121,0
8122,1
8123,1
8124,1
8125,0
8126,1
8127,0
8128,0
8129,0
8130,1
8131,1
8132,0
8133,1
8134,0
8135,1
8136,0
8137,1
8138,1
8139,1
8140,0
8141,0
8142,1
8143,0
8144,0
8145,0
8146,0
8147,1
8148,0
8149,0
8150,1
8151,0
8152,0
8153,1
8154,0
8155,0
8156,0
8157,0
8158,2
8159,0
8160,1
8161,1
8162,0
8163,0
8164,0
8165,1
8166,1
8167,0
8168,0
8169,0
8170,0
8171,0
8172,1
8173,0
8174,0
8175,1
8176,0
8177,2
8178,2
8179,0
8180,1
8181,0
8182,2
8183,0
8184,1
8185,0
8186,2
8187,1
8188,1
8189,0
8190,0
8191,1
8192,2
8193,0
8194,1
8195,0
8196,1
8197,0
8198,1
8199,0
8200,0
8201,0
8202,0
8203,0
8204,0
8205,1
8206,1
8207,1
8208,0
8209,0
8210,0
8211,1
8212,0
8213,0
8214,0
8215,1
8216,1
8217,0
8218,1
8219,0
8220,0
8221,1
8222,1
8223,1
8224,1
8225,0
8226,0
8227,0
8228,0
8229,0
8230,1
8231,1
8232,0
8233,1
8234,0
8235,0
8236,0
8237,0
8238,0
8239,0
8240,0
8241,1
8242,1
8243,1
8244,1
8245,1
8246,0
8247,0
8248,1
8249,0
8250,0
8251,1
8252,0
8253,0
8254,0
8255,0
8256,0
8257,0
8258,0
8259,0
8260,0
8261,1
8262,1
8263,0
8264,1
8265,1
8266,0
8267,0
8268,1
8269,1
8270,0
8271,1
8272,2
8273,1
8274,0
8275,0
8276,0
8277,1
8278,1
8279,0
8280,0
8281,0
8282,0
8283,0
8284,0
8285,0
8286,1
8287,0
8288,0
8289,0
8290,0
8291,1
8292,0
8293,0
8294,0
8295,1
8296,1
8297,0
8298,0
8299,0
8300,0
8301,1
8302,0
8303,0
8304,0
8305,0
8306,1
8307,0
8308,0
8309,0
8310,1
8311,1
8312,1
8313,0
8314,0
8315,2
8316,0
8317,1
8318,0
8319,0
8320,0
8321,1
8322,0
8323,0
8324,0
8325,0
8326,1
8327,1
8328,0
8329,0
8330,1
8331,0
8332,0
8333,0
8334,0
8335,0
8336,0
8337,1
8338,0
8339,1
8340,0
8341,1
8342,0
8343,0
8344,0
8345,1
8346,1
8347,0
8348,0
8349,0
8350,1
8351,0
8352,1
8353,0
8354,0
8355,0
8356,0
8357,0
8358,0
8359,1
8360,0
8361,2
8362,1
8363,1
8364,1
8365,0
8366,1
8367,0
8368,1
8369,1
8370,1
8371,0
8372,1
8373,0
8374,0
8375,1
8376,1
8377,0
8378,1
8379,0
8380,0
8381,0
8382,0
8383,1
8384,1
8385,0
8386,0
8387,1
8388,1
8389,1
8390,0
8391,1
8392,1
8393,1
8394,0
8395,1
8396,0
8397,0
8398,1
8399,1
8400,1
8401,1
8402,0
8403,1
8404,1
8405,0
8406,0
8407,0
8408,0
8409,1
8410,0
8411,0
8412,1
8413,1
8414,0
8415,1
8416,1
8417,1
8418,2
8419,0
8420,0
8421,1
8422,0
8423,0
8424,1
8425,0
8426,0
8427,0
8428,1
8429,0
8430,0
8431,0
8432,0
8433,0
8434,2
8435,1
8436,0
8437,0
8438,0
8439,1
8440,1
8441,1
8442,0
8443,0
8444,0
8445,1
8446,0
8447,1
8448,1
8449,1
8450,2
8451,1
8452,0
8453,0
8454,0
8455,0
8456,0
8457,0
8458,0
8459,0
8460,0
8461,0
8462,0
8463,1
8464,1
8465,1
8466,1
8467,1
8468,0
8469,1
8470,0
8471,1
8472,0
8473,0
8474,2
8475,0
8476,1
8477,0
8478,0
8479,1
8480,1
8481,1
8482,0
8483,0
8484,0
8485,0
8486,1
8487,0
8488,0
8489,1
8490,0
8491,1
8492,0
8493,1
8494,0
8495,0
8496,0
8497,1
8498,1
8499,0
8500,1
8501,0
8502,0
8503,1
8504,0
8505,1
8506,0
8507,0
8508,0
8509,0
8510,0
8511,1
8512,0
8513,2
8514,1
8515,1
8516,1
8517,1
8518,0
8519,0
8520,1
8521,1
8522,0
8523,0
8524,0
8525,0
8526,0
8527,0
8528,1
8529,1
8530,1
8531,0
8532,0
8533,0
8534,1
8535,0
8536,0
8537,1
8538,0
8539,0
8540,0
8541,1
8542,0
8543,1
8544,1
8545,1
8546,0
8547,1
8548,1
8549,0
8550,1
8551,1
8552,1
8553,1
8554,0
8555,1
8556,1
8557,1
8558,1
8559,1
8560,0
8561,0
8562,1
8563,1
8564,2
8565,1
8566,1
8567,2
8568,0
8569,1
8570,0
8571,1
8572,0
8573,0
8574,0
8575,0
8576,0
8577,0
8578,1
8579,1
8580,0
8581,1
8582,0
8583,0
8584,1
8585,1
8586,0
8587,0
8588,0
8589,0
8590,1
8591,1
8592,1
8593,0
8594,0
8595,0
8596,0
8597,1
8598,2
8599,0
8600,0
8601,0
8602,0
8603,0
8604,0
8605,1
8606,1
8607,0
8608,1
8609,0
8610,1
8611,1
8612,0
8613,0
8614,1
8615,0
8616,1
8617,0
8618,1
8619,1
8620,0
8621,1
8622,1
8623,0
8624,0
8625,0
8626,0
8627,1
8628,0
8629,1
8630,0
8631,0
8632,1
8633,0
8634,0
8635,0
8636,0
8637,2
8638,0
8639,0
8640,1
8641,0
8642,1
8643,0
8644,0
8645,1
8646,0
8647,1
8648,0
8649,1
8650,1
8651,1
8652,1
8653,0
8654,0
8655,1
8656,1
8657,0
8658,0
8659,0
8660,0
8661,1
8662,1
8663,1
8664,1
8665,0
8666,0
8667,0
8668,0
8669,0
8670,1
8671,2
8672,1
8673,0
8674,0
8675,1
8676,0
8677,0
8678,1
8679,0
8680,1
8681,0
8682,0
8683,1
8684,0
8685,0
8686,1
8687,1
8688,0
8689,1
8690,1
8691,0
8692,0
8693,0
8694,0
8695,1
8696,0
8697,0
8698,0
8699,0
8700,1
8701,1
8702,0
8703,0
8704,0
8705,1
8706,0
8707,1
8708,0
8709,1
8710,0
8711,1
8712,0
8713,1
8714,1
8715,0
8716,1
8717,1
8718,1
8719,0
8720,0
8721,0
8722,0
8723,1
8724,0
8725,0
8726,1
8727,1
8728,0
8729,0
8730,0
8731,0
8732,0
8733,1
8734,1
8735,0
8736,0
8737,0
8738,0
8739,1
8740,0
8741,0
8742,0
8743,2
8744,1
8745,0
8746,0
8747,0
8748,1
8749,1
8750,0
8751,1
8752,0
8753,1
8754,0
8755,0
8756,1
8757,1
8758,1
8759,0
8760,0
8761,0
8762,0
8763,0
8764,0
8765,1
8766,1
8767,1
8768,1
8769,0
8770,0
8771,0
8772,1
8773,0
8774,0
8775,1
8776,1
8777,1
8778,0
8779,0
8780,0
8781,0
8782,0
8783,0
8784,0
8785,1
8786,1
8787,0
8788,2
8789,0
8790,0
8791,0
8792,0
8793,1
8794,0
8795,1
8796,1
8797,1
8798,0
8799,0
8800,0
8801,0
8802,1
8803,0
8804,0
8805,0
8806,0
8807,1
8808,1
8809,1
8810,0
8811,0
8812,1
8813,0
8814,1
8815,0
8816,1
8817,1
8818,0
8819,3
8820,0
8821,1
8822,0
8823,1
8824,0
8825,0
8826,0
8827,0
8828,1
8829,0
8830,0
8831,1
8832,0
8833,0
8834,0
8835,1
8836,0
8837,0
8838,0
8839,1
8840,1
8841,1
8842,1
8843,0
8844,0
8845,0
8846,1
8847,1
8848,2
8849,2
8850,1
8851,0
8852,0
8853,0
8854,0
8855,1
8856,0
8857,1
8858,0
8859,0
8860,1
8861,1
8862,0
8863,1
8864,0
8865,0
8866,1
8867,0
8868,1
8869,1
8870,0
8871,0
8872,1
8873,0
8874,0
8875,0
8876,1
8877,0
8878,0
8879,0
8880,0
8881,1
8882,1
8883,0
8884,1
8885,1
8886,0
8887,1
8888,0
8889,1
8890,0
8891,1
8892,1
8893,1
8894,0
8895,1
8896,0
8897,0
8898,1
8899,1
8900,0
8901,0
8902,0
8903,1
8904,1
8905,0
8906,1
8907,0
8908,0
8909,1
8910,1
8911,0
8912,0
8913,0
8914,1
8915,1
8916,0
8917,0
8918,1
8919,1
8920,0
8921,0
8922,0
8923,0
8924,0
8925,0
8926,0
8927,0
8928,1
8929,1
8930,0
8931,1
8932,0
8933,0
8934,1
8935,1
8936,1
8937,2
8938,0
8939,1
8940,0
8941,0
8942,0
8943,0
8944,0
8945,0
8946,0
8947,1
8948,0
8949,1
8950,1
8951,0
8952,1
8953,0
8954,0
8955,1
8956,0
8957,0
8958,0
8959,1
8960,1
8961,1
8962,1
8963,0
8964,0
8965,0
8966,0
8967,0
8968,0
8969,0
8970,0
8971,1
8972,0
8973,1
8974,0
8975,0
8976,0
8977,1
8978,2
8979,0
8980,0
8981,0
8982,0
8983,1
8984,1
8985,0
8986,0
8987,1
8988,0
8989,1
8990,0
8991,1
8992,0
8993,1
8994,1
8995,1
8996,0
8997,1
8998,0
8999,0
9000,1
9001,1
9002,0
9003,1
9004,1
9005,1
9006,0
9007,0
9008,0
9009,0
9010,0
9011,0
9012,0
9013,1
9014,1
9015,1
9016,1
9017,1
9018,0
9019,0
9020,1
9021,1
9022,1
9023,0
9024,1
9025,0
9026,0
9027,0
9028,0
9029,1
9030,1
9031,0
9032,1
9033,0
9034,0
9035,1
9036,1
9037,1
9038,1
9039,1
9040,1
9041,1
9042,1
9043,0
9044,1
9045,0
9046,0
9047,0
9048,1
9049,1
9050,0
9051,0
9052,1
9053,0
9054,0
9055,1
9056,0
9057,1
9058,1
9059,1
9060,1
9061,0
9062,1
9063,0
9064,1
9065,0
9066,0
9067,1
9068,2
9069,1
9070,0
9071,1
9072,1
9073,0
9074,1
9075,0
9076,1
9077,1
9078,2
9079,1
9080,1
9081,1
9082,0
9083,2
9084,0
9085,0
9086,0
9087,0
9088,0
9089,0
9090,1
9091,0
9092,0
9093,0
9094,0
9095,0
9096,1
9097,0
9098,1
9099,0
9100,2
9101,1
9102,0
9103,1
9104,0
9105,0
9106,1
9107,0
9108,1
9109,0
9110,0
9111,0
9112,1
9113,0
9114,1
9115,0
9116,1
9117,0
9118,1
9119,1
9120,1
9121,0
9122,0
9123,0
9124,1
9125,0
9126,2
9127,0
9128,0
9129,1
9130,0
9131,0
9132,0
9133,0
9134,1
9135,1
9136,0
9137,0
9138,1
9139,0
9140,1
9141,1
9142,0
9143,1
9144,1
9145,0
9146,0
9147,1
9148,1
9149,0
9150,1
9151,1
9152,0
9153,1
9154,0
9155,0
9156,1
9157,2
9158,0
9159,2
9160,1
9161,0
9162,1
9163,0
9164,0
9165,1
9166,1
9167,0
9168,1
9169,0
9170,0
9171,0
9172,0
9173,1
9174,1
9175,1
9176,0
9177,0
9178,1
9179,0
9180,0
9181,0
9182,0
9183,0
9184,1
9185,0
9186,0
9187,1
9188,0
9189,1
9190,2
9191,0
9192,0
9193,0
9194,1
9195,1
9196,2
9197,1
9198,0
9199,0
9200,0
9201,0
9202,1
9203,1
9204,0
9205,1
9206,2
9207,1
9208,1
9209,1
9210,1
9211,0
9212,1
9213,0
9214,0
9215,0
9216,1
9217,0
9218,0
9219,1
9220,1
9221,1
9222,0
9223,1
9224,0
9225,0
9226,0
9227,0
9228,0
9229,1
9230,1
9231,0
9232,1
9233,0
9234,0
9235,1
9236,1
9237,0
9238,0
9239,0
9240,0
9241,1
9242,1
9243,2
9244,1
9245,0
9246,0
9247,1
9248,2
9249,0
9250,0
9251,0
9252,0
9253,1
9254,0
9255,1
9256,0
9257,0
9258,1
9259,1
9260,1
9261,1
9262,1
9263,0
9264,0
9265,0
9266,0
9267,1
9268,1
9269,0
9270,2
9271,0
9272,1
9273,0
9274,0
9275,1
9276,0
9277,1
9278,1
9279,1
9280,2
9281,1
9282,0
9283,0
9284,0
9285,1
9286,1
9287,0
9288,1
9289,1
9290,0
9291,0
9292,0
9293,0
9294,0
9295,1
9296,2
9297,1
9298,1
9299,0
9300,1
9301,0
9302,0
9303,1
9304,0
9305,0
9306,0
9307,0
9308,1
9309,0
9310,1
9311,0
9312,0
9313,1
9314,1
9315,0
9316,0
9317,0
9318,0
9319,0
9320,1
9321,0
9322,1
9323,2
9324,0
9325,1
9326,0
9327,0
9328,0
9329,0
9330,1
9331,2
9332,0
9333,0
9334,0
9335,1
9336,2
9337,0
9338,0
9339,1
9340,0
9341,0
9342,0
9343,0
9344,0
9345,1
9346,0
9347,1
9348,1
9349,0
9350,0
9351,0
9352,0
9353,1
9354,0
9355,0
9356,0
9357,0
9358,0
9359,1
9360,1
9361,1
9362,1
9363,1
9364,0
9365,1
9366,0
9367,1
9368,1
9369,0
9370,1
9371,1
9372,0
9373,0
9374,2
9375,1
9376,0
9377,0
9378,0
9379,1
9380,0
9381,1
9382,0
9383,0
9384,1
9385,0
9386,1
9387,0
9388,0
9389,0
9390,1
9391,1
9392,1
9393,0
9394,0
9395,0
9396,1
9397,0
9398,1
9399,0
9400,0
9401,0
9402,0
9403,0
9404,0
9405,0
9406,0
9407,0
9408,0
9409,0
9410,0
9411,1
9412,0
9413,0
9414,0
9415,1
9416,1
9417,0
9418,0
9419,0
9420,2
9421,0
9422,0
9423,1
9424,1
9425,0
9426,0
9427,0
9428,1
9429,0
9430,0
9431,0
9432,1
9433,0
9434,1
9435,0
9436,0
9437,0
9438,0
9439,0
9440,0
9441,0
9442,1
9443,1
9444,1
9445,1
9446,0
9447,1
9448,0
9449,1
9450,1
9451,0
9452,0
9453,1
9454,1
9455,1
9456,1
9457,0
9458,0
9459,0
9460,1
9461,0
9462,1
9463,0
9464,0
9465,1
9466,0
9467,0
9468,1
9469,1
9470,0
9471,0
9472,0
9473,0
9474,0
9475,0
9476,0
9477,0
9478,1
9479,1
9480,0
9481,0
9482,0
9483,1
9484,0
9485,0
9486,0
9487,1
9488,1
9489,0
9490,1
9491,0
9492,1
9493,1
9494,1
9495,1
9496,1
9497,0
9498,0
9499,0
9500,0
9501,0
9502,1
9503,0
9504,1
9505,1
9506,0
9507,0
9508,0
9509,0
9510,1
9511,0
9512,1
9513,0
9514,0
9515,1
9516,0
9517,0
9518,0
9519,0
9520,0
9521,0
9522,1
9523,0
9524,1
9525,1
9526,0
9527,0
9528,0
9529,1
9530,0
9531,1
9532,0
9533,0
9534,0
9535,1
9536,1
9537,1
9538,1
9539,1
9540,0
9541,0
9542,1
9543,1
9544,0
9545,1
9546,2
9547,0
9548,1
9549,0
9550,1
9551,1
9552,0
9553,2
9554,1
9555,1
9556,0
9557,0
9558,0
9559,0
9560,0
9561,1
9562,0
9563,1
9564,1
9565,2
9566,0
9567,0
9568,0
9569,1
9570,1
9571,0
9572,0
9573,0
9574,0
9575,0
9576,0
9577,1
9578,1
9579,0
9580,1
9581,0
9582,1
9583,0
9584,0
9585,0
9586,0
9587,0
9588,1
9589,2
9590,2
9591,1
9592,0
9593,1
9594,0
9595,0
9596,0
9597,0
9598,0
9599,0
9600,1
9601,0
9602,0
9603,1
9604,1
9605,1
9606,0
9607,0
9608,0
9609,1
9610,0
9611,0
9612,1
9613,0
9614,0
9615,0
9616,0
9617,0
9618,1
9619,2
9620,0
9621,1
9622,0
9623,0
9624,1
9625,1
9626,0
9627,1
9628,0
9629,1
9630,1
9631,0
9632,1
9633,1
9634,1
9635,0
9636,0
9637,0
9638,0
9639,0
9640,0
9641,0
9642,1
9643,0
9644,1
9645,0
9646,1
9647,0
9648,0
9649,1
9650,0
9651,0
9652,1
9653,0
9654,0
9655,0
9656,1
9657,1
9658,0
9659,0
9660,1
9661,0
9662,0
9663,1
9664,1
9665,0
9666,0
9667,0
9668,1
9669,1
9670,0
9671,1
9672,1
9673,0
9674,1
9675,0
9676,0
9677,1
9678,1
9679,0
9680,0
9681,0
9682,0
9683,0
9684,0
9685,0
9686,0
9687,0
9688,1
9689,0
9690,0
9691,1
9692,0
9693,0
9694,1
9695,0
9696,0
9697,0
9698,0
9699,0
9700,1
9701,1
9702,1
9703,0
9704,0
9705,0
9706,1
9707,1
9708,0
9709,0
9710,0
9711,0
9712,0
9713,0
9714,0
9715,0
9716,0
9717,0
9718,0
9719,1
9720,0
9721,0
9722,0
9723,0
9724,0
9725,0
9726,1
9727,1
9728,0
9729,0
9730,0
9731,0
9732,0
9733,0
9734,0
9735,1
9736,0
9737,0
9738,0
9739,1
9740,0
9741,0
9742,0
9743,0
9744,0
9745,1
9746,0
9747,0
9748,0
9749,0
9750,1
9751,0
9752,1
9753,0
9754,1
9755,0
9756,1
9757,0
9758,0
9759,1
9760,0
9761,1
9762,1
9763,0
9764,0
9765,0
9766,0
9767,1
9768,1
9769,1
9770,0
9771,0
9772,1
9773,0
9774,0
9775,1
9776,0
9777,0
9778,1
9779,0
9780,1
9781,1
9782,0
9783,0
9784,2
9785,0
9786,1
9787,0
9788,0
9789,0
9790,1
9791,1
9792,0
9793,0
9794,1
9795,1
9796,0
9797,0
9798,1
9799,0
9800,0
9801,0
9802,1
9803,0
9804,1
9805,1
9806,0
9807,0
9808,1
9809,1
9810,0
9811,0
9812,0
9813,1
9814,0
9815,0
9816,1
9817,0
9818,0
9819,0
9820,0
9821,0
9822,0
9823,0
9824,0
9825,1
9826,1
9827,0
9828,0
9829,0
9830,0
9831,0
9832,0
9833,0
9834,1
9835,2
9836,1
9837,0
9838,1
9839,0
9840,0
9841,0
9842,0
9843,0
9844,0
9845,1
9846,0
9847,1
9848,0
9849,1
9850,0
9851,1
9852,0
9853,1
9854,0
9855,0
9856,1
9857,0
9858,1
9859,1
9860,1
9861,0
9862,1
9863,0
9864,0
9865,0
9866,1
9867,1
9868,1
9869,0
9870,0
9871,1
9872,1
9873,1
9874,1
9875,0
9876,0
9877,0
9878,0
9879,1
9880,0
9881,2
9882,0
9883,1
9884,0
9885,0
9886,0
9887,0
9888,0
9889,1
9890,1
9891,1
9892,1
9893,1
9894,1
9895,1
9896,1
9897,0
9898,0
9899,0
9900,0
9901,1
9902,1
9903,0
9904,0
9905,0
9906,0
9907,0
9908,0
9909,0
9910,1
9911,0
9912,1
9913,1
9914,0
9915,0
9916,1
9917,1
9918,2
9919,1
9920,0
9921,0
9922,1
9923,1
9924,1
9925,1
9926,1
9927,1
9928,1
9929,1
9930,1
9931,1
9932,0
9933,1
9934,0
9935,1
9936,0
9937,0
9938,0
9939,1
9940,0
9941,1
9942,1
9943,1
9944,2
9945,1
9946,1
9947,1
9948,0
9949,0
9950,1
9951,0
9952,1
9953,0
9954,0
9955,0
9956,1
9957,0
9958,1
9959,0
9960,1
9961,1
9962,1
9963,2
9964,0
9965,1
9966,1
9967,0
9968,2
9969,0
9970,0
9971,1
9972,1
9973,0
9974,1
9975,0
9976,1
9977,1
9978,1
9979,1
9980,1
9981,1
9982,0
9983,1
9984,0
9985,0
9986,1
9987,0
9988,1
9989,0
9990,0
9991,0
9992,2
9993,0
9994,1
9995,0
9996,0
9997,0
9998,0
9999,1
