,p2_switches_count
0,10
1,10
2,3
3,6
4,7
5,13
6,11
7,5
8,7
9,12
10,7
11,9
12,10
13,8
14,5
15,6
16,10
17,6
18,5
19,10
20,7
21,7
22,9
23,8
24,11
25,7
26,14
27,3
28,6
29,8
30,6
31,14
32,9
33,14
34,5
35,8
36,10
37,13
38,11
39,9
40,13
41,7
42,8
43,10
44,10
45,7
46,6
47,11
48,14
49,12
50,11
51,9
52,6
53,8
54,12
55,14
56,9
57,12
58,11
59,8
60,6
61,9
62,13
63,8
64,10
65,15
66,15
67,7
68,5
69,4
70,4
71,9
72,9
73,8
74,9
75,6
76,7
77,14
78,12
79,5
80,9
81,8
82,7
83,7
84,10
85,8
86,8
87,6
88,10
89,10
90,9
91,8
92,10
93,7
94,9
95,13
96,10
97,9
98,10
99,10
100,6
101,9
102,14
103,12
104,7
105,11
106,6
107,12
108,11
109,12
110,10
111,11
112,8
113,7
114,11
115,7
116,4
117,9
118,14
119,12
120,14
121,8
122,9
123,6
124,10
125,12
126,8
127,5
128,10
129,8
130,10
131,7
132,11
133,4
134,15
135,8
136,6
137,5
138,8
139,7
140,7
141,10
142,6
143,11
144,10
145,12
146,10
147,11
148,9
149,8
150,12
151,9
152,7
153,5
154,11
155,9
156,12
157,10
158,8
159,6
160,8
161,14
162,8
163,12
164,8
165,11
166,11
167,7
168,8
169,12
170,7
171,14
172,10
173,9
174,13
175,11
176,10
177,8
178,9
179,13
180,11
181,13
182,7
183,12
184,13
185,8
186,9
187,13
188,8
189,10
190,10
191,9
192,12
193,6
194,12
195,7
196,11
197,8
198,29
199,13
200,9
201,13
202,9
203,7
204,12
205,9
206,3
207,11
208,3
209,11
210,10
211,6
212,7
213,9
214,8
215,6
216,4
217,5
218,5
219,12
220,8
221,11
222,10
223,9
224,11
225,10
226,7
227,5
228,8
229,4
230,10
231,8
232,9
233,8
234,8
235,9
236,14
237,6
238,7
239,11
240,7
241,10
242,0
243,9
244,9
245,13
246,13
247,16
248,9
249,13
250,15
251,8
252,5
253,6
254,6
255,10
256,6
257,14
258,6
259,13
260,7
261,11
262,18
263,6
264,14
265,8
266,4
267,14
268,12
269,5
270,7
271,11
272,10
273,5
274,12
275,8
276,7
277,12
278,5
279,12
280,12
281,9
282,9
283,9
284,13
285,12
286,7
287,12
288,12
289,8
290,11
291,10
292,11
293,14
294,6
295,6
296,10
297,10
298,15
299,9
300,9
301,7
302,8
303,6
304,10
305,14
306,10
307,9
308,13
309,9
310,10
311,9
312,7
313,5
314,5
315,15
316,10
317,10
318,16
319,6
320,12
321,11
322,8
323,13
324,11
325,9
326,8
327,4
328,11
329,5
330,7
331,11
332,8
333,9
334,10
335,9
336,14
337,5
338,15
339,10
340,7
341,9
342,8
343,10
344,10
345,11
346,12
347,8
348,12
349,10
350,11
351,11
352,11
353,11
354,12
355,12
356,9
357,6
358,9
359,15
360,7
361,9
362,13
363,6
364,11
365,6
366,7
367,5
368,8
369,8
370,13
371,11
372,11
373,9
374,7
375,5
376,11
377,0
378,7
379,9
380,3
381,12
382,5
383,8
384,10
385,8
386,4
387,8
388,8
389,10
390,9
391,9
392,10
393,10
394,7
395,5
396,8
397,8
398,8
399,7
400,12
401,5
402,6
403,11
404,6
405,4
406,11
407,6
408,6
409,5
410,8
411,9
412,7
413,13
414,6
415,6
416,11
417,11
418,12
419,10
420,10
421,15
422,10
423,12
424,10
425,8
426,7
427,6
428,9
429,8
430,10
431,12
432,10
433,9
434,5
435,5
436,13
437,12
438,13
439,7
440,11
441,5
442,7
443,11
444,11
445,9
446,10
447,9
448,12
449,20
450,8
451,12
452,10
453,9
454,9
455,11
456,11
457,5
458,3
459,10
460,11
461,12
462,9
463,12
464,6
465,8
466,13
467,7
468,11
469,12
470,9
471,8
472,11
473,9
474,10
475,8
476,10
477,8
478,11
479,7
480,7
481,7
482,3
483,10
484,4
485,6
486,9
487,5
488,9
489,6
490,10
491,5
492,7
493,9
494,8
495,12
496,7
497,10
498,9
499,10
500,6
501,14
502,10
503,10
504,10
505,8
506,6
507,9
508,14
509,13
510,7
511,16
512,13
513,10
514,3
515,8
516,11
517,10
518,14
519,11
520,7
521,5
522,14
523,11
524,9
525,9
526,5
527,10
528,10
529,9
530,10
531,7
532,6
533,5
534,7
535,10
536,7
537,14
538,13
539,11
540,9
541,9
542,10
543,7
544,9
545,10
546,11
547,10
548,9
549,9
550,8
551,10
552,13
553,8
554,9
555,7
556,5
557,11
558,10
559,14
560,6
561,9
562,6
563,11
564,0
565,12
566,8
567,11
568,10
569,6
570,11
571,6
572,6
573,11
574,6
575,6
576,10
577,11
578,8
579,7
580,10
581,13
582,11
583,6
584,10
585,13
586,9
587,8
588,7
589,9
590,7
591,6
592,12
593,13
594,11
595,10
596,3
597,13
598,11
599,11
600,7
601,11
602,12
603,10
604,7
605,12
606,5
607,7
608,8
609,9
610,8
611,9
612,4
613,9
614,13
615,9
616,8
617,11
618,8
619,9
620,12
621,6
622,4
623,13
624,9
625,10
626,11
627,10
628,6
629,10
630,6
631,7
632,5
633,11
634,8
635,10
636,7
637,14
638,9
639,9
640,7
641,4
642,13
643,8
644,8
645,13
646,10
647,7
648,10
649,7
650,10
651,9
652,8
653,9
654,11
655,8
656,9
657,10
658,10
659,7
660,10
661,12
662,7
663,9
664,11
665,12
666,7
667,11
668,5
669,9
670,6
671,11
672,10
673,8
674,13
675,13
676,9
677,10
678,11
679,5
680,6
681,10
682,11
683,11
684,8
685,10
686,6
687,6
688,10
689,9
690,7
691,19
692,5
693,9
694,8
695,10
696,10
697,5
698,10
699,12
700,13
701,15
702,10
703,12
704,13
705,8
706,9
707,5
708,9
709,17
710,11
711,3
712,5
713,17
714,12
715,8
716,9
717,5
718,8
719,14
720,6
721,11
722,5
723,12
724,6
725,10
726,9
727,9
728,6
729,8
730,7
731,5
732,9
733,5
734,9
735,8
736,10
737,12
738,9
739,8
740,10
741,11
742,11
743,6
744,6
745,16
746,7
747,12
748,10
749,8
750,5
751,7
752,7
753,13
754,4
755,9
756,9
757,10
758,11
759,12
760,11
761,8
762,12
763,9
764,9
765,9
766,10
767,12
768,7
769,3
770,10
771,13
772,7
773,13
774,8
775,10
776,5
777,6
778,10
779,11
780,8
781,6
782,10
783,9
784,9
785,2
786,7
787,12
788,13
789,8
790,9
791,9
792,16
793,9
794,8
795,10
796,9
797,9
798,11
799,9
800,9
801,6
802,8
803,12
804,12
805,13
806,6
807,7
808,7
809,8
810,8
811,9
812,7
813,9
814,6
815,18
816,6
817,10
818,8
819,11
820,7
821,16
822,8
823,9
824,1
825,6
826,10
827,9
828,7
829,8
830,9
831,8
832,7
833,6
834,6
835,3
836,6
837,4
838,10
839,10
840,15
841,10
842,9
843,8
844,10
845,7
846,12
847,9
848,9
849,9
850,6
851,15
852,9
853,4
854,3
855,13
856,10
857,7
858,10
859,9
860,14
861,9
862,11
863,13
864,7
865,13
866,8
867,10
868,9
869,10
870,3
871,10
872,10
873,6
874,6
875,9
876,14
877,4
878,9
879,7
880,6
881,10
882,10
883,6
884,11
885,10
886,14
887,8
888,9
889,14
890,8
891,10
892,8
893,12
894,10
895,3
896,12
897,6
898,11
899,5
900,10
901,5
902,9
903,9
904,6
905,12
906,9
907,5
908,8
909,5
910,11
911,9
912,10
913,10
914,10
915,13
916,8
917,7
918,11
919,6
920,7
921,8
922,11
923,6
924,8
925,15
926,7
927,8
928,7
929,10
930,15
931,5
932,6
933,10
934,10
935,6
936,15
937,12
938,8
939,11
940,4
941,11
942,12
943,11
944,8
945,9
946,7
947,10
948,7
949,12
950,7
951,6
952,11
953,8
954,8
955,7
956,6
957,4
958,7
959,9
960,11
961,15
962,7
963,8
964,12
965,15
966,8
967,8
968,8
969,14
970,7
971,8
972,8
973,8
974,7
975,8
976,12
977,6
978,10
979,7
980,5
981,6
982,8
983,9
984,8
985,16
986,5
987,11
988,6
989,9
990,11
991,12
992,8
993,6
994,9
995,14
996,8
997,11
998,11
999,9
1000,9
1001,12
1002,8
1003,9
1004,9
1005,12
1006,8
1007,13
1008,5
1009,12
1010,10
1011,16
1012,11
1013,11
1014,13
1015,10
1016,7
1017,6
1018,9
1019,6
1020,15
1021,7
1022,9
1023,12
1024,9
1025,11
1026,6
1027,8
1028,10
1029,7
1030,6
1031,7
1032,6
1033,10
1034,8
1035,10
1036,11
1037,9
1038,12
1039,8
1040,10
1041,5
1042,10
1043,9
1044,5
1045,10
1046,9
1047,9
1048,10
1049,8
1050,13
1051,9
1052,13
1053,9
1054,9
1055,9
1056,11
1057,8
1058,9
1059,12
1060,9
1061,15
1062,13
1063,11
1064,16
1065,10
1066,8
1067,15
1068,10
1069,5
1070,5
1071,20
1072,3
1073,11
1074,13
1075,10
1076,4
1077,6
1078,5
1079,11
1080,9
1081,10
1082,15
1083,8
1084,12
1085,9
1086,7
1087,12
1088,10
1089,16
1090,10
1091,6
1092,8
1093,11
1094,12
1095,10
1096,9
1097,5
1098,5
1099,12
1100,9
1101,7
1102,8
1103,14
1104,16
1105,6
1106,10
1107,11
1108,9
1109,14
1110,5
1111,12
1112,10
1113,10
1114,12
1115,9
1116,11
1117,13
1118,9
1119,9
1120,13
1121,6
1122,10
1123,6
1124,7
1125,7
1126,8
1127,15
1128,12
1129,10
1130,12
1131,12
1132,8
1133,14
1134,11
1135,5
1136,11
1137,10
1138,11
1139,7
1140,10
1141,7
1142,7
1143,16
1144,9
1145,12
1146,18
1147,13
1148,9
1149,13
1150,11
1151,12
1152,10
1153,4
1154,9
1155,5
1156,5
1157,12
1158,9
1159,9
1160,8
1161,11
1162,6
1163,8
1164,7
1165,11
1166,8
1167,8
1168,11
1169,9
1170,12
1171,8
1172,8
1173,8
1174,10
1175,10
1176,17
1177,10
1178,8
1179,7
1180,8
1181,12
1182,10
1183,13
1184,9
1185,13
1186,13
1187,11
1188,11
1189,7
1190,7
1191,12
1192,8
1193,13
1194,8
1195,7
1196,9
1197,11
1198,11
1199,9
1200,13
1201,6
1202,7
1203,6
1204,6
1205,10
1206,9
1207,10
1208,13
1209,8
1210,7
1211,11
1212,9
1213,8
1214,7
1215,6
1216,7
1217,3
1218,14
1219,9
1220,12
1221,11
1222,7
1223,7
1224,14
1225,9
1226,11
1227,9
1228,10
1229,5
1230,10
1231,13
1232,6
1233,7
1234,16
1235,10
1236,9
1237,9
1238,7
1239,8
1240,13
1241,10
1242,8
1243,12
1244,10
1245,6
1246,17
1247,16
1248,9
1249,8
1250,6
1251,6
1252,15
1253,8
1254,13
1255,12
1256,6
1257,5
1258,10
1259,10
1260,9
1261,10
1262,11
1263,9
1264,7
1265,12
1266,14
1267,16
1268,11
1269,11
1270,6
1271,6
1272,10
1273,5
1274,13
1275,7
1276,8
1277,10
1278,11
1279,11
1280,4
1281,8
1282,9
1283,11
1284,9
1285,8
1286,7
1287,9
1288,8
1289,3
1290,5
1291,11
1292,8
1293,6
1294,7
1295,7
1296,4
1297,12
1298,7
1299,4
1300,5
1301,9
1302,10
1303,7
1304,8
1305,9
1306,0
1307,7
1308,12
1309,17
1310,11
1311,8
1312,11
1313,11
1314,12
1315,11
1316,11
1317,9
1318,11
1319,9
1320,11
1321,9
1322,11
1323,7
1324,6
1325,16
1326,10
1327,6
1328,10
1329,5
1330,10
1331,10
1332,10
1333,8
1334,6
1335,8
1336,6
1337,10
1338,10
1339,9
1340,8
1341,11
1342,5
1343,14
1344,6
1345,9
1346,12
1347,7
1348,8
1349,9
1350,15
1351,12
1352,8
1353,9
1354,8
1355,6
1356,12
1357,8
1358,11
1359,8
1360,12
1361,14
1362,8
1363,10
1364,10
1365,3
1366,11
1367,8
1368,9
1369,10
1370,5
1371,7
1372,6
1373,10
1374,11
1375,8
1376,13
1377,14
1378,8
1379,11
1380,9
1381,8
1382,4
1383,11
1384,9
1385,8
1386,10
1387,13
1388,6
1389,6
1390,8
1391,13
1392,10
1393,12
1394,11
1395,10
1396,9
1397,14
1398,7
1399,7
1400,11
1401,13
1402,10
1403,7
1404,8
1405,8
1406,11
1407,9
1408,9
1409,7
1410,10
1411,10
1412,10
1413,14
1414,12
1415,7
1416,6
1417,10
1418,6
1419,8
1420,8
1421,8
1422,13
1423,7
1424,11
1425,9
1426,6
1427,10
1428,7
1429,9
1430,10
1431,8
1432,18
1433,13
1434,8
1435,9
1436,8
1437,8
1438,9
1439,11
1440,10
1441,11
1442,8
1443,4
1444,10
1445,6
1446,5
1447,11
1448,9
1449,11
1450,5
1451,11
1452,10
1453,9
1454,11
1455,14
1456,7
1457,7
1458,6
1459,11
1460,12
1461,12
1462,7
1463,8
1464,8
1465,7
1466,10
1467,10
1468,10
1469,5
1470,7
1471,6
1472,9
1473,10
1474,5
1475,5
1476,3
1477,14
1478,10
1479,6
1480,6
1481,13
1482,13
1483,12
1484,10
1485,9
1486,9
1487,7
1488,10
1489,8
1490,5
1491,9
1492,13
1493,13
1494,13
1495,11
1496,10
1497,10
1498,8
1499,10
1500,7
1501,9
1502,4
1503,8
1504,13
1505,8
1506,6
1507,11
1508,15
1509,12
1510,13
1511,8
1512,3
1513,8
1514,7
1515,4
1516,10
1517,12
1518,7
1519,9
1520,7
1521,9
1522,11
1523,12
1524,8
1525,11
1526,8
1527,5
1528,14
1529,9
1530,4
1531,6
1532,9
1533,10
1534,6
1535,8
1536,13
1537,9
1538,7
1539,12
1540,9
1541,7
1542,7
1543,8
1544,10
1545,8
1546,3
1547,10
1548,12
1549,10
1550,6
1551,13
1552,10
1553,17
1554,7
1555,10
1556,14
1557,7
1558,9
1559,12
1560,8
1561,6
1562,15
1563,10
1564,9
1565,14
1566,8
1567,10
1568,6
1569,10
1570,8
1571,8
1572,12
1573,7
1574,13
1575,8
1576,9
1577,8
1578,11
1579,11
1580,5
1581,8
1582,8
1583,8
1584,9
1585,8
1586,9
1587,9
1588,10
1589,6
1590,7
1591,10
1592,10
1593,10
1594,9
1595,6
1596,15
1597,12
1598,8
1599,10
1600,9
1601,7
1602,8
1603,6
1604,9
1605,5
1606,8
1607,7
1608,10
1609,8
1610,9
1611,5
1612,11
1613,10
1614,9
1615,7
1616,9
1617,7
1618,11
1619,10
1620,10
1621,13
1622,11
1623,5
1624,5
1625,14
1626,8
1627,13
1628,12
1629,6
1630,11
1631,9
1632,14
1633,9
1634,7
1635,8
1636,5
1637,8
1638,8
1639,7
1640,12
1641,6
1642,12
1643,12
1644,14
1645,12
1646,8
1647,13
1648,12
1649,12
1650,7
1651,12
1652,11
1653,4
1654,11
1655,7
1656,11
1657,8
1658,11
1659,6
1660,12
1661,9
1662,10
1663,14
1664,8
1665,9
1666,8
1667,14
1668,8
1669,7
1670,7
1671,11
1672,16
1673,9
1674,9
1675,9
1676,8
1677,5
1678,11
1679,14
1680,9
1681,11
1682,16
1683,9
1684,11
1685,6
1686,4
1687,13
1688,11
1689,13
1690,11
1691,6
1692,7
1693,8
1694,10
1695,5
1696,11
1697,12
1698,6
1699,10
1700,9
1701,8
1702,9
1703,12
1704,6
1705,9
1706,9
1707,5
1708,12
1709,8
1710,9
1711,14
1712,10
1713,8
1714,7
1715,11
1716,9
1717,5
1718,8
1719,2
1720,9
1721,6
1722,11
1723,10
1724,9
1725,12
1726,9
1727,2
1728,12
1729,11
1730,7
1731,9
1732,8
1733,8
1734,12
1735,8
1736,13
1737,11
1738,10
1739,13
1740,11
1741,11
1742,4
1743,7
1744,18
1745,10
1746,11
1747,4
1748,9
1749,9
1750,12
1751,10
1752,12
1753,10
1754,0
1755,12
1756,12
1757,6
1758,5
1759,7
1760,10
1761,8
1762,11
1763,6
1764,6
1765,8
1766,10
1767,5
1768,8
1769,9
1770,14
1771,10
1772,6
1773,6
1774,11
1775,7
1776,10
1777,10
1778,9
1779,12
1780,15
1781,14
1782,4
1783,12
1784,11
1785,13
1786,7
1787,10
1788,11
1789,12
1790,11
1791,8
1792,15
1793,8
1794,9
1795,5
1796,8
1797,9
1798,12
1799,9
1800,7
1801,10
1802,6
1803,6
1804,8
1805,7
1806,13
1807,10
1808,8
1809,11
1810,6
1811,9
1812,7
1813,6
1814,7
1815,5
1816,12
1817,8
1818,13
1819,9
1820,17
1821,7
1822,6
1823,7
1824,9
1825,7
1826,6
1827,8
1828,9
1829,12
1830,5
1831,13
1832,3
1833,9
1834,6
1835,7
1836,9
1837,10
1838,7
1839,11
1840,14
1841,11
1842,15
1843,5
1844,11
1845,12
1846,4
1847,11
1848,9
1849,7
1850,10
1851,10
1852,9
1853,4
1854,9
1855,6
1856,9
1857,11
1858,8
1859,4
1860,8
1861,11
1862,4
1863,11
1864,9
1865,7
1866,9
1867,10
1868,9
1869,10
1870,14
1871,5
1872,12
1873,8
1874,12
1875,5
1876,10
1877,8
1878,9
1879,8
1880,11
1881,9
1882,12
1883,8
1884,10
1885,11
1886,11
1887,12
1888,11
1889,8
1890,8
1891,4
1892,14
1893,7
1894,10
1895,3
1896,3
1897,12
1898,4
1899,9
1900,11
1901,5
1902,9
1903,14
1904,5
1905,9
1906,8
1907,5
1908,10
1909,10
1910,7
1911,10
1912,4
1913,9
1914,9
1915,11
1916,10
1917,10
1918,7
1919,16
1920,7
1921,6
1922,5
1923,12
1924,4
1925,9
1926,9
1927,7
1928,11
1929,9
1930,12
1931,9
1932,8
1933,6
1934,8
1935,9
1936,9
1937,13
1938,9
1939,10
1940,9
1941,8
1942,7
1943,10
1944,11
1945,10
1946,14
1947,8
1948,6
1949,11
1950,11
1951,8
1952,11
1953,19
1954,9
1955,5
1956,9
1957,9
1958,8
1959,7
1960,6
1961,8
1962,7
1963,14
1964,13
1965,13
1966,8
1967,9
1968,11
1969,12
1970,8
1971,4
1972,8
1973,8
1974,5
1975,10
1976,11
1977,7
1978,7
1979,8
1980,8
1981,8
1982,5
1983,4
1984,10
1985,6
1986,6
1987,10
1988,12
1989,10
1990,8
1991,4
1992,13
1993,3
1994,8
1995,3
1996,13
1997,9
1998,11
1999,11
2000,7
2001,9
2002,7
2003,9
2004,7
2005,7
2006,11
2007,8
2008,7
2009,10
2010,5
2011,12
2012,13
2013,8
2014,6
2015,7
2016,10
2017,12
2018,9
2019,12
2020,9
2021,8
2022,6
2023,9
2024,7
2025,11
2026,5
2027,12
2028,12
2029,3
2030,10
2031,6
2032,11
2033,11
2034,10
2035,10
2036,8
2037,9
2038,8
2039,10
2040,7
2041,12
2042,7
2043,3
2044,8
2045,12
2046,6
2047,4
2048,11
2049,8
2050,10
2051,7
2052,8
2053,4
2054,11
2055,12
2056,10
2057,7
2058,6
2059,10
2060,10
2061,11
2062,10
2063,9
2064,7
2065,7
2066,10
2067,7
2068,12
2069,12
2070,15
2071,9
2072,11
2073,10
2074,11
2075,4
2076,6
2077,11
2078,10
2079,8
2080,7
2081,15
2082,9
2083,6
2084,9
2085,9
2086,9
2087,7
2088,13
2089,6
2090,7
2091,7
2092,10
2093,7
2094,9
2095,11
2096,12
2097,9
2098,11
2099,7
2100,11
2101,10
2102,10
2103,7
2104,14
2105,8
2106,11
2107,6
2108,10
2109,7
2110,10
2111,11
2112,9
2113,8
2114,8
2115,10
2116,11
2117,12
2118,10
2119,8
2120,10
2121,7
2122,7
2123,14
2124,9
2125,6
2126,4
2127,5
2128,5
2129,10
2130,7
2131,15
2132,10
2133,12
2134,13
2135,10
2136,11
2137,7
2138,10
2139,10
2140,9
2141,10
2142,9
2143,7
2144,7
2145,11
2146,5
2147,15
2148,7
2149,6
2150,11
2151,7
2152,6
2153,7
2154,9
2155,9
2156,9
2157,11
2158,12
2159,12
2160,9
2161,12
2162,6
2163,4
2164,9
2165,6
2166,10
2167,11
2168,7
2169,8
2170,7
2171,7
2172,7
2173,9
2174,10
2175,7
2176,7
2177,7
2178,7
2179,10
2180,4
2181,9
2182,12
2183,11
2184,5
2185,8
2186,6
2187,10
2188,8
2189,14
2190,4
2191,10
2192,11
2193,12
2194,12
2195,6
2196,10
2197,7
2198,9
2199,11
2200,10
2201,15
2202,6
2203,8
2204,6
2205,10
2206,10
2207,12
2208,7
2209,13
2210,9
2211,9
2212,12
2213,9
2214,9
2215,9
2216,10
2217,7
2218,12
2219,9
2220,12
2221,13
2222,11
2223,7
2224,9
2225,6
2226,10
2227,9
2228,8
2229,12
2230,8
2231,11
2232,11
2233,7
2234,8
2235,8
2236,6
2237,14
2238,9
2239,13
2240,5
2241,10
2242,9
2243,6
2244,7
2245,7
2246,10
2247,10
2248,5
2249,8
2250,6
2251,7
2252,7
2253,17
2254,11
2255,10
2256,15
2257,8
2258,11
2259,10
2260,10
2261,8
2262,9
2263,4
2264,12
2265,11
2266,13
2267,10
2268,10
2269,10
2270,6
2271,15
2272,10
2273,8
2274,10
2275,9
2276,10
2277,9
2278,10
2279,13
2280,4
2281,11
2282,10
2283,8
2284,11
2285,10
2286,9
2287,9
2288,9
2289,7
2290,8
2291,9
2292,6
2293,4
2294,9
2295,11
2296,7
2297,14
2298,9
2299,11
2300,10
2301,10
2302,8
2303,12
2304,7
2305,11
2306,7
2307,7
2308,12
2309,14
2310,13
2311,9
2312,8
2313,8
2314,12
2315,7
2316,8
2317,12
2318,9
2319,7
2320,7
2321,9
2322,13
2323,6
2324,12
2325,12
2326,9
2327,13
2328,9
2329,11
2330,14
2331,8
2332,6
2333,9
2334,10
2335,12
2336,9
2337,9
2338,12
2339,11
2340,11
2341,8
2342,5
2343,8
2344,13
2345,10
2346,10
2347,4
2348,8
2349,10
2350,9
2351,8
2352,3
2353,8
2354,8
2355,14
2356,6
2357,11
2358,6
2359,8
2360,9
2361,10
2362,10
2363,8
2364,8
2365,9
2366,11
2367,8
2368,10
2369,2
2370,7
2371,11
2372,13
2373,6
2374,9
2375,8
2376,8
2377,9
2378,4
2379,11
2380,9
2381,10
2382,8
2383,10
2384,6
2385,13
2386,11
2387,8
2388,12
2389,8
2390,7
2391,3
2392,12
2393,11
2394,12
2395,12
2396,5
2397,10
2398,9
2399,11
2400,14
2401,8
2402,10
2403,3
2404,7
2405,16
2406,11
2407,2
2408,6
2409,7
2410,8
2411,10
2412,11
2413,7
2414,7
2415,10
2416,10
2417,7
2418,7
2419,10
2420,8
2421,4
2422,11
2423,10
2424,9
2425,14
2426,8
2427,8
2428,7
2429,9
2430,8
2431,11
2432,6
2433,13
2434,10
2435,11
2436,7
2437,7
2438,12
2439,10
2440,10
2441,8
2442,5
2443,6
2444,10
2445,9
2446,6
2447,14
2448,7
2449,5
2450,7
2451,12
2452,7
2453,3
2454,11
2455,7
2456,10
2457,10
2458,11
2459,14
2460,11
2461,9
2462,4
2463,10
2464,7
2465,11
2466,6
2467,8
2468,7
2469,6
2470,11
2471,3
2472,6
2473,5
2474,8
2475,11
2476,9
2477,7
2478,8
2479,9
2480,11
2481,11
2482,9
2483,10
2484,7
2485,13
2486,11
2487,12
2488,6
2489,11
2490,8
2491,7
2492,8
2493,10
2494,5
2495,8
2496,9
2497,9
2498,7
2499,12
2500,7
2501,5
2502,10
2503,6
2504,7
2505,9
2506,5
2507,8
2508,12
2509,5
2510,10
2511,16
2512,7
2513,12
2514,13
2515,10
2516,9
2517,8
2518,10
2519,10
2520,11
2521,12
2522,9
2523,6
2524,7
2525,8
2526,11
2527,4
2528,9
2529,10
2530,14
2531,6
2532,7
2533,11
2534,9
2535,12
2536,6
2537,9
2538,8
2539,5
2540,15
2541,12
2542,7
2543,6
2544,13
2545,9
2546,10
2547,0
2548,6
2549,11
2550,6
2551,5
2552,7
2553,11
2554,9
2555,8
2556,14
2557,7
2558,9
2559,12
2560,7
2561,5
2562,9
2563,11
2564,8
2565,11
2566,10
2567,10
2568,9
2569,12
2570,6
2571,9
2572,15
2573,9
2574,5
2575,12
2576,6
2577,12
2578,12
2579,9
2580,5
2581,12
2582,8
2583,8
2584,12
2585,12
2586,18
2587,4
2588,9
2589,15
2590,8
2591,9
2592,11
2593,8
2594,7
2595,13
2596,15
2597,5
2598,9
2599,6
2600,7
2601,7
2602,7
2603,5
2604,12
2605,13
2606,10
2607,6
2608,12
2609,10
2610,7
2611,11
2612,15
2613,11
2614,11
2615,8
2616,10
2617,8
2618,9
2619,8
2620,11
2621,10
2622,9
2623,14
2624,11
2625,7
2626,8
2627,8
2628,7
2629,5
2630,12
2631,10
2632,5
2633,9
2634,15
2635,7
2636,11
2637,9
2638,9
2639,7
2640,10
2641,13
2642,8
2643,14
2644,8
2645,8
2646,8
2647,9
2648,6
2649,19
2650,6
2651,7
2652,11
2653,3
2654,8
2655,9
2656,8
2657,16
2658,3
2659,10
2660,8
2661,11
2662,12
2663,10
2664,4
2665,15
2666,9
2667,7
2668,5
2669,6
2670,9
2671,16
2672,11
2673,12
2674,9
2675,9
2676,7
2677,11
2678,7
2679,8
2680,12
2681,8
2682,11
2683,6
2684,8
2685,8
2686,7
2687,13
2688,14
2689,14
2690,12
2691,10
2692,13
2693,10
2694,5
2695,9
2696,7
2697,10
2698,8
2699,12
2700,12
2701,14
2702,11
2703,10
2704,11
2705,6
2706,8
2707,8
2708,11
2709,10
2710,6
2711,8
2712,14
2713,10
2714,11
2715,8
2716,13
2717,13
2718,8
2719,9
2720,7
2721,9
2722,12
2723,5
2724,5
2725,7
2726,8
2727,11
2728,8
2729,6
2730,8
2731,5
2732,11
2733,7
2734,8
2735,9
2736,11
2737,13
2738,6
2739,8
2740,15
2741,6
2742,8
2743,13
2744,9
2745,8
2746,6
2747,14
2748,10
2749,8
2750,6
2751,10
2752,12
2753,10
2754,9
2755,9
2756,7
2757,12
2758,6
2759,17
2760,6
2761,8
2762,11
2763,7
2764,9
2765,5
2766,11
2767,8
2768,9
2769,8
2770,18
2771,14
2772,6
2773,5
2774,4
2775,9
2776,7
2777,9
2778,9
2779,9
2780,9
2781,7
2782,12
2783,9
2784,6
2785,6
2786,9
2787,10
2788,11
2789,9
2790,12
2791,10
2792,11
2793,8
2794,8
2795,9
2796,7
2797,8
2798,9
2799,9
2800,8
2801,11
2802,10
2803,9
2804,14
2805,10
2806,5
2807,7
2808,8
2809,14
2810,6
2811,10
2812,12
2813,5
2814,14
2815,12
2816,5
2817,5
2818,11
2819,7
2820,8
2821,9
2822,10
2823,5
2824,10
2825,9
2826,10
2827,10
2828,5
2829,8
2830,6
2831,9
2832,6
2833,6
2834,9
2835,9
2836,12
2837,12
2838,6
2839,10
2840,7
2841,7
2842,8
2843,11
2844,9
2845,10
2846,7
2847,8
2848,10
2849,11
2850,11
2851,12
2852,8
2853,10
2854,10
2855,7
2856,11
2857,5
2858,10
2859,10
2860,11
2861,3
2862,17
2863,9
2864,8
2865,5
2866,8
2867,6
2868,8
2869,12
2870,4
2871,11
2872,10
2873,9
2874,11
2875,5
2876,6
2877,11
2878,7
2879,8
2880,11
2881,5
2882,13
2883,7
2884,8
2885,8
2886,8
2887,13
2888,7
2889,6
2890,10
2891,9
2892,12
2893,13
2894,11
2895,12
2896,14
2897,6
2898,13
2899,9
2900,11
2901,11
2902,13
2903,7
2904,10
2905,9
2906,10
2907,5
2908,9
2909,5
2910,9
2911,12
2912,13
2913,7
2914,6
2915,8
2916,12
2917,8
2918,11
2919,10
2920,10
2921,14
2922,11
2923,8
2924,10
2925,7
2926,12
2927,5
2928,5
2929,13
2930,7
2931,10
2932,6
2933,9
2934,8
2935,7
2936,8
2937,10
2938,8
2939,10
2940,7
2941,9
2942,14
2943,9
2944,14
2945,4
2946,12
2947,14
2948,11
2949,9
2950,11
2951,12
2952,9
2953,5
2954,13
2955,12
2956,13
2957,12
2958,8
2959,7
2960,9
2961,10
2962,13
2963,11
2964,12
2965,4
2966,10
2967,8
2968,9
2969,9
2970,9
2971,7
2972,13
2973,11
2974,15
2975,8
2976,10
2977,9
2978,8
2979,10
2980,8
2981,10
2982,8
2983,7
2984,14
2985,13
2986,9
2987,7
2988,7
2989,12
2990,11
2991,6
2992,10
2993,9
2994,11
2995,10
2996,4
2997,10
2998,6
2999,8
3000,7
3001,11
3002,16
3003,9
3004,6
3005,10
3006,9
3007,12
3008,10
3009,7
3010,9
3011,9
3012,7
3013,11
3014,7
3015,9
3016,5
3017,8
3018,10
3019,11
3020,10
3021,8
3022,9
3023,5
3024,7
3025,10
3026,10
3027,5
3028,9
3029,9
3030,9
3031,11
3032,12
3033,11
3034,6
3035,9
3036,8
3037,8
3038,8
3039,8
3040,9
3041,15
3042,7
3043,10
3044,9
3045,5
3046,16
3047,9
3048,8
3049,12
3050,11
3051,3
3052,7
3053,11
3054,7
3055,10
3056,13
3057,10
3058,10
3059,6
3060,7
3061,9
3062,9
3063,7
3064,8
3065,8
3066,8
3067,8
3068,5
3069,10
3070,7
3071,4
3072,5
3073,7
3074,17
3075,7
3076,7
3077,6
3078,13
3079,10
3080,12
3081,7
3082,8
3083,9
3084,11
3085,11
3086,7
3087,13
3088,12
3089,4
3090,9
3091,7
3092,10
3093,5
3094,9
3095,12
3096,9
3097,11
3098,9
3099,7
3100,12
3101,10
3102,8
3103,7
3104,11
3105,10
3106,8
3107,11
3108,7
3109,9
3110,6
3111,10
3112,10
3113,13
3114,7
3115,7
3116,8
3117,9
3118,13
3119,6
3120,7
3121,10
3122,10
3123,7
3124,15
3125,7
3126,15
3127,11
3128,3
3129,12
3130,7
3131,7
3132,12
3133,8
3134,16
3135,11
3136,12
3137,11
3138,13
3139,14
3140,8
3141,6
3142,10
3143,8
3144,7
3145,7
3146,9
3147,3
3148,12
3149,9
3150,14
3151,9
3152,12
3153,10
3154,11
3155,13
3156,10
3157,5
3158,10
3159,10
3160,7
3161,7
3162,13
3163,12
3164,6
3165,13
3166,9
3167,14
3168,7
3169,7
3170,5
3171,8
3172,10
3173,14
3174,8
3175,9
3176,12
3177,7
3178,8
3179,11
3180,7
3181,10
3182,11
3183,9
3184,4
3185,8
3186,6
3187,7
3188,11
3189,3
3190,13
3191,9
3192,8
3193,6
3194,10
3195,8
3196,13
3197,10
3198,10
3199,8
3200,7
3201,9
3202,6
3203,12
3204,11
3205,8
3206,15
3207,7
3208,3
3209,9
3210,10
3211,5
3212,6
3213,11
3214,9
3215,10
3216,5
3217,8
3218,7
3219,10
3220,7
3221,10
3222,10
3223,14
3224,13
3225,12
3226,6
3227,11
3228,9
3229,13
3230,6
3231,10
3232,6
3233,9
3234,10
3235,10
3236,11
3237,14
3238,10
3239,16
3240,10
3241,11
3242,7
3243,11
3244,8
3245,12
3246,9
3247,9
3248,10
3249,8
3250,6
3251,12
3252,7
3253,7
3254,5
3255,7
3256,12
3257,8
3258,10
3259,9
3260,6
3261,6
3262,11
3263,7
3264,1
3265,9
3266,11
3267,4
3268,7
3269,11
3270,4
3271,13
3272,8
3273,7
3274,7
3275,9
3276,7
3277,12
3278,15
3279,5
3280,6
3281,7
3282,4
3283,9
3284,12
3285,13
3286,9
3287,7
3288,9
3289,10
3290,5
3291,7
3292,11
3293,6
3294,13
3295,10
3296,11
3297,5
3298,10
3299,11
3300,6
3301,13
3302,9
3303,7
3304,10
3305,9
3306,10
3307,8
3308,5
3309,8
3310,10
3311,13
3312,10
3313,8
3314,8
3315,10
3316,8
3317,9
3318,9
3319,5
3320,10
3321,7
3322,6
3323,14
3324,4
3325,10
3326,8
3327,7
3328,7
3329,6
3330,11
3331,13
3332,9
3333,14
3334,11
3335,5
3336,8
3337,10
3338,12
3339,12
3340,12
3341,8
3342,5
3343,6
3344,5
3345,4
3346,5
3347,9
3348,8
3349,7
3350,9
3351,11
3352,11
3353,11
3354,6
3355,6
3356,10
3357,8
3358,15
3359,12
3360,9
3361,3
3362,6
3363,9
3364,9
3365,7
3366,8
3367,6
3368,8
3369,5
3370,7
3371,9
3372,9
3373,5
3374,7
3375,7
3376,12
3377,7
3378,10
3379,11
3380,7
3381,8
3382,11
3383,6
3384,7
3385,6
3386,7
3387,12
3388,11
3389,7
3390,8
3391,9
3392,12
3393,12
3394,13
3395,10
3396,9
3397,7
3398,13
3399,10
3400,13
3401,8
3402,5
3403,10
3404,9
3405,11
3406,8
3407,5
3408,8
3409,5
3410,13
3411,13
3412,11
3413,10
3414,10
3415,12
3416,12
3417,10
3418,6
3419,12
3420,14
3421,8
3422,6
3423,17
3424,15
3425,7
3426,13
3427,11
3428,7
3429,6
3430,8
3431,9
3432,5
3433,7
3434,8
3435,11
3436,9
3437,14
3438,8
3439,7
3440,8
3441,10
3442,8
3443,9
3444,6
3445,11
3446,11
3447,11
3448,9
3449,11
3450,7
3451,11
3452,6
3453,14
3454,10
3455,9
3456,5
3457,14
3458,7
3459,8
3460,7
3461,11
3462,7
3463,6
3464,16
3465,13
3466,5
3467,8
3468,5
3469,11
3470,8
3471,10
3472,16
3473,10
3474,11
3475,9
3476,7
3477,9
3478,10
3479,10
3480,11
3481,9
3482,6
3483,9
3484,7
3485,18
3486,10
3487,6
3488,11
3489,9
3490,6
3491,7
3492,9
3493,10
3494,7
3495,12
3496,7
3497,8
3498,9
3499,5
3500,13
3501,9
3502,10
3503,15
3504,8
3505,8
3506,11
3507,9
3508,10
3509,7
3510,8
3511,11
3512,8
3513,9
3514,11
3515,12
3516,6
3517,11
3518,13
3519,8
3520,9
3521,9
3522,15
3523,11
3524,4
3525,14
3526,8
3527,10
3528,9
3529,10
3530,5
3531,14
3532,7
3533,7
3534,12
3535,9
3536,8
3537,11
3538,9
3539,9
3540,8
3541,9
3542,6
3543,10
3544,11
3545,10
3546,5
3547,9
3548,12
3549,9
3550,9
3551,4
3552,10
3553,5
3554,6
3555,5
3556,5
3557,11
3558,9
3559,11
3560,5
3561,8
3562,11
3563,8
3564,12
3565,11
3566,10
3567,16
3568,12
3569,12
3570,10
3571,11
3572,7
3573,13
3574,8
3575,8
3576,9
3577,10
3578,8
3579,11
3580,6
3581,13
3582,13
3583,8
3584,11
3585,7
3586,14
3587,7
3588,8
3589,8
3590,11
3591,6
3592,9
3593,12
3594,13
3595,12
3596,11
3597,10
3598,7
3599,6
3600,8
3601,12
3602,3
3603,9
3604,10
3605,8
3606,9
3607,2
3608,4
3609,11
3610,15
3611,7
3612,12
3613,5
3614,15
3615,9
3616,13
3617,6
3618,7
3619,7
3620,7
3621,10
3622,13
3623,8
3624,7
3625,15
3626,8
3627,7
3628,11
3629,13
3630,2
3631,9
3632,6
3633,10
3634,13
3635,9
3636,7
3637,10
3638,10
3639,12
3640,12
3641,6
3642,5
3643,11
3644,3
3645,8
3646,10
3647,11
3648,14
3649,8
3650,16
3651,3
3652,6
3653,12
3654,10
3655,10
3656,13
3657,5
3658,5
3659,12
3660,6
3661,10
3662,10
3663,5
3664,7
3665,7
3666,11
3667,4
3668,7
3669,13
3670,9
3671,7
3672,8
3673,15
3674,3
3675,11
3676,7
3677,10
3678,8
3679,11
3680,9
3681,8
3682,6
3683,11
3684,9
3685,10
3686,10
3687,16
3688,9
3689,7
3690,9
3691,8
3692,9
3693,13
3694,5
3695,6
3696,10
3697,12
3698,14
3699,11
3700,5
3701,11
3702,12
3703,11
3704,17
3705,7
3706,8
3707,4
3708,11
3709,9
3710,9
3711,7
3712,7
3713,4
3714,5
3715,18
3716,12
3717,8
3718,14
3719,14
3720,8
3721,12
3722,8
3723,6
3724,11
3725,10
3726,11
3727,6
3728,9
3729,8
3730,10
3731,5
3732,12
3733,11
3734,12
3735,6
3736,11
3737,9
3738,11
3739,4
3740,9
3741,3
3742,13
3743,5
3744,9
3745,8
3746,8
3747,16
3748,11
3749,8
3750,10
3751,10
3752,16
3753,9
3754,7
3755,13
3756,15
3757,11
3758,9
3759,8
3760,10
3761,12
3762,9
3763,5
3764,12
3765,7
3766,6
3767,8
3768,9
3769,0
3770,10
3771,6
3772,10
3773,8
3774,10
3775,7
3776,11
3777,9
3778,9
3779,10
3780,9
3781,9
3782,9
3783,14
3784,6
3785,11
3786,10
3787,7
3788,10
3789,10
3790,8
3791,7
3792,6
3793,10
3794,8
3795,8
3796,14
3797,11
3798,6
3799,7
3800,7
3801,7
3802,11
3803,7
3804,15
3805,10
3806,13
3807,11
3808,5
3809,7
3810,10
3811,8
3812,11
3813,13
3814,4
3815,7
3816,3
3817,8
3818,12
3819,10
3820,7
3821,11
3822,11
3823,12
3824,15
3825,9
3826,14
3827,8
3828,13
3829,8
3830,13
3831,12
3832,9
3833,14
3834,5
3835,9
3836,12
3837,7
3838,8
3839,8
3840,6
3841,8
3842,7
3843,12
3844,7
3845,6
3846,10
3847,9
3848,9
3849,7
3850,9
3851,12
3852,5
3853,10
3854,8
3855,11
3856,11
3857,13
3858,7
3859,4
3860,9
3861,10
3862,9
3863,5
3864,7
3865,10
3866,16
3867,8
3868,12
3869,5
3870,9
3871,9
3872,11
3873,8
3874,6
3875,8
3876,13
3877,5
3878,12
3879,10
3880,12
3881,12
3882,11
3883,10
3884,13
3885,9
3886,10
3887,9
3888,8
3889,10
3890,14
3891,10
3892,10
3893,7
3894,4
3895,9
3896,7
3897,11
3898,7
3899,9
3900,6
3901,10
3902,10
3903,8
3904,8
3905,8
3906,9
3907,8
3908,6
3909,8
3910,12
3911,12
3912,8
3913,12
3914,10
3915,9
3916,11
3917,11
3918,14
3919,5
3920,8
3921,10
3922,10
3923,10
3924,9
3925,7
3926,6
3927,5
3928,7
3929,8
3930,4
3931,10
3932,10
3933,10
3934,11
3935,8
3936,9
3937,9
3938,11
3939,9
3940,10
3941,5
3942,8
3943,3
3944,6
3945,13
3946,9
3947,8
3948,11
3949,6
3950,10
3951,8
3952,7
3953,9
3954,6
3955,9
3956,13
3957,13
3958,8
3959,10
3960,11
3961,11
3962,11
3963,9
3964,10
3965,5
3966,9
3967,5
3968,13
3969,11
3970,11
3971,9
3972,8
3973,10
3974,8
3975,8
3976,10
3977,8
3978,8
3979,7
3980,11
3981,5
3982,6
3983,16
3984,7
3985,8
3986,9
3987,6
3988,7
3989,8
3990,5
3991,8
3992,2
3993,8
3994,12
3995,6
3996,11
3997,4
3998,5
3999,9
4000,12
4001,8
4002,15
4003,12
4004,11
4005,6
4006,7
4007,8
4008,6
4009,8
4010,10
4011,11
4012,6
4013,11
4014,10
4015,9
4016,5
4017,7
4018,14
4019,8
4020,7
4021,13
4022,12
4023,7
4024,3
4025,6
4026,6
4027,9
4028,8
4029,9
4030,12
4031,6
4032,11
4033,10
4034,7
4035,6
4036,7
4037,10
4038,8
4039,10
4040,13
4041,11
4042,5
4043,4
4044,10
4045,4
4046,11
4047,4
4048,6
4049,10
4050,9
4051,11
4052,13
4053,10
4054,9
4055,4
4056,10
4057,11
4058,7
4059,12
4060,10
4061,8
4062,11
4063,6
4064,5
4065,9
4066,7
4067,7
4068,13
4069,5
4070,12
4071,10
4072,6
4073,6
4074,10
4075,12
4076,9
4077,11
4078,7
4079,9
4080,11
4081,8
4082,9
4083,8
4084,7
4085,6
4086,9
4087,5
4088,6
4089,8
4090,12
4091,12
4092,11
4093,11
4094,8
4095,8
4096,11
4097,8
4098,8
4099,5
4100,16
4101,7
4102,10
4103,9
4104,11
4105,9
4106,4
4107,11
4108,14
4109,10
4110,7
4111,8
4112,14
4113,6
4114,13
4115,12
4116,12
4117,5
4118,11
4119,8
4120,12
4121,9
4122,9
4123,9
4124,12
4125,6
4126,7
4127,9
4128,10
4129,10
4130,7
4131,6
4132,13
4133,10
4134,9
4135,13
4136,8
4137,7
4138,9
4139,6
4140,10
4141,8
4142,7
4143,8
4144,9
4145,7
4146,12
4147,12
4148,9
4149,6
4150,8
4151,10
4152,12
4153,8
4154,11
4155,5
4156,4
4157,10
4158,8
4159,11
4160,9
4161,11
4162,9
4163,10
4164,10
4165,12
4166,9
4167,9
4168,8
4169,6
4170,11
4171,16
4172,12
4173,9
4174,13
4175,6
4176,11
4177,10
4178,7
4179,5
4180,16
4181,14
4182,10
4183,13
4184,9
4185,8
4186,4
4187,5
4188,8
4189,13
4190,12
4191,9
4192,8
4193,8
4194,13
4195,8
4196,6
4197,11
4198,10
4199,8
4200,12
4201,11
4202,12
4203,7
4204,6
4205,7
4206,10
4207,9
4208,12
4209,12
4210,8
4211,7
4212,13
4213,9
4214,11
4215,8
4216,13
4217,10
4218,12
4219,5
4220,6
4221,7
4222,12
4223,10
4224,11
4225,6
4226,9
4227,10
4228,8
4229,6
4230,8
4231,10
4232,20
4233,15
4234,9
4235,13
4236,7
4237,14
4238,11
4239,10
4240,8
4241,9
4242,12
4243,8
4244,9
4245,8
4246,8
4247,8
4248,11
4249,2
4250,9
4251,6
4252,8
4253,11
4254,6
4255,7
4256,3
4257,6
4258,9
4259,7
4260,6
4261,9
4262,10
4263,6
4264,13
4265,11
4266,11
4267,12
4268,15
4269,9
4270,8
4271,6
4272,8
4273,10
4274,13
4275,6
4276,10
4277,8
4278,8
4279,10
4280,10
4281,10
4282,2
4283,11
4284,12
4285,7
4286,5
4287,13
4288,8
4289,9
4290,9
4291,11
4292,7
4293,5
4294,9
4295,16
4296,12
4297,12
4298,8
4299,7
4300,6
4301,11
4302,14
4303,21
4304,13
4305,11
4306,8
4307,8
4308,8
4309,8
4310,11
4311,15
4312,7
4313,11
4314,10
4315,9
4316,11
4317,3
4318,9
4319,8
4320,9
4321,5
4322,7
4323,9
4324,10
4325,8
4326,8
4327,12
4328,8
4329,10
4330,9
4331,10
4332,8
4333,5
4334,6
4335,9
4336,9
4337,10
4338,7
4339,9
4340,11
4341,11
4342,10
4343,9
4344,11
4345,8
4346,5
4347,6
4348,6
4349,7
4350,9
4351,8
4352,13
4353,11
4354,6
4355,11
4356,9
4357,8
4358,10
4359,6
4360,11
4361,11
4362,9
4363,4
4364,12
4365,14
4366,4
4367,9
4368,10
4369,8
4370,9
4371,5
4372,3
4373,7
4374,7
4375,7
4376,11
4377,7
4378,6
4379,12
4380,8
4381,8
4382,8
4383,11
4384,6
4385,8
4386,5
4387,8
4388,12
4389,8
4390,6
4391,8
4392,10
4393,13
4394,8
4395,8
4396,7
4397,10
4398,12
4399,12
4400,9
4401,10
4402,8
4403,8
4404,13
4405,5
4406,7
4407,13
4408,8
4409,5
4410,7
4411,10
4412,6
4413,8
4414,10
4415,10
4416,10
4417,6
4418,7
4419,10
4420,11
4421,14
4422,7
4423,7
4424,11
4425,11
4426,6
4427,9
4428,5
4429,11
4430,10
4431,12
4432,6
4433,9
4434,11
4435,6
4436,9
4437,13
4438,16
4439,7
4440,13
4441,9
4442,8
4443,5
4444,8
4445,12
4446,12
4447,10
4448,13
4449,16
4450,8
4451,12
4452,7
4453,7
4454,7
4455,12
4456,9
4457,8
4458,5
4459,6
4460,12
4461,6
4462,8
4463,9
4464,12
4465,9
4466,9
4467,11
4468,12
4469,11
4470,9
4471,8
4472,15
4473,10
4474,11
4475,9
4476,10
4477,10
4478,3
4479,6
4480,8
4481,9
4482,9
4483,4
4484,8
4485,9
4486,8
4487,8
4488,8
4489,9
4490,8
4491,7
4492,9
4493,10
4494,12
4495,8
4496,4
4497,3
4498,11
4499,9
4500,11
4501,8
4502,10
4503,7
4504,16
4505,6
4506,8
4507,7
4508,6
4509,4
4510,9
4511,12
4512,12
4513,11
4514,7
4515,13
4516,6
4517,7
4518,9
4519,13
4520,14
4521,7
4522,11
4523,7
4524,16
4525,9
4526,14
4527,12
4528,14
4529,12
4530,10
4531,7
4532,14
4533,12
4534,10
4535,9
4536,4
4537,12
4538,9
4539,8
4540,9
4541,10
4542,19
4543,12
4544,13
4545,4
4546,13
4547,3
4548,10
4549,12
4550,5
4551,14
4552,11
4553,12
4554,10
4555,15
4556,13
4557,17
4558,12
4559,12
4560,7
4561,10
4562,9
4563,12
4564,9
4565,7
4566,8
4567,7
4568,14
4569,9
4570,11
4571,7
4572,11
4573,4
4574,15
4575,8
4576,10
4577,5
4578,8
4579,10
4580,11
4581,7
4582,4
4583,11
4584,3
4585,18
4586,11
4587,6
4588,11
4589,7
4590,6
4591,12
4592,12
4593,7
4594,9
4595,6
4596,4
4597,10
4598,11
4599,9
4600,9
4601,7
4602,10
4603,9
4604,10
4605,13
4606,10
4607,16
4608,17
4609,10
4610,9
4611,11
4612,8
4613,7
4614,12
4615,4
4616,10
4617,9
4618,9
4619,10
4620,12
4621,7
4622,6
4623,12
4624,14
4625,8
4626,6
4627,8
4628,11
4629,8
4630,10
4631,12
4632,10
4633,13
4634,10
4635,9
4636,11
4637,10
4638,9
4639,8
4640,14
4641,8
4642,9
4643,5
4644,10
4645,9
4646,10
4647,5
4648,6
4649,3
4650,5
4651,8
4652,9
4653,10
4654,7
4655,7
4656,15
4657,8
4658,7
4659,8
4660,4
4661,7
4662,6
4663,6
4664,11
4665,2
4666,8
4667,7
4668,11
4669,8
4670,4
4671,11
4672,11
4673,13
4674,15
4675,12
4676,6
4677,11
4678,9
4679,3
4680,6
4681,14
4682,12
4683,4
4684,11
4685,6
4686,8
4687,9
4688,9
4689,9
4690,11
4691,9
4692,11
4693,7
4694,10
4695,10
4696,8
4697,7
4698,8
4699,10
4700,5
4701,4
4702,11
4703,5
4704,8
4705,12
4706,6
4707,14
4708,8
4709,5
4710,13
4711,7
4712,12
4713,12
4714,9
4715,5
4716,6
4717,9
4718,9
4719,11
4720,8
4721,7
4722,10
4723,14
4724,10
4725,6
4726,5
4727,8
4728,8
4729,7
4730,10
4731,8
4732,11
4733,3
4734,11
4735,10
4736,12
4737,8
4738,15
4739,10
4740,13
4741,8
4742,8
4743,7
4744,6
4745,7
4746,7
4747,14
4748,9
4749,7
4750,12
4751,9
4752,11
4753,15
4754,10
4755,9
4756,11
4757,13
4758,9
4759,13
4760,12
4761,9
4762,8
4763,6
4764,5
4765,13
4766,14
4767,9
4768,9
4769,8
4770,10
4771,10
4772,12
4773,13
4774,11
4775,11
4776,13
4777,11
4778,8
4779,10
4780,11
4781,15
4782,10
4783,3
4784,12
4785,4
4786,10
4787,10
4788,10
4789,9
4790,9
4791,11
4792,11
4793,13
4794,7
4795,10
4796,5
4797,6
4798,8
4799,8
4800,9
4801,6
4802,10
4803,7
4804,12
4805,7
4806,11
4807,11
4808,8
4809,8
4810,14
4811,3
4812,4
4813,9
4814,11
4815,8
4816,8
4817,6
4818,8
4819,6
4820,16
4821,10
4822,10
4823,4
4824,10
4825,6
4826,8
4827,9
4828,7
4829,10
4830,9
4831,5
4832,13
4833,10
4834,10
4835,11
4836,7
4837,9
4838,7
4839,12
4840,5
4841,9
4842,14
4843,8
4844,9
4845,13
4846,13
4847,6
4848,12
4849,9
4850,7
4851,12
4852,8
4853,8
4854,8
4855,13
4856,16
4857,11
4858,10
4859,13
4860,7
4861,9
4862,7
4863,13
4864,13
4865,7
4866,15
4867,7
4868,11
4869,4
4870,7
4871,8
4872,6
4873,5
4874,7
4875,11
4876,6
4877,10
4878,5
4879,9
4880,7
4881,11
4882,11
4883,6
4884,3
4885,3
4886,6
4887,10
4888,8
4889,6
4890,9
4891,6
4892,3
4893,7
4894,11
4895,7
4896,12
4897,8
4898,8
4899,6
4900,13
4901,9
4902,10
4903,8
4904,8
4905,10
4906,11
4907,7
4908,11
4909,11
4910,11
4911,12
4912,14
4913,9
4914,8
4915,5
4916,10
4917,10
4918,9
4919,6
4920,9
4921,9
4922,11
4923,6
4924,7
4925,6
4926,11
4927,7
4928,13
4929,6
4930,13
4931,9
4932,7
4933,13
4934,10
4935,9
4936,5
4937,9
4938,6
4939,6
4940,9
4941,11
4942,10
4943,11
4944,6
4945,9
4946,8
4947,6
4948,5
4949,9
4950,7
4951,10
4952,11
4953,11
4954,4
4955,14
4956,6
4957,7
4958,6
4959,7
4960,8
4961,7
4962,12
4963,10
4964,9
4965,6
4966,11
4967,8
4968,11
4969,8
4970,4
4971,7
4972,6
4973,7
4974,10
4975,6
4976,7
4977,7
4978,7
4979,8
4980,16
4981,11
4982,8
4983,12
4984,13
4985,14
4986,15
4987,9
4988,7
4989,5
4990,14
4991,5
4992,12
4993,13
4994,11
4995,5
4996,9
4997,12
4998,17
4999,10
5000,4
5001,9
5002,9
5003,13
5004,4
5005,8
5006,7
5007,4
5008,12
5009,11
5010,4
5011,5
5012,9
5013,10
5014,8
5015,13
5016,10
5017,4
5018,6
5019,9
5020,11
5021,11
5022,11
5023,4
5024,7
5025,8
5026,10
5027,4
5028,7
5029,8
5030,12
5031,7
5032,5
5033,4
5034,6
5035,9
5036,3
5037,2
5038,8
5039,9
5040,12
5041,1
5042,9
5043,2
5044,8
5045,5
5046,7
5047,8
5048,7
5049,6
5050,7
5051,7
5052,8
5053,6
5054,3
5055,12
5056,4
5057,7
5058,7
5059,6
5060,9
5061,11
5062,8
5063,5
5064,2
5065,10
5066,6
5067,6
5068,5
5069,7
5070,4
5071,9
5072,4
5073,7
5074,4
5075,6
5076,4
5077,8
5078,7
5079,6
5080,9
5081,8
5082,10
5083,3
5084,4
5085,14
5086,11
5087,8
5088,10
5089,13
5090,7
5091,8
5092,3
5093,10
5094,7
5095,4
5096,7
5097,4
5098,6
5099,6
5100,8
5101,6
5102,10
5103,9
5104,8
5105,15
5106,7
5107,9
5108,10
5109,7
5110,12
5111,7
5112,7
5113,10
5114,9
5115,8
5116,6
5117,9
5118,7
5119,3
5120,8
5121,8
5122,7
5123,10
5124,8
5125,11
5126,9
5127,6
5128,8
5129,4
5130,5
5131,9
5132,7
5133,8
5134,8
5135,7
5136,10
5137,6
5138,10
5139,9
5140,6
5141,5
5142,9
5143,1
5144,11
5145,3
5146,8
5147,8
5148,6
5149,5
5150,8
5151,6
5152,5
5153,4
5154,12
5155,6
5156,5
5157,3
5158,5
5159,9
5160,9
5161,12
5162,7
5163,8
5164,4
5165,8
5166,7
5167,8
5168,9
5169,4
5170,9
5171,6
5172,4
5173,11
5174,7
5175,8
5176,7
5177,6
5178,5
5179,10
5180,6
5181,6
5182,11
5183,5
5184,15
5185,7
5186,10
5187,9
5188,12
5189,7
5190,4
5191,9
5192,5
5193,13
5194,7
5195,7
5196,10
5197,7
5198,10
5199,9
5200,9
5201,8
5202,5
5203,11
5204,6
5205,7
5206,8
5207,7
5208,6
5209,10
5210,7
5211,4
5212,8
5213,7
5214,12
5215,4
5216,9
5217,8
5218,7
5219,6
5220,7
5221,12
5222,10
5223,6
5224,3
5225,8
5226,7
5227,4
5228,11
5229,5
5230,11
5231,13
5232,8
5233,8
5234,7
5235,6
5236,12
5237,8
5238,14
5239,10
5240,7
5241,2
5242,11
5243,7
5244,7
5245,10
5246,4
5247,8
5248,10
5249,7
5250,7
5251,9
5252,9
5253,10
5254,6
5255,7
5256,8
5257,12
5258,8
5259,9
5260,5
5261,6
5262,1
5263,5
5264,10
5265,5
5266,8
5267,5
5268,5
5269,11
5270,9
5271,12
5272,5
5273,9
5274,5
5275,4
5276,11
5277,7
5278,7
5279,6
5280,9
5281,5
5282,4
5283,6
5284,9
5285,5
5286,8
5287,11
5288,10
5289,7
5290,4
5291,3
5292,6
5293,7
5294,3
5295,8
5296,9
5297,6
5298,7
5299,12
5300,11
5301,7
5302,7
5303,10
5304,7
5305,3
5306,2
5307,3
5308,7
5309,8
5310,7
5311,5
5312,15
5313,12
5314,5
5315,6
5316,5
5317,7
5318,5
5319,8
5320,8
5321,4
5322,6
5323,5
5324,5
5325,8
5326,7
5327,4
5328,9
5329,3
5330,8
5331,6
5332,10
5333,7
5334,7
5335,10
5336,8
5337,9
5338,13
5339,10
5340,13
5341,6
5342,9
5343,6
5344,8
5345,8
5346,4
5347,6
5348,13
5349,7
5350,8
5351,6
5352,7
5353,6
5354,7
5355,8
5356,6
5357,9
5358,8
5359,10
5360,6
5361,4
5362,6
5363,7
5364,9
5365,5
5366,8
5367,9
5368,8
5369,7
5370,2
5371,9
5372,5
5373,5
5374,7
5375,8
5376,8
5377,10
5378,8
5379,13
5380,7
5381,8
5382,8
5383,5
5384,9
5385,7
5386,9
5387,8
5388,8
5389,7
5390,11
5391,7
5392,5
5393,6
5394,6
5395,4
5396,8
5397,9
5398,10
5399,9
5400,6
5401,10
5402,5
5403,4
5404,2
5405,6
5406,4
5407,11
5408,5
5409,8
5410,6
5411,6
5412,5
5413,6
5414,11
5415,22
5416,6
5417,7
5418,8
5419,9
5420,6
5421,4
5422,9
5423,5
5424,5
5425,7
5426,6
5427,8
5428,4
5429,3
5430,8
5431,8
5432,9
5433,7
5434,9
5435,5
5436,9
5437,9
5438,8
5439,7
5440,6
5441,9
5442,10
5443,4
5444,3
5445,13
5446,9
5447,8
5448,5
5449,8
5450,7
5451,8
5452,7
5453,7
5454,6
5455,9
5456,14
5457,4
5458,6
5459,6
5460,10
5461,10
5462,6
5463,8
5464,5
5465,4
5466,8
5467,8
5468,9
5469,5
5470,6
5471,10
5472,6
5473,6
5474,10
5475,7
5476,14
5477,9
5478,8
5479,8
5480,4
5481,8
5482,10
5483,5
5484,6
5485,7
5486,8
5487,9
5488,6
5489,9
5490,7
5491,7
5492,4
5493,6
5494,6
5495,7
5496,9
5497,5
5498,9
5499,4
5500,5
5501,10
5502,0
5503,12
5504,7
5505,12
5506,5
5507,9
5508,5
5509,8
5510,7
5511,5
5512,6
5513,8
5514,9
5515,9
5516,9
5517,7
5518,8
5519,15
5520,7
5521,12
5522,5
5523,6
5524,10
5525,6
5526,9
5527,1
5528,6
5529,7
5530,10
5531,13
5532,7
5533,9
5534,8
5535,9
5536,7
5537,9
5538,4
5539,3
5540,6
5541,11
5542,3
5543,6
5544,15
5545,7
5546,8
5547,10
5548,5
5549,4
5550,10
5551,9
5552,11
5553,3
5554,7
5555,7
5556,9
5557,13
5558,9
5559,9
5560,3
5561,8
5562,9
5563,5
5564,10
5565,11
5566,5
5567,5
5568,4
5569,10
5570,5
5571,8
5572,9
5573,10
5574,10
5575,7
5576,7
5577,7
5578,6
5579,5
5580,6
5581,8
5582,5
5583,8
5584,6
5585,7
5586,7
5587,4
5588,9
5589,8
5590,9
5591,4
5592,4
5593,9
5594,4
5595,7
5596,6
5597,6
5598,6
5599,8
5600,4
5601,11
5602,7
5603,5
5604,9
5605,8
5606,3
5607,8
5608,9
5609,8
5610,7
5611,8
5612,8
5613,8
5614,3
5615,7
5616,10
5617,9
5618,6
5619,7
5620,3
5621,5
5622,11
5623,5
5624,8
5625,7
5626,7
5627,7
5628,4
5629,11
5630,5
5631,9
5632,8
5633,11
5634,10
5635,2
5636,10
5637,5
5638,7
5639,6
5640,8
5641,8
5642,12
5643,10
5644,7
5645,8
5646,5
5647,5
5648,7
5649,10
5650,10
5651,12
5652,8
5653,1
5654,8
5655,9
5656,10
5657,10
5658,2
5659,6
5660,12
5661,9
5662,7
5663,4
5664,6
5665,5
5666,7
5667,5
5668,5
5669,9
5670,9
5671,4
5672,3
5673,8
5674,9
5675,5
5676,7
5677,10
5678,7
5679,13
5680,6
5681,7
5682,9
5683,9
5684,9
5685,11
5686,5
5687,6
5688,10
5689,9
5690,12
5691,6
5692,9
5693,3
5694,12
5695,8
5696,4
5697,7
5698,6
5699,4
5700,10
5701,8
5702,9
5703,6
5704,8
5705,10
5706,12
5707,7
5708,6
5709,5
5710,6
5711,8
5712,7
5713,9
5714,9
5715,7
5716,7
5717,7
5718,6
5719,7
5720,4
5721,7
5722,6
5723,2
5724,7
5725,10
5726,3
5727,5
5728,9
5729,6
5730,5
5731,10
5732,5
5733,8
5734,10
5735,16
5736,11
5737,3
5738,10
5739,6
5740,3
5741,12
5742,8
5743,8
5744,11
5745,10
5746,5
5747,9
5748,10
5749,7
5750,12
5751,9
5752,13
5753,6
5754,4
5755,4
5756,9
5757,9
5758,8
5759,6
5760,13
5761,7
5762,9
5763,10
5764,6
5765,8
5766,5
5767,8
5768,9
5769,13
5770,10
5771,7
5772,6
5773,9
5774,7
5775,11
5776,8
5777,11
5778,7
5779,2
5780,3
5781,1
5782,8
5783,6
5784,4
5785,9
5786,9
5787,9
5788,8
5789,5
5790,11
5791,10
5792,8
5793,8
5794,9
5795,6
5796,4
5797,7
5798,7
5799,10
5800,11
5801,5
5802,2
5803,6
5804,5
5805,4
5806,6
5807,5
5808,6
5809,6
5810,6
5811,8
5812,9
5813,6
5814,9
5815,6
5816,6
5817,3
5818,10
5819,7
5820,7
5821,6
5822,9
5823,7
5824,8
5825,11
5826,7
5827,7
5828,9
5829,11
5830,8
5831,1
5832,8
5833,7
5834,8
5835,6
5836,7
5837,14
5838,9
5839,10
5840,5
5841,9
5842,6
5843,6
5844,4
5845,8
5846,7
5847,11
5848,8
5849,11
5850,8
5851,5
5852,12
5853,8
5854,4
5855,12
5856,8
5857,8
5858,7
5859,8
5860,11
5861,7
5862,4
5863,3
5864,6
5865,7
5866,6
5867,5
5868,6
5869,8
5870,3
5871,8
5872,9
5873,12
5874,5
5875,7
5876,8
5877,4
5878,11
5879,1
5880,10
5881,5
5882,9
5883,7
5884,6
5885,3
5886,6
5887,8
5888,1
5889,18
5890,5
5891,4
5892,6
5893,8
5894,4
5895,5
5896,6
5897,8
5898,9
5899,5
5900,9
5901,8
5902,10
5903,10
5904,9
5905,4
5906,9
5907,6
5908,5
5909,8
5910,4
5911,9
5912,5
5913,6
5914,6
5915,4
5916,8
5917,7
5918,9
5919,7
5920,9
5921,10
5922,5
5923,5
5924,4
5925,5
5926,11
5927,10
5928,8
5929,4
5930,6
5931,13
5932,8
5933,7
5934,4
5935,4
5936,7
5937,10
5938,8
5939,5
5940,5
5941,6
5942,6
5943,4
5944,5
5945,10
5946,9
5947,9
5948,10
5949,10
5950,11
5951,8
5952,8
5953,3
5954,8
5955,6
5956,7
5957,9
5958,6
5959,3
5960,6
5961,10
5962,8
5963,6
5964,4
5965,15
5966,6
5967,11
5968,7
5969,7
5970,3
5971,7
5972,11
5973,7
5974,7
5975,7
5976,8
5977,14
5978,9
5979,4
5980,7
5981,6
5982,10
5983,6
5984,7
5985,4
5986,4
5987,7
5988,9
5989,8
5990,9
5991,3
5992,7
5993,6
5994,8
5995,5
5996,13
5997,8
5998,8
5999,9
6000,8
6001,7
6002,9
6003,5
6004,5
6005,8
6006,5
6007,9
6008,7
6009,5
6010,8
6011,6
6012,10
6013,1
6014,12
6015,8
6016,2
6017,8
6018,7
6019,8
6020,7
6021,5
6022,11
6023,5
6024,4
6025,12
6026,8
6027,8
6028,12
6029,6
6030,6
6031,4
6032,5
6033,7
6034,10
6035,7
6036,8
6037,10
6038,5
6039,11
6040,9
6041,5
6042,6
6043,7
6044,6
6045,7
6046,9
6047,11
6048,9
6049,10
6050,8
6051,9
6052,2
6053,6
6054,8
6055,4
6056,9
6057,5
6058,7
6059,6
6060,6
6061,7
6062,12
6063,16
6064,7
6065,13
6066,9
6067,4
6068,1
6069,7
6070,5
6071,4
6072,5
6073,6
6074,3
6075,9
6076,7
6077,8
6078,8
6079,8
6080,6
6081,8
6082,8
6083,7
6084,12
6085,6
6086,8
6087,5
6088,11
6089,9
6090,7
6091,12
6092,7
6093,9
6094,11
6095,5
6096,10
6097,6
6098,6
6099,7
6100,4
6101,7
6102,8
6103,6
6104,9
6105,7
6106,8
6107,3
6108,5
6109,7
6110,5
6111,11
6112,8
6113,6
6114,8
6115,10
6116,4
6117,3
6118,9
6119,5
6120,7
6121,4
6122,6
6123,9
6124,5
6125,8
6126,11
6127,5
6128,9
6129,5
6130,7
6131,4
6132,10
6133,10
6134,10
6135,3
6136,10
6137,12
6138,6
6139,8
6140,14
6141,9
6142,9
6143,8
6144,7
6145,8
6146,8
6147,6
6148,8
6149,6
6150,4
6151,7
6152,5
6153,4
6154,6
6155,9
6156,5
6157,10
6158,3
6159,2
6160,9
6161,5
6162,6
6163,7
6164,4
6165,8
6166,4
6167,12
6168,8
6169,6
6170,4
6171,9
6172,6
6173,7
6174,4
6175,8
6176,3
6177,12
6178,6
6179,6
6180,8
6181,6
6182,4
6183,6
6184,8
6185,8
6186,6
6187,7
6188,5
6189,8
6190,7
6191,3
6192,7
6193,9
6194,5
6195,11
6196,4
6197,9
6198,9
6199,8
6200,6
6201,12
6202,6
6203,9
6204,8
6205,7
6206,6
6207,8
6208,7
6209,7
6210,9
6211,9
6212,7
6213,7
6214,5
6215,9
6216,1
6217,7
6218,4
6219,11
6220,6
6221,3
6222,7
6223,11
6224,8
6225,7
6226,6
6227,9
6228,9
6229,2
6230,5
6231,8
6232,8
6233,6
6234,9
6235,5
6236,4
6237,13
6238,6
6239,6
6240,11
6241,7
6242,6
6243,5
6244,14
6245,10
6246,6
6247,14
6248,9
6249,3
6250,9
6251,7
6252,7
6253,9
6254,10
6255,11
6256,8
6257,7
6258,7
6259,6
6260,5
6261,8
6262,12
6263,8
6264,6
6265,6
6266,8
6267,9
6268,5
6269,6
6270,6
6271,9
6272,8
6273,7
6274,9
6275,8
6276,9
6277,7
6278,11
6279,5
6280,4
6281,8
6282,9
6283,13
6284,8
6285,12
6286,8
6287,11
6288,8
6289,6
6290,9
6291,3
6292,8
6293,4
6294,7
6295,10
6296,7
6297,9
6298,9
6299,2
6300,6
6301,8
6302,5
6303,5
6304,5
6305,8
6306,3
6307,9
6308,5
6309,10
6310,8
6311,8
6312,5
6313,7
6314,8
6315,7
6316,9
6317,7
6318,12
6319,7
6320,6
6321,5
6322,8
6323,12
6324,4
6325,7
6326,10
6327,6
6328,9
6329,4
6330,9
6331,6
6332,9
6333,9
6334,8
6335,3
6336,9
6337,3
6338,6
6339,9
6340,6
6341,10
6342,8
6343,6
6344,7
6345,11
6346,8
6347,5
6348,12
6349,5
6350,8
6351,6
6352,9
6353,7
6354,9
6355,6
6356,10
6357,11
6358,6
6359,8
6360,5
6361,8
6362,8
6363,4
6364,5
6365,5
6366,7
6367,8
6368,6
6369,7
6370,7
6371,8
6372,7
6373,6
6374,7
6375,6
6376,29
6377,4
6378,11
6379,9
6380,8
6381,11
6382,5
6383,6
6384,5
6385,1
6386,8
6387,8
6388,6
6389,6
6390,7
6391,8
6392,5
6393,6
6394,5
6395,3
6396,9
6397,8
6398,9
6399,11
6400,7
6401,6
6402,2
6403,8
6404,9
6405,3
6406,8
6407,6
6408,6
6409,9
6410,9
6411,8
6412,4
6413,5
6414,4
6415,6
6416,8
6417,7
6418,8
6419,7
6420,12
6421,3
6422,10
6423,10
6424,7
6425,8
6426,5
6427,6
6428,7
6429,6
6430,8
6431,6
6432,8
6433,14
6434,8
6435,6
6436,8
6437,11
6438,9
6439,4
6440,8
6441,4
6442,7
6443,9
6444,8
6445,6
6446,11
6447,9
6448,7
6449,5
6450,7
6451,8
6452,6
6453,8
6454,11
6455,5
6456,0
6457,6
6458,10
6459,7
6460,8
6461,8
6462,5
6463,9
6464,5
6465,8
6466,7
6467,2
6468,11
6469,6
6470,9
6471,6
6472,7
6473,6
6474,10
6475,5
6476,13
6477,6
6478,8
6479,9
6480,4
6481,9
6482,11
6483,8
6484,2
6485,7
6486,10
6487,11
6488,10
6489,6
6490,7
6491,11
6492,9
6493,8
6494,11
6495,6
6496,10
6497,5
6498,4
6499,6
6500,10
6501,12
6502,13
6503,7
6504,8
6505,5
6506,6
6507,7
6508,8
6509,8
6510,8
6511,5
6512,7
6513,6
6514,16
6515,10
6516,9
6517,10
6518,7
6519,8
6520,9
6521,4
6522,9
6523,5
6524,8
6525,6
6526,9
6527,2
6528,11
6529,8
6530,9
6531,10
6532,9
6533,9
6534,6
6535,7
6536,8
6537,8
6538,4
6539,7
6540,1
6541,13
6542,9
6543,10
6544,3
6545,11
6546,10
6547,7
6548,7
6549,11
6550,11
6551,7
6552,7
6553,10
6554,7
6555,5
6556,8
6557,4
6558,9
6559,7
6560,9
6561,10
6562,5
6563,9
6564,8
6565,6
6566,9
6567,11
6568,3
6569,7
6570,10
6571,10
6572,11
6573,7
6574,5
6575,9
6576,8
6577,10
6578,7
6579,8
6580,10
6581,10
6582,6
6583,7
6584,6
6585,5
6586,5
6587,10
6588,6
6589,7
6590,8
6591,6
6592,5
6593,6
6594,9
6595,11
6596,9
6597,7
6598,10
6599,5
6600,5
6601,6
6602,10
6603,11
6604,9
6605,12
6606,10
6607,5
6608,9
6609,6
6610,9
6611,6
6612,9
6613,8
6614,7
6615,6
6616,8
6617,11
6618,5
6619,2
6620,11
6621,2
6622,4
6623,11
6624,10
6625,8
6626,11
6627,6
6628,4
6629,2
6630,6
6631,7
6632,7
6633,4
6634,9
6635,7
6636,4
6637,1
6638,14
6639,10
6640,6
6641,6
6642,6
6643,10
6644,5
6645,10
6646,5
6647,8
6648,7
6649,3
6650,12
6651,5
6652,6
6653,6
6654,11
6655,4
6656,7
6657,8
6658,12
6659,5
6660,6
6661,8
6662,6
6663,4
6664,8
6665,8
6666,5
6667,10
6668,4
6669,9
6670,7
6671,4
6672,0
6673,5
6674,7
6675,10
6676,11
6677,9
6678,10
6679,7
6680,4
6681,9
6682,12
6683,3
6684,7
6685,7
6686,9
6687,9
6688,6
6689,5
6690,6
6691,4
6692,10
6693,4
6694,10
6695,7
6696,11
6697,8
6698,9
6699,3
6700,8
6701,9
6702,5
6703,7
6704,7
6705,10
6706,8
6707,5
6708,6
6709,8
6710,7
6711,3
6712,9
6713,5
6714,6
6715,13
6716,10
6717,12
6718,9
6719,7
6720,8
6721,5
6722,10
6723,6
6724,3
6725,5
6726,6
6727,7
6728,5
6729,10
6730,6
6731,10
6732,4
6733,8
6734,2
6735,4
6736,7
6737,7
6738,8
6739,5
6740,9
6741,7
6742,7
6743,7
6744,11
6745,6
6746,9
6747,5
6748,13
6749,5
6750,7
6751,8
6752,8
6753,2
6754,9
6755,8
6756,7
6757,7
6758,7
6759,8
6760,5
6761,8
6762,7
6763,12
6764,8
6765,14
6766,5
6767,8
6768,1
6769,4
6770,8
6771,11
6772,9
6773,9
6774,7
6775,4
6776,11
6777,8
6778,6
6779,10
6780,8
6781,8
6782,6
6783,6
6784,5
6785,6
6786,12
6787,8
6788,9
6789,7
6790,6
6791,5
6792,8
6793,3
6794,9
6795,6
6796,9
6797,6
6798,12
6799,6
6800,3
6801,8
6802,9
6803,6
6804,10
6805,5
6806,6
6807,11
6808,6
6809,3
6810,7
6811,7
6812,5
6813,6
6814,11
6815,8
6816,8
6817,10
6818,9
6819,5
6820,4
6821,6
6822,5
6823,10
6824,8
6825,6
6826,8
6827,7
6828,10
6829,5
6830,5
6831,7
6832,5
6833,7
6834,7
6835,9
6836,6
6837,9
6838,7
6839,6
6840,9
6841,6
6842,9
6843,8
6844,8
6845,8
6846,10
6847,8
6848,6
6849,4
6850,10
6851,6
6852,8
6853,5
6854,4
6855,5
6856,8
6857,9
6858,4
6859,5
6860,9
6861,10
6862,11
6863,4
6864,10
6865,11
6866,5
6867,4
6868,6
6869,11
6870,8
6871,7
6872,8
6873,11
6874,7
6875,6
6876,3
6877,7
6878,9
6879,8
6880,6
6881,8
6882,7
6883,10
6884,8
6885,6
6886,8
6887,8
6888,8
6889,8
6890,7
6891,9
6892,1
6893,6
6894,9
6895,7
6896,3
6897,4
6898,7
6899,10
6900,13
6901,2
6902,8
6903,7
6904,8
6905,9
6906,13
6907,4
6908,2
6909,9
6910,5
6911,5
6912,5
6913,7
6914,6
6915,11
6916,4
6917,10
6918,4
6919,8
6920,7
6921,9
6922,9
6923,10
6924,12
6925,10
6926,8
6927,9
6928,7
6929,4
6930,11
6931,7
6932,8
6933,5
6934,9
6935,8
6936,9
6937,7
6938,7
6939,9
6940,8
6941,11
6942,7
6943,6
6944,8
6945,5
6946,6
6947,9
6948,10
6949,7
6950,7
6951,8
6952,8
6953,6
6954,7
6955,7
6956,7
6957,7
6958,8
6959,8
6960,7
6961,5
6962,10
6963,9
6964,8
6965,5
6966,5
6967,9
6968,7
6969,9
6970,7
6971,7
6972,1
6973,5
6974,8
6975,5
6976,10
6977,5
6978,13
6979,4
6980,12
6981,10
6982,7
6983,4
6984,9
6985,6
6986,3
6987,11
6988,12
6989,5
6990,6
6991,5
6992,7
6993,8
6994,13
6995,8
6996,6
6997,15
6998,5
6999,7
7000,6
7001,5
7002,9
7003,8
7004,5
7005,8
7006,8
7007,4
7008,7
7009,9
7010,11
7011,5
7012,11
7013,5
7014,11
7015,3
7016,8
7017,12
7018,5
7019,12
7020,10
7021,8
7022,7
7023,8
7024,5
7025,4
7026,9
7027,7
7028,4
7029,12
7030,4
7031,3
7032,5
7033,11
7034,7
7035,8
7036,3
7037,6
7038,6
7039,7
7040,8
7041,6
7042,10
7043,5
7044,4
7045,7
7046,14
7047,8
7048,10
7049,9
7050,9
7051,5
7052,11
7053,7
7054,11
7055,4
7056,4
7057,7
7058,7
7059,8
7060,9
7061,7
7062,10
7063,14
7064,10
7065,6
7066,6
7067,6
7068,5
7069,5
7070,3
7071,4
7072,8
7073,10
7074,6
7075,6
7076,9
7077,5
7078,10
7079,5
7080,5
7081,10
7082,5
7083,6
7084,10
7085,2
7086,12
7087,5
7088,6
7089,8
7090,6
7091,11
7092,4
7093,9
7094,4
7095,7
7096,7
7097,6
7098,9
7099,2
7100,8
7101,9
7102,8
7103,8
7104,7
7105,6
7106,12
7107,7
7108,8
7109,9
7110,9
7111,8
7112,10
7113,1
7114,5
7115,6
7116,6
7117,6
7118,8
7119,10
7120,7
7121,11
7122,14
7123,6
7124,7
7125,4
7126,5
7127,10
7128,6
7129,8
7130,8
7131,6
7132,7
7133,8
7134,8
7135,8
7136,8
7137,8
7138,5
7139,10
7140,4
7141,9
7142,8
7143,6
7144,13
7145,6
7146,11
7147,0
7148,9
7149,8
7150,5
7151,9
7152,7
7153,7
7154,5
7155,7
7156,4
7157,5
7158,8
7159,9
7160,11
7161,8
7162,5
7163,10
7164,8
7165,6
7166,9
7167,8
7168,11
7169,13
7170,6
7171,14
7172,5
7173,3
7174,10
7175,7
7176,6
7177,9
7178,8
7179,10
7180,10
7181,4
7182,9
7183,5
7184,5
7185,8
7186,5
7187,10
7188,8
7189,7
7190,5
7191,6
7192,8
7193,6
7194,9
7195,7
7196,9
7197,8
7198,14
7199,7
7200,7
7201,6
7202,7
7203,7
7204,10
7205,12
7206,6
7207,7
7208,9
7209,5
7210,9
7211,13
7212,14
7213,5
7214,7
7215,13
7216,11
7217,4
7218,11
7219,13
7220,8
7221,3
7222,4
7223,8
7224,3
7225,5
7226,14
7227,5
7228,8
7229,5
7230,8
7231,9
7232,4
7233,9
7234,4
7235,8
7236,7
7237,6
7238,7
7239,5
7240,8
7241,8
7242,7
7243,1
7244,13
7245,8
7246,11
7247,5
7248,8
7249,8
7250,4
7251,6
7252,6
7253,9
7254,12
7255,10
7256,10
7257,10
7258,8
7259,4
7260,6
7261,7
7262,6
7263,10
7264,7
7265,6
7266,7
7267,10
7268,6
7269,9
7270,6
7271,12
7272,5
7273,5
7274,10
7275,7
7276,9
7277,6
7278,14
7279,8
7280,13
7281,4
7282,3
7283,9
7284,7
7285,5
7286,4
7287,7
7288,9
7289,7
7290,11
7291,4
7292,7
7293,5
7294,9
7295,8
7296,7
7297,9
7298,4
7299,6
7300,5
7301,9
7302,2
7303,7
7304,11
7305,5
7306,5
7307,5
7308,6
7309,4
7310,8
7311,9
7312,5
7313,8
7314,12
7315,3
7316,8
7317,4
7318,8
7319,7
7320,3
7321,7
7322,2
7323,14
7324,7
7325,8
7326,8
7327,7
7328,8
7329,4
7330,13
7331,5
7332,11
7333,10
7334,8
7335,3
7336,4
7337,7
7338,7
7339,10
7340,6
7341,8
7342,10
7343,6
7344,8
7345,9
7346,12
7347,9
7348,10
7349,9
7350,10
7351,3
7352,5
7353,4
7354,7
7355,9
7356,5
7357,7
7358,7
7359,5
7360,9
7361,8
7362,6
7363,8
7364,8
7365,5
7366,1
7367,10
7368,4
7369,6
7370,11
7371,7
7372,5
7373,5
7374,3
7375,8
7376,4
7377,8
7378,7
7379,7
7380,9
7381,1
7382,5
7383,12
7384,12
7385,5
7386,8
7387,8
7388,13
7389,9
7390,5
7391,2
7392,2
7393,10
7394,12
7395,7
7396,4
7397,7
7398,8
7399,12
7400,4
7401,6
7402,11
7403,10
7404,9
7405,4
7406,7
7407,11
7408,5
7409,11
7410,6
7411,5
7412,7
7413,4
7414,11
7415,12
7416,7
7417,12
7418,10
7419,7
7420,10
7421,8
7422,2
7423,8
7424,9
7425,9
7426,8
7427,8
7428,10
7429,5
7430,7
7431,9
7432,6
7433,11
7434,8
7435,7
7436,8
7437,9
7438,6
7439,8
7440,6
7441,2
7442,9
7443,6
7444,8
7445,7
7446,8
7447,7
7448,5
7449,9
7450,9
7451,5
7452,5
7453,8
7454,9
7455,8
7456,4
7457,4
7458,6
7459,2
7460,7
7461,10
7462,7
7463,10
7464,3
7465,6
7466,6
7467,9
7468,9
7469,5
7470,6
7471,8
7472,5
7473,7
7474,9
7475,10
7476,6
7477,8
7478,7
7479,7
7480,12
7481,7
7482,10
7483,6
7484,5
7485,8
7486,5
7487,9
7488,9
7489,10
7490,9
7491,10
7492,7
7493,11
7494,5
7495,9
7496,6
7497,7
7498,7
7499,7
7500,10
7501,6
7502,10
7503,9
7504,9
7505,5
7506,11
7507,7
7508,9
7509,7
7510,5
7511,6
7512,9
7513,8
7514,6
7515,9
7516,7
7517,9
7518,7
7519,7
7520,7
7521,10
7522,8
7523,5
7524,3
7525,10
7526,5
7527,9
7528,5
7529,9
7530,5
7531,8
7532,6
7533,6
7534,7
7535,5
7536,6
7537,2
7538,6
7539,3
7540,3
7541,6
7542,5
7543,5
7544,4
7545,5
7546,8
7547,8
7548,6
7549,7
7550,4
7551,7
7552,9
7553,5
7554,8
7555,7
7556,6
7557,7
7558,8
7559,9
7560,13
7561,6
7562,8
7563,6
7564,14
7565,4
7566,13
7567,5
7568,6
7569,5
7570,6
7571,9
7572,7
7573,5
7574,4
7575,10
7576,6
7577,10
7578,9
7579,6
7580,11
7581,8
7582,9
7583,7
7584,5
7585,10
7586,6
7587,7
7588,10
7589,8
7590,8
7591,7
7592,9
7593,4
7594,7
7595,7
7596,6
7597,7
7598,11
7599,4
7600,2
7601,9
7602,8
7603,6
7604,8
7605,6
7606,6
7607,10
7608,9
7609,11
7610,7
7611,5
7612,6
7613,2
7614,10
7615,4
7616,9
7617,9
7618,2
7619,6
7620,7
7621,8
7622,7
7623,11
7624,13
7625,6
7626,8
7627,8
7628,6
7629,4
7630,8
7631,2
7632,10
7633,6
7634,7
7635,5
7636,9
7637,10
7638,13
7639,10
7640,9
7641,9
7642,6
7643,0
7644,5
7645,3
7646,9
7647,8
7648,9
7649,10
7650,13
7651,3
7652,7
7653,2
7654,11
7655,12
7656,7
7657,8
7658,6
7659,3
7660,3
7661,9
7662,6
7663,11
7664,8
7665,8
7666,10
7667,5
7668,5
7669,13
7670,5
7671,7
7672,5
7673,8
7674,6
7675,9
7676,9
7677,7
7678,10
7679,8
7680,5
7681,9
7682,6
7683,5
7684,9
7685,7
7686,10
7687,8
7688,8
7689,8
7690,6
7691,13
7692,8
7693,7
7694,5
7695,10
7696,8
7697,7
7698,9
7699,11
7700,5
7701,13
7702,6
7703,8
7704,3
7705,8
7706,10
7707,6
7708,7
7709,9
7710,8
7711,4
7712,18
7713,11
7714,3
7715,2
7716,9
7717,7
7718,4
7719,12
7720,11
7721,4
7722,5
7723,9
7724,8
7725,12
7726,6
7727,7
7728,9
7729,7
7730,8
7731,6
7732,8
7733,6
7734,13
7735,8
7736,7
7737,7
7738,11
7739,3
7740,5
7741,10
7742,8
7743,7
7744,13
7745,6
7746,5
7747,7
7748,6
7749,3
7750,8
7751,8
7752,5
7753,11
7754,4
7755,9
7756,6
7757,7
7758,2
7759,8
7760,9
7761,6
7762,8
7763,5
7764,3
7765,8
7766,7
7767,8
7768,8
7769,13
7770,8
7771,6
7772,5
7773,7
7774,11
7775,7
7776,15
7777,9
7778,9
7779,5
7780,4
7781,7
7782,5
7783,3
7784,6
7785,6
7786,10
7787,7
7788,6
7789,7
7790,3
7791,7
7792,14
7793,8
7794,7
7795,8
7796,5
7797,5
7798,4
7799,4
7800,6
7801,7
7802,10
7803,6
7804,3
7805,3
7806,4
7807,4
7808,8
7809,6
7810,12
7811,7
7812,5
7813,4
7814,10
7815,9
7816,6
7817,11
7818,8
7819,2
7820,9
7821,7
7822,3
7823,11
7824,8
7825,9
7826,6
7827,10
7828,8
7829,11
7830,3
7831,8
7832,3
7833,6
7834,11
7835,5
7836,16
7837,9
7838,7
7839,9
7840,8
7841,10
7842,10
7843,10
7844,7
7845,6
7846,5
7847,6
7848,6
7849,5
7850,5
7851,5
7852,8
7853,10
7854,8
7855,10
7856,15
7857,7
7858,6
7859,6
7860,8
7861,9
7862,7
7863,7
7864,6
7865,4
7866,5
7867,12
7868,3
7869,2
7870,8
7871,15
7872,9
7873,10
7874,8
7875,7
7876,6
7877,9
7878,8
7879,10
7880,8
7881,6
7882,8
7883,9
7884,8
7885,11
7886,7
7887,8
7888,6
7889,8
7890,5
7891,12
7892,6
7893,5
7894,4
7895,5
7896,6
7897,7
7898,8
7899,9
7900,9
7901,5
7902,7
7903,8
7904,9
7905,6
7906,7
7907,11
7908,5
7909,7
7910,8
7911,11
7912,7
7913,5
7914,7
7915,10
7916,7
7917,15
7918,5
7919,10
7920,7
7921,5
7922,11
7923,3
7924,7
7925,10
7926,5
7927,8
7928,8
7929,9
7930,7
7931,6
7932,5
7933,4
7934,3
7935,10
7936,7
7937,6
7938,8
7939,10
7940,5
7941,11
7942,6
7943,6
7944,11
7945,3
7946,7
7947,8
7948,7
7949,8
7950,7
7951,9
7952,3
7953,8
7954,7
7955,9
7956,6
7957,8
7958,8
7959,7
7960,7
7961,6
7962,11
7963,6
7964,7
7965,9
7966,7
7967,6
7968,6
7969,5
7970,1
7971,8
7972,11
7973,9
7974,9
7975,9
7976,9
7977,4
7978,6
7979,4
7980,8
7981,10
7982,10
7983,6
7984,5
7985,13
7986,6
7987,7
7988,9
7989,8
7990,7
7991,11
7992,5
7993,9
7994,5
7995,9
7996,2
7997,7
7998,10
7999,5
8000,11
8001,6
8002,13
8003,7
8004,9
8005,9
8006,9
8007,6
8008,14
8009,7
8010,6
8011,8
8012,11
8013,6
8014,13
8015,7
8016,9
8017,9
8018,9
8019,5
8020,10
8021,3
8022,6
8023,6
8024,6
8025,13
8026,6
8027,2
8028,4
8029,16
8030,10
8031,7
8032,11
8033,9
8034,12
8035,6
8036,3
8037,8
8038,7
8039,7
8040,7
8041,9
8042,12
8043,6
8044,0
8045,3
8046,11
8047,15
8048,4
8049,15
8050,9
8051,6
8052,4
8053,6
8054,12
8055,5
8056,6
8057,9
8058,10
8059,5
8060,6
8061,6
8062,6
8063,3
8064,7
8065,14
8066,6
8067,12
8068,7
8069,8
8070,8
8071,5
8072,9
8073,5
8074,13
8075,5
8076,6
8077,9
8078,5
8079,12
8080,3
8081,14
8082,6
8083,6
8084,9
8085,6
8086,8
8087,8
8088,4
8089,8
8090,12
8091,10
8092,3
8093,6
8094,10
8095,1
8096,5
8097,4
8098,7
8099,7
8100,6
8101,6
8102,8
8103,10
8104,8
8105,12
8106,12
8107,8
8108,4
8109,7
8110,4
8111,8
8112,12
8113,9
8114,5
8115,3
8116,7
8117,10
8118,6
8119,11
8120,7
8121,9
8122,4
8123,2
8124,6
8125,7
8126,8
8127,7
8128,8
8129,13
8130,5
8131,9
8132,7
8133,9
8134,7
8135,9
8136,6
8137,12
8138,11
8139,12
8140,8
8141,6
8142,7
8143,7
8144,7
8145,11
8146,8
8147,1
8148,9
8149,6
8150,7
8151,3
8152,14
8153,7
8154,9
8155,4
8156,6
8157,4
8158,6
8159,5
8160,7
8161,5
8162,6
8163,5
8164,11
8165,10
8166,10
8167,8
8168,1
8169,3
8170,9
8171,7
8172,10
8173,7
8174,6
8175,4
8176,9
8177,8
8178,8
8179,10
8180,7
8181,1
8182,6
8183,12
8184,6
8185,2
8186,7
8187,7
8188,6
8189,9
8190,4
8191,7
8192,8
8193,6
8194,7
8195,6
8196,3
8197,8
8198,9
8199,8
8200,8
8201,6
8202,7
8203,8
8204,5
8205,6
8206,8
8207,8
8208,11
8209,5
8210,8
8211,6
8212,7
8213,10
8214,5
8215,8
8216,9
8217,6
8218,2
8219,6
8220,8
8221,10
8222,6
8223,9
8224,10
8225,9
8226,4
8227,9
8228,4
8229,6
8230,8
8231,9
8232,9
8233,5
8234,4
8235,7
8236,7
8237,8
8238,10
8239,6
8240,12
8241,9
8242,7
8243,8
8244,6
8245,10
8246,4
8247,10
8248,6
8249,9
8250,5
8251,11
8252,8
8253,8
8254,9
8255,11
8256,8
8257,5
8258,10
8259,10
8260,8
8261,7
8262,5
8263,5
8264,7
8265,8
8266,6
8267,6
8268,8
8269,9
8270,6
8271,9
8272,6
8273,9
8274,7
8275,11
8276,7
8277,8
8278,6
8279,9
8280,4
8281,9
8282,9
8283,6
8284,9
8285,5
8286,8
8287,8
8288,11
8289,11
8290,8
8291,8
8292,6
8293,6
8294,11
8295,13
8296,4
8297,9
8298,5
8299,5
8300,8
8301,7
8302,4
8303,6
8304,3
8305,2
8306,7
8307,7
8308,6
8309,8
8310,5
8311,11
8312,12
8313,7
8314,8
8315,8
8316,8
8317,6
8318,7
8319,9
8320,4
8321,5
8322,7
8323,10
8324,5
8325,7
8326,6
8327,5
8328,13
8329,3
8330,4
8331,9
8332,2
8333,6
8334,5
8335,6
8336,7
8337,10
8338,8
8339,6
8340,11
8341,10
8342,14
8343,5
8344,11
8345,7
8346,6
8347,9
8348,5
8349,8
8350,7
8351,4
8352,7
8353,5
8354,6
8355,7
8356,6
8357,9
8358,6
8359,2
8360,10
8361,6
8362,7
8363,8
8364,8
8365,5
8366,8
8367,3
8368,5
8369,11
8370,9
8371,6
8372,9
8373,6
8374,8
8375,8
8376,4
8377,6
8378,7
8379,6
8380,5
8381,1
8382,5
8383,5
8384,10
8385,8
8386,9
8387,9
8388,13
8389,10
8390,7
8391,5
8392,8
8393,5
8394,6
8395,4
8396,7
8397,8
8398,5
8399,10
8400,8
8401,7
8402,7
8403,6
8404,9
8405,8
8406,6
8407,7
8408,6
8409,13
8410,5
8411,4
8412,8
8413,8
8414,6
8415,9
8416,2
8417,9
8418,7
8419,7
8420,7
8421,8
8422,8
8423,7
8424,8
8425,8
8426,11
8427,8
8428,5
8429,9
8430,9
8431,9
8432,7
8433,11
8434,10
8435,8
8436,6
8437,5
8438,7
8439,7
8440,9
8441,3
8442,8
8443,8
8444,7
8445,6
8446,9
8447,7
8448,9
8449,7
8450,9
8451,7
8452,9
8453,5
8454,4
8455,8
8456,7
8457,4
8458,9
8459,8
8460,4
8461,8
8462,8
8463,7
8464,8
8465,6
8466,12
8467,9
8468,10
8469,5
8470,11
8471,3
8472,5
8473,8
8474,5
8475,11
8476,8
8477,2
8478,8
8479,7
8480,4
8481,7
8482,8
8483,8
8484,7
8485,7
8486,10
8487,7
8488,11
8489,8
8490,8
8491,8
8492,4
8493,8
8494,9
8495,4
8496,6
8497,6
8498,8
8499,4
8500,3
8501,9
8502,10
8503,8
8504,4
8505,4
8506,3
8507,5
8508,4
8509,8
8510,10
8511,10
8512,6
8513,10
8514,12
8515,4
8516,11
8517,4
8518,6
8519,10
8520,7
8521,7
8522,6
8523,7
8524,11
8525,7
8526,7
8527,8
8528,11
8529,6
8530,7
8531,9
8532,11
8533,8
8534,9
8535,7
8536,4
8537,9
8538,3
8539,8
8540,10
8541,9
8542,10
8543,9
8544,11
8545,16
8546,11
8547,10
8548,6
8549,11
8550,10
8551,9
8552,4
8553,11
8554,11
8555,5
8556,10
8557,7
8558,13
8559,8
8560,9
8561,8
8562,6
8563,7
8564,7
8565,5
8566,8
8567,10
8568,6
8569,4
8570,5
8571,10
8572,8
8573,5
8574,11
8575,6
8576,4
8577,6
8578,7
8579,7
8580,13
8581,6
8582,9
8583,5
8584,12
8585,8
8586,10
8587,9
8588,8
8589,8
8590,11
8591,6
8592,5
8593,7
8594,11
8595,6
8596,10
8597,10
8598,6
8599,12
8600,6
8601,9
8602,6
8603,3
8604,3
8605,6
8606,10
8607,6
8608,10
8609,6
8610,3
8611,12
8612,7
8613,7
8614,6
8615,7
8616,9
8617,9
8618,9
8619,11
8620,8
8621,8
8622,7
8623,8
8624,5
8625,4
8626,5
8627,9
8628,8
8629,7
8630,2
8631,6
8632,4
8633,12
8634,9
8635,7
8636,3
8637,6
8638,6
8639,7
8640,10
8641,2
8642,10
8643,4
8644,10
8645,10
8646,9
8647,4
8648,9
8649,6
8650,4
8651,10
8652,3
8653,5
8654,7
8655,8
8656,8
8657,8
8658,6
8659,11
8660,12
8661,8
8662,8
8663,7
8664,7
8665,5
8666,7
8667,10
8668,7
8669,5
8670,6
8671,6
8672,6
8673,6
8674,12
8675,5
8676,4
8677,6
8678,4
8679,6
8680,5
8681,3
8682,1
8683,6
8684,11
8685,6
8686,8
8687,9
8688,12
8689,6
8690,4
8691,7
8692,4
8693,7
8694,4
8695,11
8696,8
8697,9
8698,9
8699,7
8700,5
8701,2
8702,8
8703,8
8704,8
8705,2
8706,12
8707,9
8708,8
8709,11
8710,7
8711,5
8712,2
8713,10
8714,11
8715,0
8716,2
8717,4
8718,3
8719,6
8720,9
8721,12
8722,8
8723,8
8724,10
8725,2
8726,5
8727,10
8728,6
8729,10
8730,8
8731,6
8732,5
8733,4
8734,3
8735,8
8736,6
8737,7
8738,7
8739,9
8740,7
8741,4
8742,8
8743,4
8744,5
8745,6
8746,9
8747,7
8748,4
8749,12
8750,7
8751,4
8752,4
8753,6
8754,6
8755,7
8756,8
8757,6
8758,7
8759,1
8760,7
8761,3
8762,5
8763,1
8764,6
8765,6
8766,5
8767,8
8768,8
8769,5
8770,8
8771,5
8772,12
8773,7
8774,6
8775,2
8776,7
8777,7
8778,7
8779,10
8780,7
8781,8
8782,6
8783,9
8784,7
8785,9
8786,9
8787,8
8788,6
8789,8
8790,8
8791,2
8792,5
8793,12
8794,3
8795,9
8796,13
8797,8
8798,7
8799,7
8800,4
8801,6
8802,9
8803,6
8804,7
8805,9
8806,9
8807,3
8808,5
8809,6
8810,8
8811,3
8812,11
8813,10
8814,5
8815,6
8816,11
8817,9
8818,6
8819,11
8820,4
8821,8
8822,7
8823,6
8824,9
8825,10
8826,8
8827,9
8828,8
8829,5
8830,7
8831,8
8832,7
8833,8
8834,6
8835,6
8836,7
8837,11
8838,2
8839,5
8840,9
8841,4
8842,9
8843,8
8844,8
8845,8
8846,8
8847,7
8848,4
8849,6
8850,9
8851,6
8852,8
8853,9
8854,9
8855,7
8856,7
8857,4
8858,5
8859,5
8860,10
8861,4
8862,15
8863,8
8864,2
8865,12
8866,10
8867,5
8868,3
8869,13
8870,6
8871,10
8872,9
8873,2
8874,5
8875,6
8876,11
8877,7
8878,6
8879,6
8880,8
8881,7
8882,9
8883,11
8884,6
8885,5
8886,8
8887,4
8888,10
8889,3
8890,6
8891,9
8892,9
8893,7
8894,13
8895,8
8896,5
8897,0
8898,10
8899,4
8900,8
8901,8
8902,9
8903,6
8904,6
8905,6
8906,3
8907,6
8908,6
8909,6
8910,5
8911,7
8912,9
8913,11
8914,8
8915,8
8916,4
8917,6
8918,7
8919,13
8920,9
8921,8
8922,7
8923,4
8924,7
8925,4
8926,6
8927,5
8928,12
8929,7
8930,11
8931,8
8932,7
8933,5
8934,10
8935,3
8936,7
8937,5
8938,8
8939,7
8940,4
8941,5
8942,6
8943,8
8944,6
8945,9
8946,6
8947,7
8948,6
8949,7
8950,7
8951,8
8952,10
8953,7
8954,5
8955,12
8956,7
8957,6
8958,2
8959,8
8960,8
8961,5
8962,6
8963,11
8964,7
8965,13
8966,8
8967,6
8968,6
8969,7
8970,7
8971,10
8972,5
8973,11
8974,5
8975,7
8976,5
8977,7
8978,13
8979,4
8980,10
8981,7
8982,8
8983,8
8984,5
8985,10
8986,8
8987,6
8988,4
8989,7
8990,8
8991,9
8992,4
8993,10
8994,9
8995,10
8996,5
8997,9
8998,6
8999,3
9000,7
9001,6
9002,8
9003,7
9004,8
9005,8
9006,2
9007,8
9008,10
9009,11
9010,3
9011,5
9012,8
9013,8
9014,9
9015,4
9016,6
9017,7
9018,9
9019,4
9020,5
9021,6
9022,8
9023,7
9024,8
9025,7
9026,7
9027,4
9028,6
9029,5
9030,6
9031,12
9032,9
9033,10
9034,5
9035,9
9036,4
9037,6
9038,11
9039,7
9040,7
9041,6
9042,4
9043,8
9044,7
9045,6
9046,5
9047,9
9048,6
9049,5
9050,8
9051,7
9052,8
9053,9
9054,9
9055,6
9056,9
9057,8
9058,14
9059,8
9060,6
9061,8
9062,6
9063,6
9064,8
9065,7
9066,8
9067,12
9068,6
9069,8
9070,7
9071,6
9072,7
9073,12
9074,2
9075,9
9076,7
9077,12
9078,6
9079,9
9080,11
9081,8
9082,4
9083,6
9084,5
9085,11
9086,9
9087,6
9088,4
9089,5
9090,5
9091,6
9092,7
9093,8
9094,4
9095,12
9096,13
9097,6
9098,11
9099,5
9100,8
9101,8
9102,10
9103,14
9104,2
9105,2
9106,5
9107,10
9108,6
9109,10
9110,7
9111,4
9112,7
9113,11
9114,8
9115,8
9116,12
9117,4
9118,8
9119,9
9120,4
9121,6
9122,2
9123,7
9124,13
9125,5
9126,4
9127,11
9128,7
9129,2
9130,5
9131,10
9132,12
9133,7
9134,6
9135,5
9136,3
9137,6
9138,10
9139,5
9140,5
9141,7
9142,6
9143,1
9144,10
9145,7
9146,5
9147,7
9148,7
9149,9
9150,7
9151,7
9152,4
9153,7
9154,10
9155,7
9156,7
9157,7
9158,9
9159,3
9160,3
9161,8
9162,11
9163,4
9164,9
9165,7
9166,6
9167,9
9168,7
9169,5
9170,10
9171,7
9172,14
9173,8
9174,6
9175,7
9176,14
9177,8
9178,5
9179,7
9180,10
9181,7
9182,3
9183,10
9184,11
9185,12
9186,8
9187,6
9188,8
9189,12
9190,9
9191,9
9192,14
9193,7
9194,11
9195,12
9196,7
9197,10
9198,7
9199,5
9200,14
9201,7
9202,5
9203,5
9204,10
9205,9
9206,8
9207,4
9208,5
9209,12
9210,5
9211,11
9212,9
9213,9
9214,4
9215,10
9216,9
9217,11
9218,6
9219,6
9220,5
9221,6
9222,9
9223,3
9224,9
9225,5
9226,9
9227,8
9228,6
9229,7
9230,4
9231,8
9232,9
9233,5
9234,8
9235,6
9236,10
9237,20
9238,7
9239,8
9240,7
9241,7
9242,7
9243,11
9244,9
9245,4
9246,10
9247,11
9248,4
9249,10
9250,9
9251,8
9252,9
9253,7
9254,5
9255,10
9256,9
9257,10
9258,7
9259,6
9260,11
9261,8
9262,9
9263,11
9264,11
9265,13
9266,7
9267,15
9268,10
9269,6
9270,6
9271,5
9272,11
9273,3
9274,6
9275,10
9276,3
9277,8
9278,13
9279,7
9280,4
9281,5
9282,6
9283,7
9284,6
9285,10
9286,12
9287,12
9288,7
9289,8
9290,4
9291,9
9292,7
9293,8
9294,10
9295,7
9296,7
9297,3
9298,5
9299,5
9300,9
9301,5
9302,5
9303,5
9304,8
9305,5
9306,6
9307,5
9308,6
9309,10
9310,7
9311,7
9312,4
9313,6
9314,14
9315,3
9316,5
9317,9
9318,8
9319,7
9320,7
9321,11
9322,7
9323,7
9324,7
9325,9
9326,9
9327,2
9328,9
9329,5
9330,7
9331,3
9332,5
9333,7
9334,7
9335,8
9336,5
9337,1
9338,3
9339,7
9340,6
9341,2
9342,6
9343,7
9344,9
9345,9
9346,5
9347,10
9348,8
9349,8
9350,7
9351,5
9352,8
9353,6
9354,6
9355,11
9356,4
9357,3
9358,7
9359,7
9360,10
9361,12
9362,6
9363,7
9364,9
9365,5
9366,6
9367,7
9368,9
9369,5
9370,8
9371,4
9372,7
9373,6
9374,9
9375,9
9376,9
9377,5
9378,4
9379,6
9380,3
9381,6
9382,4
9383,12
9384,8
9385,5
9386,8
9387,10
9388,8
9389,7
9390,5
9391,11
9392,13
9393,15
9394,8
9395,4
9396,4
9397,4
9398,3
9399,7
9400,6
9401,9
9402,4
9403,9
9404,5
9405,7
9406,4
9407,12
9408,8
9409,8
9410,7
9411,7
9412,9
9413,9
9414,6
9415,6
9416,7
9417,7
9418,6
9419,6
9420,3
9421,9
9422,7
9423,7
9424,9
9425,8
9426,7
9427,7
9428,5
9429,5
9430,9
9431,6
9432,4
9433,3
9434,11
9435,7
9436,5
9437,4
9438,13
9439,9
9440,10
9441,8
9442,5
9443,8
9444,9
9445,10
9446,7
9447,8
9448,7
9449,11
9450,3
9451,4
9452,10
9453,4
9454,12
9455,11
9456,5
9457,6
9458,10
9459,6
9460,5
9461,9
9462,5
9463,6
9464,8
9465,3
9466,6
9467,9
9468,6
9469,9
9470,10
9471,4
9472,5
9473,9
9474,6
9475,9
9476,2
9477,9
9478,9
9479,8
9480,5
9481,5
9482,8
9483,13
9484,10
9485,5
9486,11
9487,11
9488,6
9489,3
9490,5
9491,5
9492,6
9493,3
9494,6
9495,11
9496,5
9497,2
9498,6
9499,7
9500,7
9501,4
9502,6
9503,5
9504,9
9505,10
9506,7
9507,5
9508,9
9509,10
9510,5
9511,9
9512,9
9513,7
9514,5
9515,10
9516,5
9517,8
9518,8
9519,6
9520,2
9521,8
9522,6
9523,5
9524,7
9525,2
9526,12
9527,9
9528,6
9529,17
9530,6
9531,13
9532,0
9533,6
9534,6
9535,7
9536,11
9537,5
9538,8
9539,8
9540,6
9541,8
9542,8
9543,2
9544,6
9545,8
9546,12
9547,11
9548,12
9549,10
9550,9
9551,10
9552,8
9553,10
9554,8
9555,8
9556,4
9557,9
9558,3
9559,6
9560,8
9561,2
9562,8
9563,9
9564,6
9565,9
9566,8
9567,4
9568,8
9569,2
9570,10
9571,11
9572,5
9573,8
9574,8
9575,10
9576,5
9577,9
9578,9
9579,6
9580,4
9581,18
9582,9
9583,5
9584,8
9585,5
9586,2
9587,7
9588,7
9589,11
9590,7
9591,9
9592,10
9593,6
9594,10
9595,5
9596,12
9597,9
9598,6
9599,7
9600,7
9601,6
9602,5
9603,7
9604,10
9605,6
9606,9
9607,6
9608,7
9609,2
9610,11
9611,4
9612,5
9613,10
9614,6
9615,7
9616,11
9617,9
9618,10
9619,5
9620,6
9621,6
9622,9
9623,2
9624,5
9625,9
9626,6
9627,11
9628,10
9629,7
9630,9
9631,9
9632,8
9633,9
9634,1
9635,7
9636,8
9637,2
9638,6
9639,6
9640,5
9641,6
9642,6
9643,7
9644,6
9645,3
9646,8
9647,9
9648,7
9649,9
9650,8
9651,8
9652,6
9653,5
9654,7
9655,7
9656,9
9657,5
9658,6
9659,8
9660,6
9661,5
9662,5
9663,6
9664,8
9665,4
9666,8
9667,9
9668,9
9669,6
9670,6
9671,10
9672,6
9673,7
9674,4
9675,5
9676,13
9677,8
9678,7
9679,6
9680,3
9681,6
9682,8
9683,6
9684,8
9685,2
9686,7
9687,7
9688,4
9689,6
9690,5
9691,5
9692,6
9693,7
9694,7
9695,9
9696,5
9697,13
9698,5
9699,11
9700,6
9701,10
9702,7
9703,7
9704,6
9705,10
9706,9
9707,8
9708,6
9709,7
9710,10
9711,3
9712,6
9713,9
9714,2
9715,6
9716,10
9717,12
9718,10
9719,8
9720,12
9721,11
9722,9
9723,5
9724,5
9725,10
9726,8
9727,7
9728,3
9729,4
9730,7
9731,8
9732,10
9733,10
9734,8
9735,7
9736,2
9737,6
9738,7
9739,6
9740,5
9741,6
9742,9
9743,14
9744,9
9745,2
9746,9
9747,6
9748,4
9749,9
9750,5
9751,4
9752,8
9753,9
9754,7
9755,8
9756,10
9757,5
9758,6
9759,7
9760,10
9761,7
9762,16
9763,8
9764,8
9765,3
9766,5
9767,6
9768,6
9769,5
9770,6
9771,1
9772,6
9773,9
9774,14
9775,11
9776,6
9777,7
9778,10
9779,19
9780,6
9781,7
9782,5
9783,7
9784,4
9785,4
9786,8
9787,9
9788,4
9789,9
9790,6
9791,8
9792,7
9793,7
9794,5
9795,13
9796,10
9797,5
9798,7
9799,10
9800,4
9801,7
9802,8
9803,2
9804,12
9805,8
9806,6
9807,4
9808,8
9809,8
9810,9
9811,6
9812,10
9813,6
9814,5
9815,6
9816,4
9817,7
9818,6
9819,5
9820,9
9821,4
9822,8
9823,7
9824,8
9825,6
9826,9
9827,9
9828,4
9829,5
9830,7
9831,4
9832,9
9833,4
9834,9
9835,8
9836,12
9837,9
9838,8
9839,6
9840,3
9841,5
9842,9
9843,3
9844,6
9845,7
9846,11
9847,15
9848,3
9849,7
9850,7
9851,8
9852,12
9853,7
9854,9
9855,7
9856,8
9857,5
9858,10
9859,9
9860,5
9861,8
9862,12
9863,10
9864,7
9865,8
9866,12
9867,5
9868,6
9869,7
9870,5
9871,5
9872,7
9873,7
9874,6
9875,10
9876,9
9877,12
9878,11
9879,5
9880,8
9881,10
9882,6
9883,9
9884,6
9885,9
9886,8
9887,6
9888,9
9889,7
9890,8
9891,9
9892,10
9893,3
9894,8
9895,6
9896,11
9897,5
9898,11
9899,8
9900,5
9901,17
9902,10
9903,7
9904,8
9905,7
9906,11
9907,10
9908,4
9909,6
9910,6
9911,11
9912,5
9913,5
9914,5
9915,3
9916,11
9917,11
9918,7
9919,8
9920,13
9921,11
9922,8
9923,6
9924,9
9925,5
9926,7
9927,4
9928,8
9929,9
9930,5
9931,9
9932,8
9933,12
9934,7
9935,8
9936,6
9937,6
9938,9
9939,8
9940,3
9941,8
9942,7
9943,9
9944,11
9945,7
9946,7
9947,6
9948,10
9949,6
9950,12
9951,7
9952,6
9953,8
9954,7
9955,2
9956,7
9957,6
9958,7
9959,7
9960,6
9961,8
9962,5
9963,10
9964,7
9965,4
9966,9
9967,10
9968,5
9969,7
9970,3
9971,6
9972,6
9973,5
9974,4
9975,3
9976,14
9977,10
9978,6
9979,6
9980,10
9981,7
9982,5
9983,11
9984,5
9985,8
9986,8
9987,7
9988,4
9989,6
9990,8
9991,9
9992,8
9993,8
9994,4
9995,8
9996,7
9997,8
9998,8
9999,9
