,switches_difference
0,-4
1,0
2,2
3,1
4,-2
5,-1
6,-2
7,1
8,0
9,-3
10,-1
11,2
12,0
13,-2
14,9
15,7
16,-5
17,4
18,1
19,2
20,4
21,-2
22,0
23,-2
24,1
25,-4
26,-4
27,0
28,0
29,3
30,1
31,-1
32,-3
33,-2
34,1
35,-5
36,-6
37,-7
38,-1
39,-3
40,2
41,9
42,0
43,-2
44,-3
45,0
46,8
47,-6
48,-10
49,-6
50,-1
51,2
52,-2
53,4
54,-8
55,-4
56,1
57,1
58,-4
59,-3
60,-1
61,-1
62,-5
63,4
64,2
65,-5
66,-4
67,1
68,-1
69,-1
70,2
71,3
72,-2
73,-2
74,-2
75,2
76,-1
77,-2
78,0
79,-1
80,-3
81,0
82,-1
83,1
84,-4
85,-4
86,2
87,5
88,-5
89,-3
90,-4
91,-3
92,-5
93,2
94,1
95,-6
96,0
97,-3
98,-1
99,1
100,0
101,3
102,-2
103,-4
104,-2
105,2
106,0
107,-3
108,1
109,-5
110,-1
111,-1
112,-1
113,-1
114,-3
115,0
116,2
117,-1
118,-5
119,-5
120,-2
121,-1
122,-3
123,0
124,-5
125,-2
126,-2
127,2
128,0
129,2
130,-3
131,0
132,-5
133,0
134,-2
135,-2
136,1
137,0
138,0
139,-1
140,-2
141,0
142,-1
143,-2
144,-4
145,-4
146,0
147,-3
148,1
149,0
150,-3
151,-1
152,-1
153,0
154,-5
155,1
156,-4
157,-3
158,1
159,1
160,3
161,-1
162,0
163,-4
164,0
165,-1
166,-4
167,-5
168,2
169,-5
170,2
171,-4
172,2
173,-2
174,-6
175,1
176,-1
177,-2
178,-2
179,-5
180,5
181,-7
182,3
183,-7
184,-6
185,-1
186,-3
187,-6
188,1
189,2
190,1
191,1
192,-7
193,-3
194,-3
195,-2
196,-2
197,-3
198,-29
199,-4
200,1
201,-8
202,-5
203,1
204,-3
205,-3
206,3
207,-4
208,3
209,-3
210,1
211,1
212,-1
213,-1
214,1
215,4
216,5
217,0
218,-1
219,-4
220,-1
221,-3
222,-1
223,-1
224,-1
225,-5
226,-4
227,3
228,-3
229,2
230,-3
231,-1
232,-2
233,-1
234,-1
235,-2
236,-8
237,-2
238,-2
239,1
240,3
241,2
242,2
243,-2
244,-1
245,1
246,-2
247,-10
248,0
249,0
250,-6
251,-3
252,-4
253,-1
254,0
255,-1
256,-1
257,-3
258,-3
259,-6
260,1
261,-7
262,-8
263,-3
264,-7
265,-3
266,-1
267,-5
268,0
269,3
270,1
271,1
272,-4
273,0
274,-1
275,-5
276,-1
277,-10
278,3
279,-3
280,-8
281,-2
282,0
283,-2
284,-2
285,0
286,-1
287,-1
288,-4
289,-1
290,-2
291,1
292,-1
293,-7
294,1
295,1
296,3
297,-1
298,-13
299,5
300,-1
301,0
302,2
303,0
304,-5
305,-10
306,3
307,0
308,-7
309,-1
310,-1
311,-2
312,0
313,4
314,2
315,-6
316,-2
317,-4
318,-7
319,0
320,2
321,-3
322,1
323,-3
324,-3
325,-2
326,-3
327,2
328,1
329,6
330,2
331,1
332,-5
333,-1
334,-3
335,-1
336,-7
337,4
338,-5
339,0
340,-2
341,-4
342,-4
343,0
344,0
345,-2
346,-5
347,-3
348,-1
349,-2
350,-2
351,1
352,-2
353,0
354,-3
355,-3
356,2
357,1
358,0
359,-4
360,-2
361,2
362,-4
363,-1
364,-2
365,-1
366,0
367,-2
368,2
369,1
370,-4
371,-3
372,-7
373,-1
374,-4
375,1
376,-4
377,2
378,2
379,1
380,9
381,-1
382,-3
383,2
384,-5
385,1
386,-1
387,1
388,-1
389,-3
390,0
391,0
392,-4
393,-2
394,-4
395,8
396,2
397,1
398,1
399,1
400,-1
401,0
402,0
403,-4
404,1
405,5
406,-2
407,-2
408,2
409,2
410,0
411,0
412,-2
413,-6
414,0
415,1
416,-3
417,-3
418,-6
419,-1
420,-1
421,-10
422,-1
423,-4
424,0
425,0
426,-4
427,-1
428,-4
429,1
430,0
431,-4
432,-2
433,-4
434,3
435,0
436,0
437,-1
438,-7
439,0
440,1
441,2
442,-2
443,-1
444,-6
445,-1
446,-2
447,1
448,-4
449,-6
450,-1
451,-6
452,1
453,-5
454,-1
455,-5
456,-2
457,1
458,0
459,-2
460,-4
461,-1
462,-5
463,-6
464,2
465,1
466,-5
467,1
468,1
469,-1
470,-1
471,0
472,-3
473,-2
474,1
475,-1
476,-5
477,1
478,-2
479,-2
480,-2
481,-2
482,1
483,-1
484,6
485,-1
486,-1
487,3
488,1
489,4
490,-1
491,3
492,3
493,3
494,1
495,-3
496,-2
497,-2
498,2
499,-5
500,2
501,-3
502,3
503,-5
504,-1
505,-3
506,4
507,1
508,-5
509,-3
510,-1
511,-3
512,-4
513,-2
514,-1
515,2
516,-4
517,0
518,-2
519,-3
520,4
521,1
522,-3
523,-5
524,-2
525,2
526,1
527,-3
528,-5
529,4
530,3
531,-1
532,0
533,-1
534,-2
535,-4
536,-1
537,-1
538,-1
539,0
540,2
541,-5
542,-3
543,-1
544,0
545,-7
546,-2
547,-2
548,-6
549,-3
550,-1
551,-1
552,-4
553,-2
554,-1
555,-2
556,0
557,0
558,-1
559,-3
560,6
561,-2
562,-2
563,1
564,29
565,-2
566,-2
567,-1
568,-2
569,0
570,-5
571,0
572,-1
573,-1
574,1
575,2
576,-8
577,-2
578,0
579,1
580,-2
581,-3
582,-4
583,-1
584,4
585,-6
586,-3
587,-3
588,-2
589,-2
590,-3
591,2
592,-4
593,-3
594,-6
595,-1
596,-1
597,-5
598,0
599,-2
600,0
601,-1
602,-5
603,-3
604,-2
605,-7
606,-2
607,-2
608,-3
609,5
610,-2
611,1
612,-1
613,-5
614,-3
615,1
616,-3
617,-2
618,-1
619,-4
620,-6
621,3
622,3
623,0
624,-3
625,0
626,0
627,-2
628,-1
629,1
630,-1
631,1
632,3
633,-1
634,0
635,1
636,2
637,-6
638,-4
639,0
640,-1
641,2
642,-6
643,2
644,2
645,-4
646,-2
647,-3
648,-4
649,0
650,-4
651,-2
652,-2
653,1
654,-4
655,4
656,-2
657,-6
658,1
659,-1
660,-7
661,-1
662,2
663,3
664,-4
665,-3
666,0
667,-3
668,1
669,-2
670,1
671,-4
672,-2
673,0
674,-3
675,-6
676,1
677,-1
678,-5
679,-1
680,4
681,-4
682,0
683,-4
684,0
685,-1
686,4
687,0
688,-1
689,-1
690,2
691,-7
692,3
693,-3
694,-2
695,1
696,-2
697,0
698,-4
699,-6
700,-9
701,-2
702,4
703,1
704,-6
705,2
706,0
707,1
708,1
709,-7
710,0
711,-1
712,2
713,-8
714,-2
715,-3
716,0
717,1
718,-3
719,-1
720,1
721,0
722,0
723,-9
724,2
725,-1
726,-4
727,-1
728,1
729,0
730,-1
731,1
732,-3
733,4
734,-1
735,3
736,-4
737,-6
738,-5
739,1
740,-5
741,-4
742,-1
743,1
744,2
745,-7
746,-4
747,-3
748,-1
749,0
750,13
751,-1
752,-1
753,-2
754,1
755,-3
756,-2
757,0
758,-3
759,2
760,-3
761,0
762,-7
763,-2
764,3
765,3
766,-3
767,-4
768,1
769,0
770,-3
771,-1
772,5
773,-1
774,-4
775,0
776,-2
777,0
778,-2
779,-4
780,-2
781,0
782,-5
783,4
784,0
785,5
786,0
787,-2
788,-7
789,-3
790,-2
791,-1
792,-9
793,-1
794,1
795,-2
796,-2
797,-3
798,-7
799,-1
800,2
801,-4
802,1
803,-6
804,-1
805,1
806,1
807,-3
808,-3
809,-1
810,-1
811,-4
812,3
813,5
814,-5
815,-10
816,2
817,2
818,5
819,-3
820,1
821,0
822,-1
823,-3
824,1
825,1
826,-1
827,-1
828,4
829,2
830,-1
831,0
832,-2
833,2
834,-4
835,4
836,4
837,1
838,-1
839,0
840,-7
841,-1
842,-1
843,0
844,-1
845,-2
846,-2
847,1
848,-1
849,-7
850,-3
851,-6
852,6
853,4
854,2
855,-1
856,-3
857,-3
858,-3
859,-1
860,-7
861,-1
862,-5
863,-1
864,-4
865,-2
866,-3
867,-3
868,-3
869,-1
870,4
871,1
872,-2
873,4
874,2
875,0
876,-6
877,1
878,0
879,0
880,-2
881,4
882,0
883,-2
884,5
885,-3
886,-5
887,-6
888,-3
889,-3
890,1
891,-1
892,0
893,-3
894,-1
895,6
896,-2
897,-1
898,0
899,-2
900,0
901,4
902,-1
903,-1
904,3
905,-2
906,0
907,1
908,0
909,-1
910,-7
911,0
912,-3
913,0
914,-7
915,0
916,1
917,1
918,-2
919,6
920,-1
921,2
922,-4
923,-1
924,-3
925,-1
926,1
927,-4
928,0
929,-2
930,-8
931,-1
932,4
933,-5
934,2
935,2
936,-4
937,-2
938,-4
939,-2
940,1
941,-6
942,-1
943,-4
944,0
945,-4
946,-2
947,2
948,-1
949,-2
950,3
951,-4
952,-2
953,-1
954,0
955,2
956,-3
957,2
958,0
959,-1
960,-5
961,-6
962,0
963,-1
964,-3
965,-6
966,-1
967,3
968,3
969,-7
970,2
971,-3
972,-5
973,-2
974,-5
975,0
976,-1
977,5
978,-6
979,1
980,-1
981,-1
982,1
983,1
984,-1
985,-8
986,1
987,3
988,5
989,-1
990,-2
991,-2
992,-3
993,0
994,-1
995,-3
996,-1
997,3
998,0
999,1
1000,2
1001,3
1002,-2
1003,-4
1004,-1
1005,-2
1006,1
1007,-3
1008,2
1009,-4
1010,-1
1011,-5
1012,0
1013,-2
1014,-3
1015,1
1016,1
1017,4
1018,-3
1019,1
1020,-3
1021,1
1022,-2
1023,0
1024,-5
1025,2
1026,1
1027,-1
1028,-3
1029,-1
1030,4
1031,4
1032,-2
1033,1
1034,-2
1035,0
1036,-7
1037,-5
1038,-6
1039,2
1040,-3
1041,2
1042,-3
1043,2
1044,-2
1045,-1
1046,-2
1047,2
1048,-4
1049,2
1050,0
1051,-1
1052,-4
1053,1
1054,-3
1055,-1
1056,-5
1057,-2
1058,-1
1059,-2
1060,0
1061,-5
1062,-1
1063,-1
1064,-4
1065,-3
1066,-3
1067,-8
1068,-1
1069,-1
1070,-5
1071,-11
1072,-2
1073,-1
1074,-1
1075,2
1076,-2
1077,3
1078,5
1079,-5
1080,-4
1081,-4
1082,-6
1083,-1
1084,1
1085,-4
1086,-2
1087,-1
1088,-2
1089,-7
1090,-2
1091,3
1092,1
1093,-1
1094,-1
1095,-2
1096,0
1097,3
1098,-1
1099,-6
1100,1
1101,-5
1102,-1
1103,-3
1104,-5
1105,5
1106,-5
1107,-4
1108,0
1109,-7
1110,2
1111,-2
1112,-2
1113,-4
1114,-5
1115,-1
1116,-5
1117,1
1118,1
1119,0
1120,-1
1121,-4
1122,-6
1123,0
1124,-1
1125,-1
1126,-1
1127,-6
1128,-2
1129,-3
1130,-2
1131,-2
1132,-2
1133,-5
1134,-4
1135,-3
1136,-6
1137,-3
1138,-5
1139,0
1140,2
1141,0
1142,-2
1143,-3
1144,-5
1145,-4
1146,-14
1147,-5
1148,0
1149,-1
1150,-7
1151,-3
1152,-3
1153,2
1154,1
1155,-2
1156,5
1157,-5
1158,0
1159,-3
1160,-2
1161,-1
1162,-5
1163,4
1164,2
1165,0
1166,3
1167,-2
1168,-1
1169,4
1170,-6
1171,2
1172,-3
1173,-4
1174,-4
1175,-1
1176,-6
1177,-2
1178,-2
1179,-1
1180,4
1181,-3
1182,1
1183,-2
1184,0
1185,-5
1186,-2
1187,-5
1188,-1
1189,0
1190,1
1191,-2
1192,0
1193,-6
1194,-5
1195,2
1196,0
1197,-1
1198,0
1199,2
1200,-5
1201,1
1202,2
1203,4
1204,5
1205,0
1206,2
1207,-3
1208,-6
1209,-3
1210,-1
1211,-5
1212,-5
1213,-2
1214,0
1215,2
1216,1
1217,3
1218,1
1219,-1
1220,0
1221,-2
1222,0
1223,3
1224,-5
1225,1
1226,3
1227,-2
1228,1
1229,2
1230,1
1231,-6
1232,1
1233,4
1234,-3
1235,-3
1236,1
1237,-2
1238,-2
1239,-4
1240,-3
1241,-4
1242,0
1243,-2
1244,-4
1245,-2
1246,-5
1247,-4
1248,-2
1249,4
1250,1
1251,-2
1252,-1
1253,-3
1254,-4
1255,-3
1256,-2
1257,2
1258,0
1259,-5
1260,1
1261,0
1262,-2
1263,1
1264,1
1265,-4
1266,1
1267,-7
1268,0
1269,-3
1270,4
1271,4
1272,1
1273,5
1274,-4
1275,-1
1276,3
1277,2
1278,1
1279,-1
1280,1
1281,-7
1282,-5
1283,-4
1284,0
1285,-1
1286,-2
1287,-1
1288,2
1289,3
1290,2
1291,-2
1292,-1
1293,-2
1294,3
1295,0
1296,1
1297,-3
1298,0
1299,-3
1300,3
1301,-1
1302,0
1303,3
1304,-2
1305,-3
1306,0
1307,-4
1308,0
1309,-9
1310,-4
1311,-1
1312,1
1313,-1
1314,-3
1315,-3
1316,-2
1317,-4
1318,-6
1319,-1
1320,-1
1321,0
1322,-2
1323,-1
1324,-1
1325,-14
1326,-5
1327,-1
1328,-2
1329,15
1330,-2
1331,-6
1332,-1
1333,1
1334,2
1335,1
1336,1
1337,-1
1338,0
1339,0
1340,-2
1341,-2
1342,4
1343,-3
1344,-2
1345,0
1346,-3
1347,-3
1348,-1
1349,0
1350,-6
1351,-5
1352,-1
1353,-2
1354,3
1355,1
1356,0
1357,-6
1358,-5
1359,1
1360,-1
1361,-3
1362,-2
1363,-1
1364,1
1365,2
1366,1
1367,-3
1368,-3
1369,-2
1370,4
1371,-1
1372,2
1373,-2
1374,0
1375,3
1376,-5
1377,-3
1378,0
1379,-4
1380,-1
1381,-7
1382,0
1383,-2
1384,1
1385,-2
1386,-6
1387,-5
1388,-2
1389,-3
1390,0
1391,-2
1392,1
1393,-3
1394,-2
1395,-5
1396,-3
1397,-7
1398,-1
1399,-1
1400,1
1401,-5
1402,-3
1403,-3
1404,-2
1405,2
1406,-5
1407,-1
1408,0
1409,5
1410,-1
1411,-3
1412,4
1413,-1
1414,-6
1415,1
1416,6
1417,5
1418,1
1419,-2
1420,0
1421,-1
1422,-2
1423,1
1424,-3
1425,-1
1426,2
1427,-1
1428,-2
1429,1
1430,-2
1431,-2
1432,-16
1433,-3
1434,-1
1435,-1
1436,2
1437,5
1438,3
1439,-2
1440,-2
1441,0
1442,1
1443,1
1444,0
1445,1
1446,2
1447,-2
1448,-4
1449,-1
1450,5
1451,-1
1452,-4
1453,0
1454,-1
1455,-7
1456,0
1457,2
1458,3
1459,2
1460,-2
1461,-3
1462,0
1463,3
1464,-1
1465,-1
1466,-2
1467,0
1468,-2
1469,1
1470,-1
1471,2
1472,-4
1473,-3
1474,-3
1475,-1
1476,1
1477,-9
1478,-3
1479,1
1480,4
1481,-1
1482,-4
1483,-2
1484,1
1485,-5
1486,1
1487,-1
1488,-1
1489,2
1490,-1
1491,4
1492,-1
1493,-5
1494,-3
1495,-5
1496,-1
1497,-3
1498,-2
1499,-5
1500,2
1501,2
1502,4
1503,0
1504,-2
1505,-2
1506,2
1507,-3
1508,-6
1509,-6
1510,2
1511,-4
1512,-2
1513,0
1514,4
1515,2
1516,-1
1517,-3
1518,0
1519,-2
1520,-3
1521,0
1522,-4
1523,-2
1524,0
1525,-5
1526,0
1527,-1
1528,-3
1529,4
1530,0
1531,-3
1532,0
1533,-8
1534,-1
1535,0
1536,-6
1537,1
1538,-3
1539,0
1540,-4
1541,1
1542,3
1543,2
1544,0
1545,-2
1546,5
1547,-1
1548,-4
1549,1
1550,1
1551,-3
1552,-1
1553,-13
1554,-1
1555,-5
1556,-1
1557,2
1558,-3
1559,-3
1560,-5
1561,-1
1562,-13
1563,4
1564,2
1565,0
1566,-2
1567,-1
1568,-2
1569,-3
1570,0
1571,-2
1572,-7
1573,-1
1574,-7
1575,0
1576,-7
1577,0
1578,-1
1579,-3
1580,0
1581,0
1582,-3
1583,-2
1584,0
1585,-4
1586,-2
1587,0
1588,-3
1589,-3
1590,0
1591,-8
1592,-3
1593,2
1594,-3
1595,4
1596,-7
1597,-6
1598,0
1599,-3
1600,-1
1601,3
1602,1
1603,1
1604,-3
1605,-1
1606,1
1607,-3
1608,0
1609,-2
1610,0
1611,4
1612,-2
1613,-3
1614,-1
1615,-3
1616,0
1617,2
1618,-2
1619,-3
1620,-1
1621,-3
1622,-4
1623,0
1624,3
1625,-9
1626,-3
1627,0
1628,-2
1629,-3
1630,-1
1631,-5
1632,-3
1633,0
1634,0
1635,-2
1636,1
1637,4
1638,-3
1639,0
1640,-4
1641,2
1642,-5
1643,-4
1644,-4
1645,1
1646,-3
1647,-2
1648,-1
1649,-3
1650,-4
1651,-2
1652,-4
1653,-1
1654,-4
1655,0
1656,0
1657,-3
1658,-2
1659,-3
1660,-1
1661,-3
1662,1
1663,-4
1664,3
1665,-2
1666,1
1667,-4
1668,-4
1669,2
1670,3
1671,2
1672,-6
1673,-5
1674,-7
1675,-3
1676,4
1677,3
1678,-3
1679,-4
1680,0
1681,-3
1682,-7
1683,3
1684,-3
1685,-1
1686,0
1687,-9
1688,4
1689,-4
1690,-2
1691,-4
1692,2
1693,0
1694,2
1695,2
1696,-3
1697,-4
1698,-1
1699,-3
1700,0
1701,-2
1702,-1
1703,0
1704,1
1705,4
1706,-2
1707,1
1708,0
1709,0
1710,-1
1711,-11
1712,1
1713,-3
1714,-2
1715,-2
1716,1
1717,-3
1718,-2
1719,3
1720,-4
1721,4
1722,-4
1723,-6
1724,-1
1725,-3
1726,0
1727,5
1728,-2
1729,-6
1730,-3
1731,-4
1732,2
1733,-1
1734,-1
1735,-2
1736,0
1737,-1
1738,-1
1739,0
1740,-2
1741,-2
1742,4
1743,2
1744,-5
1745,0
1746,-5
1747,-2
1748,2
1749,-7
1750,-6
1751,1
1752,-1
1753,-2
1754,1
1755,-3
1756,-1
1757,-1
1758,2
1759,2
1760,-4
1761,-4
1762,-6
1763,-1
1764,0
1765,-1
1766,1
1767,8
1768,-1
1769,-7
1770,-4
1771,-6
1772,-1
1773,-1
1774,-1
1775,2
1776,0
1777,-3
1778,-4
1779,-6
1780,-5
1781,-3
1782,0
1783,-3
1784,-2
1785,-8
1786,-1
1787,-3
1788,-1
1789,-5
1790,0
1791,-2
1792,-5
1793,-4
1794,2
1795,-2
1796,1
1797,1
1798,-4
1799,1
1800,0
1801,-3
1802,3
1803,0
1804,-1
1805,-1
1806,-7
1807,-2
1808,-5
1809,-5
1810,2
1811,-1
1812,0
1813,-1
1814,4
1815,4
1816,1
1817,-4
1818,-3
1819,-1
1820,-14
1821,2
1822,0
1823,0
1824,-4
1825,0
1826,1
1827,1
1828,-6
1829,-1
1830,3
1831,-4
1832,6
1833,2
1834,-1
1835,-2
1836,-1
1837,0
1838,-1
1839,0
1840,-10
1841,-4
1842,-5
1843,4
1844,-6
1845,-7
1846,5
1847,-3
1848,2
1849,-3
1850,-2
1851,-4
1852,0
1853,1
1854,1
1855,0
1856,-2
1857,-2
1858,-3
1859,6
1860,-1
1861,-4
1862,1
1863,0
1864,-1
1865,-3
1866,2
1867,-1
1868,-2
1869,-2
1870,1
1871,3
1872,-9
1873,-1
1874,-2
1875,4
1876,-6
1877,-2
1878,0
1879,-1
1880,-1
1881,-1
1882,-1
1883,-2
1884,-2
1885,-4
1886,-3
1887,1
1888,-1
1889,-1
1890,-2
1891,0
1892,-6
1893,-5
1894,1
1895,2
1896,0
1897,-6
1898,1
1899,3
1900,-6
1901,-1
1902,-2
1903,-4
1904,-2
1905,-2
1906,-2
1907,-3
1908,-5
1909,-3
1910,1
1911,-3
1912,-2
1913,-4
1914,-3
1915,1
1916,-2
1917,-3
1918,-2
1919,-5
1920,1
1921,-2
1922,8
1923,-1
1924,2
1925,1
1926,-2
1927,-2
1928,1
1929,-5
1930,-1
1931,1
1932,-1
1933,3
1934,1
1935,1
1936,-1
1937,-3
1938,0
1939,1
1940,-1
1941,0
1942,-3
1943,-2
1944,0
1945,-1
1946,-3
1947,0
1948,-1
1949,-1
1950,1
1951,3
1952,-3
1953,-8
1954,-3
1955,-1
1956,-2
1957,-5
1958,-1
1959,2
1960,0
1961,-2
1962,-1
1963,2
1964,-4
1965,-1
1966,3
1967,3
1968,0
1969,-1
1970,1
1971,14
1972,4
1973,3
1974,2
1975,2
1976,-4
1977,1
1978,1
1979,-2
1980,-5
1981,1
1982,1
1983,6
1984,-2
1985,-2
1986,-4
1987,1
1988,-2
1989,-5
1990,0
1991,2
1992,-8
1993,2
1994,-2
1995,6
1996,-1
1997,0
1998,0
1999,0
2000,1
2001,-2
2002,0
2003,2
2004,1
2005,0
2006,-4
2007,-3
2008,-1
2009,-3
2010,-3
2011,-3
2012,-3
2013,-4
2014,1
2015,2
2016,-1
2017,-3
2018,3
2019,2
2020,-1
2021,-1
2022,0
2023,1
2024,-2
2025,-2
2026,3
2027,-4
2028,-3
2029,6
2030,-2
2031,1
2032,3
2033,-1
2034,1
2035,-2
2036,-4
2037,-1
2038,0
2039,-3
2040,-2
2041,-7
2042,-2
2043,4
2044,-2
2045,-3
2046,-2
2047,3
2048,-1
2049,3
2050,-5
2051,1
2052,1
2053,0
2054,-4
2055,-3
2056,-2
2057,-1
2058,0
2059,2
2060,-2
2061,2
2062,-4
2063,-1
2064,-2
2065,0
2066,-2
2067,2
2068,-2
2069,-5
2070,-6
2071,-1
2072,-6
2073,-3
2074,-6
2075,5
2076,2
2077,-2
2078,-3
2079,2
2080,1
2081,-5
2082,3
2083,-2
2084,0
2085,2
2086,0
2087,1
2088,-5
2089,-1
2090,-2
2091,-2
2092,-1
2093,2
2094,2
2095,-1
2096,-2
2097,-3
2098,-7
2099,-2
2100,-5
2101,-4
2102,-1
2103,0
2104,-9
2105,-4
2106,-5
2107,7
2108,-7
2109,1
2110,-2
2111,-3
2112,-1
2113,-5
2114,-2
2115,1
2116,0
2117,-5
2118,-6
2119,4
2120,-4
2121,-4
2122,4
2123,-8
2124,-4
2125,0
2126,4
2127,1
2128,-1
2129,5
2130,0
2131,-5
2132,-1
2133,-5
2134,-2
2135,-5
2136,0
2137,0
2138,-1
2139,0
2140,-4
2141,-2
2142,-1
2143,-2
2144,-2
2145,-2
2146,6
2147,-8
2148,0
2149,5
2150,-3
2151,-2
2152,0
2153,-1
2154,-1
2155,-2
2156,-1
2157,-3
2158,0
2159,-7
2160,-2
2161,1
2162,-3
2163,0
2164,-2
2165,1
2166,-2
2167,-4
2168,-2
2169,1
2170,2
2171,-2
2172,-1
2173,-3
2174,1
2175,0
2176,-2
2177,-1
2178,2
2179,-2
2180,-1
2181,2
2182,-4
2183,-1
2184,1
2185,-6
2186,4
2187,-3
2188,3
2189,-4
2190,-1
2191,-1
2192,-3
2193,0
2194,-3
2195,0
2196,-7
2197,-1
2198,-1
2199,-3
2200,-4
2201,-6
2202,1
2203,-1
2204,2
2205,-1
2206,4
2207,-3
2208,-1
2209,2
2210,4
2211,-4
2212,-3
2213,1
2214,-1
2215,-3
2216,-3
2217,-3
2218,-3
2219,-2
2220,-5
2221,-6
2222,0
2223,4
2224,1
2225,-2
2226,-3
2227,-1
2228,-3
2229,-2
2230,5
2231,-4
2232,-2
2233,0
2234,-1
2235,-1
2236,3
2237,-5
2238,-1
2239,-6
2240,3
2241,0
2242,-2
2243,2
2244,1
2245,-3
2246,-5
2247,-5
2248,4
2249,1
2250,3
2251,-1
2252,4
2253,-9
2254,-2
2255,-5
2256,-3
2257,-4
2258,-1
2259,0
2260,-2
2261,-3
2262,-3
2263,3
2264,-4
2265,-2
2266,-8
2267,-1
2268,-3
2269,-1
2270,-1
2271,-5
2272,-3
2273,0
2274,-2
2275,-3
2276,-3
2277,2
2278,1
2279,-5
2280,3
2281,-3
2282,2
2283,7
2284,-3
2285,-4
2286,0
2287,2
2288,2
2289,-1
2290,0
2291,3
2292,-2
2293,6
2294,2
2295,-4
2296,1
2297,-6
2298,1
2299,-3
2300,-2
2301,-1
2302,0
2303,-6
2304,2
2305,0
2306,-2
2307,-1
2308,-4
2309,-4
2310,-3
2311,1
2312,-4
2313,-4
2314,1
2315,0
2316,4
2317,-8
2318,-3
2319,3
2320,-2
2321,1
2322,-4
2323,4
2324,-2
2325,-4
2326,5
2327,-3
2328,3
2329,-4
2330,-3
2331,0
2332,-1
2333,2
2334,-2
2335,-3
2336,1
2337,2
2338,-4
2339,-4
2340,1
2341,0
2342,2
2343,-1
2344,-4
2345,-2
2346,-4
2347,4
2348,-4
2349,-7
2350,-4
2351,4
2352,3
2353,5
2354,3
2355,-8
2356,1
2357,-2
2358,-1
2359,-1
2360,1
2361,2
2362,-1
2363,-2
2364,-1
2365,0
2366,-6
2367,-2
2368,3
2369,3
2370,-1
2371,-5
2372,-1
2373,-1
2374,-2
2375,1
2376,-1
2377,-2
2378,-3
2379,-5
2380,2
2381,1
2382,2
2383,-2
2384,7
2385,-2
2386,-1
2387,0
2388,-2
2389,3
2390,-1
2391,0
2392,-6
2393,1
2394,5
2395,-6
2396,-2
2397,-3
2398,-1
2399,-5
2400,0
2401,-2
2402,0
2403,8
2404,-4
2405,-7
2406,1
2407,-1
2408,-2
2409,-1
2410,-1
2411,-2
2412,-4
2413,4
2414,-2
2415,0
2416,-6
2417,-1
2418,0
2419,2
2420,0
2421,-1
2422,-6
2423,-4
2424,0
2425,-1
2426,-2
2427,1
2428,5
2429,-3
2430,2
2431,-2
2432,-1
2433,-6
2434,0
2435,-2
2436,-1
2437,0
2438,-4
2439,-2
2440,-3
2441,-1
2442,2
2443,4
2444,-5
2445,1
2446,-2
2447,-6
2448,-2
2449,4
2450,2
2451,-10
2452,0
2453,0
2454,1
2455,1
2456,-5
2457,1
2458,-9
2459,0
2460,-1
2461,0
2462,4
2463,1
2464,0
2465,-2
2466,-3
2467,-1
2468,-4
2469,0
2470,-1
2471,0
2472,-1
2473,5
2474,-3
2475,-4
2476,3
2477,2
2478,-3
2479,-1
2480,-6
2481,-1
2482,2
2483,-2
2484,5
2485,-3
2486,-3
2487,-5
2488,0
2489,-3
2490,2
2491,0
2492,3
2493,-1
2494,-2
2495,-2
2496,-1
2497,0
2498,4
2499,-7
2500,-1
2501,11
2502,7
2503,-2
2504,-1
2505,3
2506,5
2507,-6
2508,-5
2509,-1
2510,-3
2511,-8
2512,-2
2513,-4
2514,-2
2515,-3
2516,0
2517,-1
2518,-4
2519,-4
2520,-3
2521,-5
2522,0
2523,1
2524,-3
2525,0
2526,-4
2527,0
2528,-3
2529,-4
2530,-6
2531,2
2532,1
2533,3
2534,0
2535,-4
2536,0
2537,-1
2538,-3
2539,4
2540,-1
2541,-4
2542,2
2543,1
2544,-4
2545,-2
2546,0
2547,3
2548,2
2549,-4
2550,0
2551,-2
2552,-1
2553,0
2554,3
2555,0
2556,-4
2557,-1
2558,0
2559,-5
2560,-1
2561,-1
2562,0
2563,-6
2564,-2
2565,1
2566,-3
2567,-1
2568,1
2569,1
2570,2
2571,1
2572,-5
2573,1
2574,-1
2575,0
2576,-1
2577,-4
2578,-5
2579,2
2580,3
2581,3
2582,4
2583,-2
2584,-4
2585,-3
2586,-15
2587,4
2588,-2
2589,-4
2590,-3
2591,3
2592,-2
2593,1
2594,-2
2595,-1
2596,-4
2597,-1
2598,-4
2599,8
2600,0
2601,-3
2602,-2
2603,3
2604,-5
2605,0
2606,-1
2607,-1
2608,-3
2609,-4
2610,0
2611,-3
2612,-7
2613,1
2614,3
2615,0
2616,-1
2617,2
2618,1
2619,-1
2620,-1
2621,2
2622,-4
2623,-9
2624,-1
2625,3
2626,-6
2627,-1
2628,2
2629,1
2630,-2
2631,-1
2632,2
2633,-1
2634,0
2635,2
2636,0
2637,-2
2638,-1
2639,-2
2640,1
2641,-6
2642,-4
2643,-4
2644,-4
2645,2
2646,-2
2647,0
2648,3
2649,-8
2650,3
2651,5
2652,0
2653,1
2654,-4
2655,1
2656,-4
2657,-6
2658,11
2659,1
2660,1
2661,-2
2662,-6
2663,-4
2664,1
2665,-5
2666,-3
2667,3
2668,0
2669,1
2670,-5
2671,-5
2672,-4
2673,-3
2674,2
2675,-2
2676,1
2677,-5
2678,1
2679,3
2680,-6
2681,-2
2682,-2
2683,1
2684,1
2685,-3
2686,5
2687,-4
2688,-6
2689,-3
2690,-4
2691,-1
2692,-4
2693,-3
2694,4
2695,-3
2696,-1
2697,-3
2698,-1
2699,-1
2700,-6
2701,-3
2702,-2
2703,-4
2704,0
2705,1
2706,5
2707,-2
2708,1
2709,1
2710,3
2711,0
2712,-2
2713,-4
2714,-3
2715,-2
2716,-3
2717,-2
2718,-1
2719,-4
2720,2
2721,-2
2722,-1
2723,-3
2724,1
2725,0
2726,-3
2727,-3
2728,-6
2729,2
2730,0
2731,2
2732,-2
2733,2
2734,2
2735,-5
2736,-5
2737,-3
2738,-1
2739,1
2740,-2
2741,2
2742,-3
2743,-5
2744,2
2745,1
2746,1
2747,-4
2748,-6
2749,-5
2750,1
2751,-5
2752,-2
2753,-1
2754,-1
2755,-2
2756,2
2757,-4
2758,-1
2759,-5
2760,2
2761,-4
2762,-3
2763,2
2764,5
2765,0
2766,-6
2767,1
2768,-3
2769,-1
2770,-15
2771,-6
2772,-3
2773,5
2774,12
2775,-1
2776,-3
2777,-2
2778,-2
2779,2
2780,0
2781,-1
2782,-5
2783,1
2784,1
2785,1
2786,-1
2787,-3
2788,0
2789,0
2790,-5
2791,-3
2792,0
2793,2
2794,1
2795,-1
2796,-3
2797,4
2798,-1
2799,-1
2800,-5
2801,-2
2802,-2
2803,-1
2804,-4
2805,-2
2806,-1
2807,4
2808,0
2809,-4
2810,4
2811,-2
2812,-2
2813,0
2814,-3
2815,-1
2816,7
2817,0
2818,1
2819,-1
2820,-1
2821,-3
2822,-5
2823,6
2824,-2
2825,2
2826,0
2827,0
2828,2
2829,-1
2830,2
2831,-1
2832,0
2833,-2
2834,-2
2835,-1
2836,-7
2837,-1
2838,-1
2839,-3
2840,-1
2841,3
2842,2
2843,-3
2844,-2
2845,-3
2846,4
2847,1
2848,-7
2849,0
2850,-4
2851,-6
2852,-1
2853,-4
2854,-4
2855,-4
2856,-1
2857,5
2858,-7
2859,-3
2860,-5
2861,0
2862,-4
2863,-3
2864,-1
2865,1
2866,-2
2867,-3
2868,2
2869,-2
2870,5
2871,-2
2872,1
2873,0
2874,0
2875,5
2876,2
2877,-1
2878,0
2879,-4
2880,0
2881,2
2882,0
2883,1
2884,2
2885,1
2886,4
2887,-1
2888,-3
2889,6
2890,1
2891,1
2892,-6
2893,-3
2894,-3
2895,-1
2896,-2
2897,4
2898,-5
2899,-1
2900,0
2901,0
2902,-3
2903,-1
2904,0
2905,-2
2906,-4
2907,0
2908,0
2909,3
2910,-2
2911,-8
2912,-4
2913,1
2914,2
2915,-2
2916,0
2917,0
2918,1
2919,0
2920,-2
2921,-1
2922,-4
2923,0
2924,-1
2925,0
2926,-2
2927,-2
2928,3
2929,-3
2930,-5
2931,0
2932,8
2933,2
2934,2
2935,0
2936,-2
2937,-2
2938,1
2939,-2
2940,3
2941,1
2942,-2
2943,-2
2944,-4
2945,5
2946,-2
2947,-7
2948,-5
2949,-1
2950,1
2951,-2
2952,-2
2953,1
2954,-6
2955,-8
2956,0
2957,-2
2958,0
2959,1
2960,-8
2961,0
2962,-2
2963,2
2964,-6
2965,6
2966,0
2967,-7
2968,-6
2969,5
2970,1
2971,2
2972,-10
2973,-2
2974,-6
2975,2
2976,-4
2977,0
2978,0
2979,-3
2980,4
2981,-5
2982,1
2983,2
2984,-1
2985,-2
2986,-2
2987,-3
2988,0
2989,-3
2990,-2
2991,1
2992,1
2993,-1
2994,-3
2995,-2
2996,-3
2997,-3
2998,0
2999,-1
3000,-1
3001,1
3002,-6
3003,-2
3004,4
3005,0
3006,3
3007,-4
3008,-1
3009,-2
3010,0
3011,-3
3012,-1
3013,-3
3014,0
3015,-3
3016,3
3017,0
3018,-2
3019,3
3020,-1
3021,-1
3022,0
3023,3
3024,-2
3025,0
3026,-3
3027,5
3028,0
3029,0
3030,0
3031,1
3032,-5
3033,1
3034,5
3035,0
3036,1
3037,-3
3038,1
3039,-1
3040,-1
3041,-4
3042,1
3043,-3
3044,-4
3045,-1
3046,-12
3047,5
3048,6
3049,-1
3050,-5
3051,-3
3052,1
3053,-4
3054,-3
3055,-1
3056,-8
3057,-2
3058,-4
3059,4
3060,6
3061,-4
3062,-4
3063,-1
3064,-1
3065,0
3066,2
3067,-3
3068,4
3069,-3
3070,5
3071,7
3072,-2
3073,-3
3074,-11
3075,0
3076,-2
3077,-1
3078,-4
3079,-2
3080,-3
3081,1
3082,6
3083,-4
3084,-3
3085,3
3086,1
3087,-6
3088,-5
3089,5
3090,-4
3091,3
3092,-1
3093,5
3094,0
3095,-2
3096,-3
3097,-3
3098,-3
3099,3
3100,-4
3101,0
3102,0
3103,-2
3104,-1
3105,-1
3106,-2
3107,0
3108,-2
3109,3
3110,4
3111,-1
3112,-4
3113,-6
3114,2
3115,-1
3116,-1
3117,-3
3118,-2
3119,-3
3120,3
3121,-2
3122,2
3123,-4
3124,-2
3125,-4
3126,-4
3127,-1
3128,3
3129,-1
3130,0
3131,1
3132,-4
3133,-2
3134,-9
3135,-2
3136,0
3137,0
3138,-7
3139,-5
3140,-3
3141,2
3142,0
3143,-1
3144,-1
3145,-5
3146,1
3147,1
3148,-6
3149,-2
3150,-9
3151,1
3152,-3
3153,-3
3154,3
3155,-5
3156,0
3157,1
3158,2
3159,-2
3160,3
3161,1
3162,-2
3163,-3
3164,-6
3165,-4
3166,-1
3167,-3
3168,1
3169,1
3170,6
3171,0
3172,-2
3173,-6
3174,0
3175,0
3176,0
3177,2
3178,0
3179,-2
3180,1
3181,-1
3182,-6
3183,-3
3184,1
3185,3
3186,-1
3187,-5
3188,1
3189,2
3190,-10
3191,-2
3192,2
3193,2
3194,-2
3195,-1
3196,-4
3197,-2
3198,-1
3199,4
3200,0
3201,1
3202,1
3203,2
3204,-1
3205,7
3206,2
3207,-1
3208,2
3209,-1
3210,-1
3211,-1
3212,2
3213,-8
3214,-5
3215,3
3216,-3
3217,-2
3218,5
3219,-2
3220,1
3221,-3
3222,-5
3223,-9
3224,-4
3225,-5
3226,2
3227,0
3228,2
3229,-4
3230,9
3231,0
3232,1
3233,0
3234,-4
3235,-4
3236,-1
3237,0
3238,-1
3239,-3
3240,-2
3241,-5
3242,2
3243,-5
3244,-3
3245,1
3246,-2
3247,-2
3248,-4
3249,1
3250,2
3251,-2
3252,4
3253,1
3254,1
3255,-2
3256,-3
3257,-1
3258,-1
3259,2
3260,-1
3261,6
3262,-3
3263,1
3264,6
3265,-3
3266,1
3267,0
3268,-3
3269,-4
3270,3
3271,-5
3272,-3
3273,1
3274,4
3275,-3
3276,0
3277,-4
3278,-3
3279,2
3280,-3
3281,-1
3282,2
3283,0
3284,-3
3285,-2
3286,-4
3287,3
3288,1
3289,-1
3290,3
3291,-1
3292,-1
3293,2
3294,-3
3295,1
3296,0
3297,0
3298,0
3299,1
3300,1
3301,-5
3302,-5
3303,0
3304,-4
3305,-3
3306,-4
3307,-1
3308,1
3309,2
3310,-1
3311,-3
3312,0
3313,2
3314,-4
3315,-4
3316,-1
3317,-1
3318,-2
3319,4
3320,-4
3321,-2
3322,-2
3323,-4
3324,6
3325,-1
3326,-2
3327,-1
3328,-3
3329,-2
3330,-7
3331,-1
3332,0
3333,-1
3334,-3
3335,-1
3336,0
3337,1
3338,0
3339,-1
3340,-1
3341,1
3342,1
3343,0
3344,-2
3345,3
3346,5
3347,-4
3348,2
3349,-1
3350,-4
3351,-2
3352,-3
3353,-3
3354,1
3355,-1
3356,-3
3357,1
3358,-9
3359,-4
3360,-2
3361,3
3362,0
3363,2
3364,-2
3365,-1
3366,-3
3367,1
3368,1
3369,1
3370,0
3371,1
3372,1
3373,6
3374,3
3375,-2
3376,-4
3377,-2
3378,-2
3379,-6
3380,1
3381,-3
3382,-3
3383,3
3384,-1
3385,2
3386,0
3387,-4
3388,-1
3389,-2
3390,0
3391,-3
3392,-1
3393,-5
3394,-4
3395,-1
3396,1
3397,0
3398,-2
3399,-1
3400,-2
3401,0
3402,0
3403,-3
3404,-4
3405,-4
3406,-4
3407,5
3408,1
3409,3
3410,-5
3411,-4
3412,0
3413,-1
3414,2
3415,-2
3416,-3
3417,-3
3418,1
3419,-3
3420,1
3421,-1
3422,2
3423,-10
3424,-1
3425,-4
3426,-7
3427,-3
3428,1
3429,5
3430,-2
3431,1
3432,6
3433,2
3434,5
3435,0
3436,-5
3437,-3
3438,0
3439,2
3440,-1
3441,-1
3442,0
3443,-1
3444,-1
3445,-3
3446,-2
3447,-2
3448,-5
3449,-1
3450,1
3451,-4
3452,4
3453,-5
3454,-2
3455,-1
3456,0
3457,-5
3458,-1
3459,-1
3460,-1
3461,-1
3462,-1
3463,-1
3464,-11
3465,-3
3466,1
3467,4
3468,1
3469,-2
3470,-1
3471,1
3472,-8
3473,-1
3474,-1
3475,-4
3476,-1
3477,0
3478,1
3479,-5
3480,-2
3481,-1
3482,1
3483,-1
3484,6
3485,-5
3486,1
3487,3
3488,-5
3489,1
3490,1
3491,5
3492,-1
3493,0
3494,1
3495,-5
3496,0
3497,1
3498,-4
3499,3
3500,-1
3501,2
3502,-2
3503,-6
3504,-1
3505,2
3506,-1
3507,-1
3508,0
3509,1
3510,-1
3511,-8
3512,-1
3513,-1
3514,0
3515,-1
3516,0
3517,-2
3518,-8
3519,-1
3520,-1
3521,2
3522,-5
3523,-5
3524,0
3525,-4
3526,-1
3527,-6
3528,-2
3529,-1
3530,1
3531,-6
3532,-2
3533,7
3534,2
3535,-1
3536,-3
3537,1
3538,-4
3539,-2
3540,-3
3541,-4
3542,-1
3543,-3
3544,-2
3545,-2
3546,2
3547,-3
3548,1
3549,0
3550,6
3551,6
3552,-2
3553,7
3554,1
3555,2
3556,2
3557,-3
3558,-4
3559,-2
3560,-1
3561,0
3562,2
3563,0
3564,-6
3565,-3
3566,-1
3567,-9
3568,-7
3569,-2
3570,-1
3571,0
3572,3
3573,-6
3574,3
3575,0
3576,-1
3577,-3
3578,-2
3579,-5
3580,-4
3581,-4
3582,-10
3583,-4
3584,0
3585,2
3586,-8
3587,1
3588,-1
3589,1
3590,0
3591,0
3592,0
3593,-1
3594,-6
3595,-4
3596,-3
3597,-2
3598,0
3599,0
3600,-4
3601,-4
3602,-2
3603,-2
3604,-1
3605,-3
3606,-2
3607,4
3608,1
3609,2
3610,-12
3611,-5
3612,-4
3613,-1
3614,-7
3615,-5
3616,-2
3617,5
3618,2
3619,-1
3620,-5
3621,-2
3622,1
3623,-2
3624,2
3625,1
3626,-3
3627,-2
3628,4
3629,-6
3630,2
3631,-5
3632,-2
3633,3
3634,1
3635,-5
3636,-5
3637,-1
3638,0
3639,-3
3640,0
3641,2
3642,0
3643,-4
3644,3
3645,-3
3646,-1
3647,-5
3648,-8
3649,0
3650,-6
3651,5
3652,2
3653,-2
3654,-2
3655,-6
3656,-6
3657,-1
3658,-1
3659,0
3660,2
3661,-2
3662,-6
3663,-1
3664,3
3665,-1
3666,1
3667,2
3668,-2
3669,0
3670,0
3671,1
3672,0
3673,-3
3674,1
3675,0
3676,-2
3677,-1
3678,-2
3679,-4
3680,1
3681,-1
3682,-4
3683,-4
3684,0
3685,0
3686,-3
3687,-5
3688,-4
3689,3
3690,-1
3691,1
3692,0
3693,-4
3694,0
3695,9
3696,-1
3697,-3
3698,-2
3699,-5
3700,4
3701,-3
3702,-4
3703,-3
3704,-8
3705,2
3706,-3
3707,0
3708,0
3709,-4
3710,-5
3711,0
3712,0
3713,1
3714,4
3715,-16
3716,-5
3717,2
3718,-5
3719,-5
3720,-2
3721,-6
3722,-4
3723,2
3724,-1
3725,-1
3726,-4
3727,1
3728,0
3729,2
3730,0
3731,0
3732,-4
3733,-3
3734,-7
3735,-1
3736,-2
3737,2
3738,-4
3739,-1
3740,-2
3741,2
3742,-10
3743,7
3744,2
3745,-4
3746,-4
3747,-13
3748,-3
3749,0
3750,-1
3751,1
3752,-2
3753,-2
3754,0
3755,-4
3756,-8
3757,-5
3758,-1
3759,-2
3760,-2
3761,-3
3762,1
3763,1
3764,-5
3765,-3
3766,-1
3767,-3
3768,-2
3769,0
3770,-6
3771,-1
3772,-6
3773,-1
3774,-6
3775,3
3776,-5
3777,-1
3778,-1
3779,-3
3780,0
3781,-2
3782,-6
3783,-4
3784,2
3785,2
3786,-3
3787,-2
3788,-4
3789,-2
3790,-2
3791,1
3792,4
3793,-3
3794,-2
3795,-3
3796,-4
3797,-3
3798,0
3799,1
3800,5
3801,-1
3802,-2
3803,2
3804,-1
3805,1
3806,0
3807,-5
3808,4
3809,-1
3810,-2
3811,0
3812,0
3813,-3
3814,2
3815,0
3816,-3
3817,-2
3818,-6
3819,-1
3820,1
3821,-4
3822,2
3823,-7
3824,-3
3825,-3
3826,-5
3827,-2
3828,-4
3829,-1
3830,-7
3831,-6
3832,1
3833,-3
3834,6
3835,-3
3836,-3
3837,1
3838,0
3839,1
3840,1
3841,2
3842,2
3843,-4
3844,-1
3845,0
3846,-1
3847,0
3848,-2
3849,-1
3850,0
3851,-5
3852,-1
3853,-1
3854,3
3855,-2
3856,-5
3857,-3
3858,1
3859,2
3860,-3
3861,-1
3862,-1
3863,3
3864,2
3865,-5
3866,0
3867,-3
3868,-3
3869,0
3870,-3
3871,-2
3872,1
3873,-1
3874,7
3875,-3
3876,-3
3877,0
3878,-5
3879,-2
3880,-4
3881,-2
3882,-1
3883,-5
3884,-6
3885,-1
3886,0
3887,-3
3888,-2
3889,-4
3890,-5
3891,-1
3892,-2
3893,-1
3894,1
3895,-1
3896,-1
3897,1
3898,0
3899,-2
3900,1
3901,-5
3902,0
3903,2
3904,-1
3905,2
3906,-1
3907,-5
3908,4
3909,2
3910,-6
3911,0
3912,-1
3913,-4
3914,-2
3915,-4
3916,1
3917,-2
3918,-5
3919,-1
3920,1
3921,-1
3922,-4
3923,-1
3924,-2
3925,1
3926,1
3927,6
3928,2
3929,1
3930,5
3931,-1
3932,-2
3933,-5
3934,-4
3935,1
3936,2
3937,2
3938,-3
3939,-2
3940,-4
3941,-1
3942,-3
3943,5
3944,-3
3945,-10
3946,-1
3947,-2
3948,-5
3949,0
3950,-3
3951,1
3952,0
3953,0
3954,-3
3955,4
3956,-4
3957,-2
3958,-3
3959,-1
3960,-4
3961,-3
3962,-2
3963,-6
3964,0
3965,-1
3966,-8
3967,-5
3968,-5
3969,-1
3970,-3
3971,0
3972,1
3973,-4
3974,2
3975,2
3976,-3
3977,0
3978,3
3979,1
3980,-4
3981,-4
3982,2
3983,-5
3984,1
3985,-2
3986,-4
3987,2
3988,2
3989,-3
3990,-2
3991,-2
3992,4
3993,-1
3994,2
3995,0
3996,-1
3997,3
3998,-2
3999,3
4000,-7
4001,2
4002,-6
4003,-4
4004,-2
4005,0
4006,-3
4007,-5
4008,-2
4009,-1
4010,-7
4011,-5
4012,0
4013,-4
4014,0
4015,2
4016,3
4017,-4
4018,-7
4019,3
4020,1
4021,-2
4022,-6
4023,1
4024,3
4025,0
4026,0
4027,-4
4028,-1
4029,3
4030,-1
4031,0
4032,-3
4033,-1
4034,1
4035,0
4036,1
4037,-2
4038,-2
4039,-1
4040,-6
4041,-1
4042,5
4043,3
4044,-3
4045,0
4046,0
4047,-1
4048,-1
4049,1
4050,-6
4051,-5
4052,-1
4053,-3
4054,-4
4055,2
4056,-5
4057,-8
4058,-1
4059,-1
4060,2
4061,-1
4062,-1
4063,1
4064,-4
4065,-7
4066,2
4067,-1
4068,-7
4069,-2
4070,-6
4071,-1
4072,-1
4073,1
4074,-5
4075,-4
4076,-4
4077,-2
4078,1
4079,0
4080,-2
4081,-2
4082,-3
4083,0
4084,4
4085,4
4086,-1
4087,2
4088,4
4089,2
4090,-1
4091,-6
4092,-3
4093,-6
4094,-1
4095,-4
4096,1
4097,0
4098,-1
4099,1
4100,-9
4101,3
4102,-3
4103,-3
4104,-1
4105,0
4106,4
4107,-5
4108,-5
4109,-5
4110,-2
4111,1
4112,-1
4113,-2
4114,-4
4115,-6
4116,-12
4117,4
4118,-2
4119,-3
4120,-4
4121,-4
4122,2
4123,0
4124,-7
4125,3
4126,-1
4127,-1
4128,-1
4129,-4
4130,0
4131,5
4132,1
4133,0
4134,-3
4135,-4
4136,-2
4137,1
4138,2
4139,4
4140,-5
4141,-1
4142,2
4143,0
4144,3
4145,1
4146,-5
4147,0
4148,0
4149,2
4150,1
4151,-1
4152,-4
4153,-1
4154,-1
4155,1
4156,1
4157,-2
4158,-4
4159,-3
4160,-1
4161,0
4162,-3
4163,-2
4164,1
4165,1
4166,2
4167,-3
4168,-4
4169,0
4170,-7
4171,-6
4172,-1
4173,-6
4174,-9
4175,2
4176,-3
4177,0
4178,0
4179,1
4180,-6
4181,0
4182,1
4183,-3
4184,1
4185,-5
4186,2
4187,5
4188,-1
4189,-1
4190,-1
4191,-2
4192,4
4193,-1
4194,-1
4195,0
4196,3
4197,-1
4198,2
4199,-1
4200,-2
4201,-1
4202,-4
4203,1
4204,-3
4205,3
4206,-1
4207,-3
4208,-8
4209,-2
4210,6
4211,1
4212,0
4213,-2
4214,-1
4215,-4
4216,-5
4217,0
4218,1
4219,-1
4220,3
4221,3
4222,-2
4223,-1
4224,-1
4225,3
4226,0
4227,0
4228,1
4229,-1
4230,-4
4231,-2
4232,-14
4233,-7
4234,5
4235,-5
4236,-4
4237,-1
4238,-2
4239,-1
4240,-3
4241,-5
4242,-6
4243,-3
4244,-2
4245,2
4246,-1
4247,4
4248,-2
4249,5
4250,3
4251,1
4252,-1
4253,-8
4254,0
4255,-2
4256,7
4257,0
4258,1
4259,1
4260,2
4261,-1
4262,1
4263,-1
4264,-6
4265,0
4266,-5
4267,1
4268,-3
4269,1
4270,-3
4271,-1
4272,-5
4273,-3
4274,-9
4275,2
4276,-2
4277,2
4278,-1
4279,-4
4280,2
4281,-1
4282,2
4283,0
4284,-5
4285,3
4286,4
4287,-6
4288,-2
4289,5
4290,3
4291,-4
4292,0
4293,2
4294,-1
4295,-13
4296,-5
4297,0
4298,1
4299,1
4300,-1
4301,-6
4302,-1
4303,-12
4304,-4
4305,-6
4306,3
4307,-1
4308,1
4309,0
4310,-5
4311,-8
4312,1
4313,-3
4314,-1
4315,-3
4316,-5
4317,1
4318,-1
4319,3
4320,2
4321,2
4322,0
4323,1
4324,-1
4325,-1
4326,1
4327,-2
4328,0
4329,-4
4330,-3
4331,-4
4332,-1
4333,0
4334,2
4335,-4
4336,0
4337,1
4338,1
4339,-7
4340,-3
4341,-4
4342,-4
4343,4
4344,-4
4345,2
4346,-1
4347,2
4348,-1
4349,3
4350,0
4351,2
4352,1
4353,-4
4354,0
4355,-6
4356,1
4357,2
4358,-4
4359,-1
4360,-2
4361,-4
4362,-1
4363,4
4364,-4
4365,-7
4366,-3
4367,-1
4368,2
4369,1
4370,1
4371,-2
4372,4
4373,3
4374,-3
4375,1
4376,2
4377,2
4378,0
4379,-3
4380,1
4381,6
4382,0
4383,0
4384,0
4385,1
4386,4
4387,-2
4388,1
4389,-3
4390,2
4391,-1
4392,-2
4393,-7
4394,1
4395,1
4396,-3
4397,-1
4398,-5
4399,-6
4400,-5
4401,-1
4402,2
4403,-1
4404,-3
4405,-1
4406,-2
4407,-2
4408,-1
4409,1
4410,1
4411,1
4412,2
4413,-1
4414,-3
4415,-4
4416,-3
4417,0
4418,0
4419,-5
4420,-4
4421,-8
4422,1
4423,-2
4424,-2
4425,-4
4426,-2
4427,-1
4428,-2
4429,1
4430,2
4431,-3
4432,3
4433,0
4434,-6
4435,-2
4436,0
4437,3
4438,-2
4439,0
4440,-6
4441,0
4442,-1
4443,1
4444,3
4445,-3
4446,-2
4447,-3
4448,-1
4449,-5
4450,0
4451,-3
4452,-4
4453,-3
4454,1
4455,-3
4456,1
4457,0
4458,-2
4459,3
4460,-3
4461,-5
4462,-1
4463,-4
4464,-4
4465,-1
4466,0
4467,-3
4468,0
4469,-6
4470,-6
4471,-1
4472,-6
4473,-5
4474,-6
4475,2
4476,-2
4477,-1
4478,3
4479,3
4480,-1
4481,0
4482,-2
4483,3
4484,-1
4485,-1
4486,-2
4487,-5
4488,-4
4489,1
4490,-2
4491,1
4492,1
4493,-1
4494,-4
4495,-2
4496,-1
4497,1
4498,-4
4499,0
4500,-4
4501,1
4502,-4
4503,-2
4504,-7
4505,11
4506,0
4507,1
4508,4
4509,0
4510,0
4511,-2
4512,1
4513,-2
4514,-1
4515,-6
4516,1
4517,2
4518,2
4519,-1
4520,0
4521,2
4522,-3
4523,0
4524,-14
4525,2
4526,-5
4527,-5
4528,-5
4529,-9
4530,1
4531,-2
4532,-5
4533,-1
4534,-5
4535,-2
4536,2
4537,-2
4538,-2
4539,1
4540,-1
4541,-2
4542,-16
4543,1
4544,-4
4545,2
4546,-1
4547,5
4548,-4
4549,-4
4550,1
4551,0
4552,-3
4553,-3
4554,0
4555,-6
4556,0
4557,-6
4558,1
4559,-4
4560,1
4561,-2
4562,0
4563,-1
4564,-4
4565,4
4566,0
4567,4
4568,-8
4569,0
4570,1
4571,1
4572,-3
4573,-3
4574,-3
4575,0
4576,-3
4577,3
4578,-4
4579,-3
4580,-2
4581,0
4582,-4
4583,-3
4584,4
4585,-3
4586,-2
4587,4
4588,-5
4589,-1
4590,1
4591,-7
4592,-1
4593,1
4594,-1
4595,3
4596,2
4597,2
4598,-2
4599,0
4600,-4
4601,1
4602,-3
4603,1
4604,-3
4605,-3
4606,-6
4607,-5
4608,-3
4609,2
4610,-3
4611,-6
4612,-2
4613,-1
4614,-3
4615,0
4616,-3
4617,-7
4618,0
4619,-7
4620,-4
4621,0
4622,0
4623,-3
4624,-6
4625,2
4626,0
4627,0
4628,-4
4629,-2
4630,-3
4631,0
4632,1
4633,-2
4634,3
4635,-6
4636,-1
4637,-4
4638,2
4639,2
4640,-5
4641,3
4642,0
4643,5
4644,-2
4645,-2
4646,-4
4647,1
4648,-1
4649,0
4650,1
4651,-2
4652,-2
4653,2
4654,-2
4655,-1
4656,-6
4657,-3
4658,2
4659,-2
4660,3
4661,-2
4662,3
4663,1
4664,3
4665,1
4666,1
4667,-1
4668,-2
4669,0
4670,1
4671,-1
4672,1
4673,1
4674,-8
4675,-6
4676,3
4677,0
4678,-1
4679,3
4680,4
4681,-4
4682,-4
4683,0
4684,-2
4685,-2
4686,0
4687,1
4688,-4
4689,-3
4690,-4
4691,-3
4692,-3
4693,1
4694,1
4695,-1
4696,3
4697,4
4698,1
4699,0
4700,3
4701,0
4702,-7
4703,1
4704,-3
4705,-1
4706,1
4707,0
4708,-1
4709,-3
4710,-8
4711,-2
4712,-5
4713,-1
4714,-6
4715,2
4716,1
4717,-1
4718,-1
4719,-4
4720,-3
4721,-1
4722,-2
4723,-3
4724,-2
4725,0
4726,3
4727,1
4728,-4
4729,2
4730,-3
4731,0
4732,-5
4733,3
4734,-7
4735,-4
4736,-1
4737,3
4738,-6
4739,-2
4740,1
4741,0
4742,1
4743,1
4744,2
4745,1
4746,0
4747,-1
4748,0
4749,1
4750,-4
4751,-4
4752,-5
4753,-5
4754,0
4755,2
4756,-3
4757,-3
4758,-5
4759,-4
4760,-2
4761,-2
4762,-1
4763,3
4764,1
4765,-4
4766,1
4767,-1
4768,3
4769,-3
4770,-1
4771,-2
4772,-4
4773,-2
4774,1
4775,2
4776,-8
4777,0
4778,-2
4779,3
4780,-3
4781,-9
4782,-3
4783,-1
4784,-4
4785,7
4786,-2
4787,-4
4788,-2
4789,-1
4790,-1
4791,0
4792,-6
4793,-6
4794,2
4795,-1
4796,0
4797,-3
4798,0
4799,0
4800,-2
4801,2
4802,-4
4803,3
4804,-3
4805,-1
4806,-3
4807,-3
4808,4
4809,-1
4810,-3
4811,2
4812,5
4813,-6
4814,1
4815,-1
4816,-5
4817,-3
4818,-2
4819,-3
4820,-8
4821,-4
4822,1
4823,1
4824,2
4825,-2
4826,1
4827,-2
4828,1
4829,0
4830,-3
4831,3
4832,-4
4833,-5
4834,-4
4835,-2
4836,3
4837,3
4838,-1
4839,-4
4840,0
4841,-5
4842,-3
4843,0
4844,-2
4845,-4
4846,-1
4847,-4
4848,-8
4849,-4
4850,4
4851,-3
4852,-3
4853,-2
4854,0
4855,-5
4856,-6
4857,2
4858,-4
4859,-1
4860,-3
4861,4
4862,2
4863,-6
4864,1
4865,0
4866,-3
4867,-2
4868,0
4869,4
4870,4
4871,6
4872,-3
4873,2
4874,1
4875,-1
4876,2
4877,-3
4878,2
4879,-2
4880,-1
4881,2
4882,-1
4883,0
4884,1
4885,4
4886,-1
4887,1
4888,-2
4889,0
4890,1
4891,2
4892,0
4893,0
4894,-2
4895,-3
4896,-1
4897,0
4898,1
4899,1
4900,-6
4901,0
4902,1
4903,3
4904,-3
4905,-6
4906,-1
4907,0
4908,2
4909,-7
4910,-1
4911,-6
4912,-9
4913,1
4914,1
4915,-3
4916,-3
4917,-3
4918,-3
4919,-3
4920,5
4921,1
4922,1
4923,-4
4924,0
4925,-2
4926,-1
4927,1
4928,-5
4929,1
4930,-7
4931,-5
4932,-4
4933,-2
4934,0
4935,-1
4936,1
4937,1
4938,-3
4939,-1
4940,-2
4941,-4
4942,-3
4943,-3
4944,5
4945,-3
4946,-2
4947,0
4948,1
4949,-2
4950,-2
4951,-2
4952,-2
4953,-3
4954,6
4955,-7
4956,0
4957,-1
4958,0
4959,-3
4960,-1
4961,6
4962,-2
4963,-4
4964,-1
4965,0
4966,-6
4967,6
4968,0
4969,-2
4970,1
4971,2
4972,0
4973,-1
4974,-1
4975,2
4976,-3
4977,3
4978,-1
4979,0
4980,-4
4981,-5
4982,-2
4983,-6
4984,-2
4985,-4
4986,-2
4987,-2
4988,6
4989,1
4990,-3
4991,6
4992,-1
4993,-3
4994,-3
4995,2
4996,-1
4997,-1
4998,-6
4999,-2
5000,3
5001,-3
5002,-1
5003,-1
5004,3
5005,4
5006,6
5007,4
5008,0
5009,-2
5010,0
5011,5
5012,1
5013,-1
5014,3
5015,0
5016,-4
5017,2
5018,0
5019,0
5020,-2
5021,-2
5022,3
5023,1
5024,4
5025,-1
5026,5
5027,4
5028,0
5029,5
5030,-2
5031,-2
5032,3
5033,2
5034,2
5035,2
5036,3
5037,2
5038,1
5039,1
5040,-4
5041,4
5042,3
5043,2
5044,4
5045,2
5046,5
5047,-1
5048,3
5049,-1
5050,-1
5051,4
5052,2
5053,2
5054,3
5055,0
5056,5
5057,0
5058,1
5059,0
5060,0
5061,2
5062,3
5063,4
5064,1
5065,-2
5066,3
5067,2
5068,-1
5069,3
5070,5
5071,4
5072,9
5073,0
5074,5
5075,2
5076,2
5077,5
5078,7
5079,3
5080,0
5081,4
5082,-3
5083,2
5084,3
5085,-3
5086,0
5087,4
5088,3
5089,0
5090,9
5091,-4
5092,9
5093,-3
5094,5
5095,4
5096,7
5097,1
5098,7
5099,2
5100,0
5101,4
5102,-4
5103,-4
5104,1
5105,-4
5106,0
5107,0
5108,4
5109,1
5110,1
5111,3
5112,1
5113,1
5114,3
5115,2
5116,3
5117,-2
5118,1
5119,2
5120,-1
5121,2
5122,5
5123,-5
5124,2
5125,-1
5126,0
5127,1
5128,-3
5129,5
5130,6
5131,3
5132,4
5133,0
5134,2
5135,1
5136,-3
5137,2
5138,-1
5139,0
5140,5
5141,4
5142,6
5143,5
5144,1
5145,13
5146,3
5147,2
5148,2
5149,6
5150,-1
5151,4
5152,6
5153,2
5154,-1
5155,4
5156,6
5157,2
5158,3
5159,1
5160,1
5161,-2
5162,3
5163,1
5164,0
5165,1
5166,5
5167,2
5168,12
5169,5
5170,-1
5171,0
5172,5
5173,-2
5174,0
5175,1
5176,1
5177,0
5178,5
5179,0
5180,4
5181,2
5182,-1
5183,5
5184,-10
5185,5
5186,2
5187,-4
5188,0
5189,2
5190,8
5191,-1
5192,2
5193,-12
5194,5
5195,6
5196,3
5197,1
5198,0
5199,0
5200,-4
5201,1
5202,3
5203,-1
5204,3
5205,-2
5206,4
5207,4
5208,4
5209,-1
5210,5
5211,3
5212,7
5213,2
5214,2
5215,6
5216,-1
5217,2
5218,1
5219,4
5220,4
5221,-1
5222,3
5223,-1
5224,2
5225,-1
5226,0
5227,1
5228,-3
5229,5
5230,-3
5231,0
5232,4
5233,3
5234,7
5235,6
5236,-1
5237,1
5238,-5
5239,-2
5240,3
5241,6
5242,2
5243,5
5244,3
5245,-2
5246,2
5247,-1
5248,-4
5249,-1
5250,2
5251,3
5252,2
5253,3
5254,3
5255,3
5256,2
5257,1
5258,4
5259,0
5260,3
5261,1
5262,7
5263,1
5264,0
5265,5
5266,2
5267,2
5268,4
5269,-2
5270,-5
5271,-3
5272,0
5273,-2
5274,2
5275,2
5276,2
5277,1
5278,2
5279,3
5280,0
5281,6
5282,6
5283,1
5284,-3
5285,2
5286,0
5287,-1
5288,0
5289,3
5290,7
5291,3
5292,-1
5293,3
5294,1
5295,2
5296,-4
5297,1
5298,-1
5299,-2
5300,0
5301,2
5302,2
5303,-1
5304,-2
5305,5
5306,5
5307,4
5308,-2
5309,2
5310,0
5311,4
5312,-9
5313,0
5314,4
5315,5
5316,3
5317,-1
5318,-1
5319,0
5320,4
5321,3
5322,-1
5323,2
5324,2
5325,-1
5326,3
5327,8
5328,-1
5329,12
5330,2
5331,5
5332,2
5333,3
5334,5
5335,-3
5336,2
5337,4
5338,-6
5339,-3
5340,-4
5341,4
5342,2
5343,2
5344,1
5345,2
5346,1
5347,3
5348,-1
5349,3
5350,2
5351,1
5352,-4
5353,10
5354,-2
5355,3
5356,1
5357,0
5358,4
5359,-1
5360,-2
5361,3
5362,1
5363,1
5364,2
5365,-1
5366,-1
5367,4
5368,2
5369,3
5370,5
5371,0
5372,6
5373,5
5374,4
5375,1
5376,4
5377,-1
5378,-4
5379,-2
5380,-1
5381,2
5382,-3
5383,1
5384,0
5385,3
5386,6
5387,0
5388,-1
5389,2
5390,-2
5391,0
5392,5
5393,5
5394,1
5395,2
5396,3
5397,4
5398,-1
5399,2
5400,4
5401,1
5402,1
5403,9
5404,4
5405,1
5406,4
5407,0
5408,0
5409,-1
5410,3
5411,2
5412,5
5413,2
5414,2
5415,-18
5416,5
5417,2
5418,0
5419,6
5420,1
5421,4
5422,-3
5423,2
5424,4
5425,1
5426,1
5427,1
5428,2
5429,5
5430,6
5431,-1
5432,0
5433,2
5434,-1
5435,5
5436,2
5437,2
5438,7
5439,3
5440,1
5441,5
5442,-1
5443,3
5444,7
5445,-2
5446,4
5447,1
5448,7
5449,-4
5450,-1
5451,5
5452,3
5453,0
5454,3
5455,4
5456,-4
5457,3
5458,2
5459,5
5460,-2
5461,3
5462,1
5463,1
5464,4
5465,2
5466,-2
5467,0
5468,0
5469,4
5470,8
5471,-5
5472,1
5473,1
5474,1
5475,1
5476,-2
5477,-2
5478,4
5479,3
5480,0
5481,1
5482,3
5483,1
5484,-1
5485,-1
5486,4
5487,1
5488,-1
5489,0
5490,-2
5491,2
5492,2
5493,0
5494,-1
5495,5
5496,-3
5497,4
5498,-3
5499,1
5500,3
5501,-2
5502,4
5503,1
5504,2
5505,-4
5506,6
5507,-3
5508,3
5509,1
5510,1
5511,2
5512,4
5513,3
5514,2
5515,2
5516,-2
5517,-3
5518,5
5519,-4
5520,5
5521,-3
5522,3
5523,4
5524,0
5525,2
5526,1
5527,5
5528,5
5529,2
5530,2
5531,3
5532,2
5533,0
5534,-1
5535,-1
5536,1
5537,-1
5538,5
5539,5
5540,3
5541,-2
5542,4
5543,0
5544,-9
5545,0
5546,1
5547,1
5548,4
5549,5
5550,-2
5551,4
5552,-1
5553,8
5554,-1
5555,4
5556,5
5557,-5
5558,3
5559,-3
5560,4
5561,0
5562,1
5563,0
5564,2
5565,-2
5566,2
5567,3
5568,1
5569,-1
5570,0
5571,-1
5572,4
5573,1
5574,-4
5575,-4
5576,3
5577,0
5578,6
5579,-2
5580,5
5581,3
5582,5
5583,3
5584,-1
5585,2
5586,4
5587,2
5588,-4
5589,4
5590,-1
5591,0
5592,5
5593,-4
5594,8
5595,2
5596,0
5597,1
5598,2
5599,1
5600,2
5601,-3
5602,-3
5603,4
5604,-1
5605,2
5606,7
5607,3
5608,-3
5609,-1
5610,0
5611,2
5612,3
5613,-2
5614,6
5615,2
5616,-6
5617,1
5618,1
5619,-1
5620,6
5621,6
5622,-2
5623,4
5624,1
5625,-5
5626,3
5627,6
5628,4
5629,0
5630,4
5631,6
5632,-3
5633,3
5634,1
5635,6
5636,-1
5637,4
5638,4
5639,3
5640,-2
5641,1
5642,-3
5643,-1
5644,-1
5645,4
5646,5
5647,2
5648,2
5649,-6
5650,4
5651,1
5652,3
5653,3
5654,2
5655,2
5656,-1
5657,-1
5658,5
5659,5
5660,-2
5661,1
5662,-1
5663,4
5664,4
5665,4
5666,6
5667,3
5668,3
5669,-4
5670,1
5671,1
5672,5
5673,0
5674,1
5675,3
5676,1
5677,-4
5678,1
5679,-4
5680,4
5681,3
5682,6
5683,-1
5684,1
5685,1
5686,-2
5687,2
5688,-2
5689,0
5690,3
5691,-1
5692,4
5693,3
5694,3
5695,2
5696,2
5697,10
5698,7
5699,7
5700,-2
5701,0
5702,-1
5703,0
5704,2
5705,0
5706,-4
5707,2
5708,0
5709,4
5710,1
5711,1
5712,1
5713,0
5714,0
5715,3
5716,3
5717,5
5718,3
5719,0
5720,3
5721,1
5722,3
5723,3
5724,3
5725,4
5726,0
5727,2
5728,0
5729,0
5730,4
5731,0
5732,-1
5733,0
5734,-1
5735,-10
5736,-5
5737,4
5738,-2
5739,4
5740,4
5741,-1
5742,2
5743,-1
5744,0
5745,-5
5746,6
5747,1
5748,1
5749,1
5750,-3
5751,3
5752,-3
5753,2
5754,3
5755,5
5756,-4
5757,4
5758,1
5759,5
5760,-1
5761,7
5762,2
5763,-1
5764,2
5765,3
5766,6
5767,1
5768,-1
5769,-1
5770,-2
5771,2
5772,-1
5773,1
5774,0
5775,0
5776,4
5777,6
5778,0
5779,-1
5780,0
5781,2
5782,7
5783,2
5784,-1
5785,0
5786,-1
5787,4
5788,7
5789,2
5790,0
5791,1
5792,-1
5793,7
5794,3
5795,-1
5796,4
5797,4
5798,0
5799,-4
5800,-4
5801,0
5802,6
5803,6
5804,5
5805,-2
5806,7
5807,2
5808,-3
5809,7
5810,0
5811,0
5812,-3
5813,4
5814,3
5815,3
5816,1
5817,3
5818,2
5819,7
5820,1
5821,3
5822,-1
5823,1
5824,-2
5825,-2
5826,7
5827,-2
5828,0
5829,1
5830,0
5831,0
5832,0
5833,0
5834,-1
5835,2
5836,-3
5837,0
5838,-2
5839,0
5840,1
5841,5
5842,7
5843,3
5844,6
5845,-2
5846,0
5847,2
5848,0
5849,1
5850,1
5851,1
5852,3
5853,0
5854,10
5855,-2
5856,2
5857,0
5858,0
5859,-2
5860,-2
5861,0
5862,3
5863,9
5864,4
5865,3
5866,1
5867,8
5868,2
5869,-2
5870,5
5871,3
5872,0
5873,0
5874,2
5875,-2
5876,2
5877,2
5878,-2
5879,4
5880,-1
5881,0
5882,0
5883,6
5884,6
5885,0
5886,3
5887,4
5888,3
5889,-11
5890,0
5891,2
5892,5
5893,0
5894,0
5895,4
5896,0
5897,2
5898,-1
5899,2
5900,2
5901,0
5902,2
5903,-6
5904,0
5905,5
5906,5
5907,1
5908,3
5909,3
5910,6
5911,2
5912,8
5913,1
5914,7
5915,5
5916,3
5917,4
5918,2
5919,1
5920,0
5921,-2
5922,-4
5923,3
5924,2
5925,1
5926,-3
5927,2
5928,1
5929,1
5930,2
5931,-5
5932,7
5933,4
5934,5
5935,1
5936,3
5937,1
5938,-1
5939,7
5940,5
5941,2
5942,1
5943,3
5944,3
5945,1
5946,4
5947,2
5948,-1
5949,0
5950,2
5951,4
5952,3
5953,1
5954,1
5955,5
5956,2
5957,5
5958,0
5959,3
5960,2
5961,0
5962,3
5963,1
5964,0
5965,-5
5966,1
5967,-1
5968,0
5969,2
5970,4
5971,3
5972,-1
5973,4
5974,-2
5975,-1
5976,-2
5977,-2
5978,2
5979,2
5980,3
5981,3
5982,2
5983,1
5984,0
5985,1
5986,2
5987,3
5988,1
5989,2
5990,1
5991,2
5992,-2
5993,2
5994,3
5995,6
5996,-1
5997,2
5998,-4
5999,0
6000,0
6001,5
6002,1
6003,2
6004,3
6005,1
6006,5
6007,0
6008,0
6009,6
6010,2
6011,6
6012,-2
6013,11
6014,0
6015,0
6016,2
6017,-3
6018,5
6019,-2
6020,-3
6021,3
6022,-4
6023,2
6024,3
6025,-6
6026,5
6027,1
6028,-1
6029,1
6030,3
6031,3
6032,6
6033,1
6034,2
6035,2
6036,3
6037,5
6038,1
6039,2
6040,3
6041,4
6042,4
6043,3
6044,2
6045,0
6046,-2
6047,3
6048,0
6049,-2
6050,4
6051,3
6052,2
6053,1
6054,0
6055,2
6056,1
6057,1
6058,8
6059,6
6060,1
6061,5
6062,-1
6063,-14
6064,2
6065,-3
6066,3
6067,6
6068,8
6069,2
6070,2
6071,3
6072,2
6073,3
6074,7
6075,3
6076,4
6077,-4
6078,3
6079,1
6080,3
6081,1
6082,-2
6083,-2
6084,0
6085,5
6086,1
6087,0
6088,-3
6089,1
6090,2
6091,-4
6092,-2
6093,2
6094,0
6095,3
6096,-5
6097,-2
6098,3
6099,2
6100,4
6101,-1
6102,4
6103,1
6104,0
6105,2
6106,0
6107,3
6108,6
6109,7
6110,2
6111,-2
6112,2
6113,4
6114,0
6115,-3
6116,9
6117,7
6118,0
6119,3
6120,0
6121,0
6122,5
6123,3
6124,3
6125,4
6126,-4
6127,1
6128,-1
6129,6
6130,-3
6131,9
6132,1
6133,5
6134,2
6135,2
6136,4
6137,2
6138,5
6139,2
6140,-2
6141,4
6142,1
6143,0
6144,0
6145,-3
6146,1
6147,1
6148,2
6149,0
6150,9
6151,5
6152,0
6153,4
6154,5
6155,-1
6156,1
6157,-5
6158,4
6159,7
6160,1
6161,3
6162,0
6163,2
6164,2
6165,2
6166,4
6167,-2
6168,0
6169,3
6170,0
6171,0
6172,3
6173,4
6174,0
6175,-2
6176,2
6177,-5
6178,7
6179,5
6180,0
6181,1
6182,4
6183,5
6184,3
6185,2
6186,3
6187,-3
6188,4
6189,1
6190,1
6191,3
6192,2
6193,1
6194,3
6195,0
6196,1
6197,1
6198,2
6199,-2
6200,1
6201,-4
6202,0
6203,6
6204,-2
6205,4
6206,5
6207,2
6208,7
6209,1
6210,2
6211,0
6212,2
6213,3
6214,0
6215,4
6216,5
6217,0
6218,5
6219,-1
6220,3
6221,3
6222,3
6223,3
6224,4
6225,-1
6226,4
6227,3
6228,1
6229,2
6230,0
6231,1
6232,1
6233,0
6234,0
6235,-1
6236,3
6237,-4
6238,4
6239,3
6240,1
6241,0
6242,0
6243,5
6244,-4
6245,0
6246,4
6247,-4
6248,3
6249,3
6250,-1
6251,0
6252,3
6253,1
6254,-1
6255,-5
6256,1
6257,1
6258,-2
6259,6
6260,3
6261,4
6262,-4
6263,0
6264,3
6265,2
6266,3
6267,2
6268,7
6269,1
6270,4
6271,0
6272,3
6273,-3
6274,-4
6275,4
6276,-1
6277,0
6278,-2
6279,3
6280,6
6281,4
6282,3
6283,1
6284,4
6285,-6
6286,-1
6287,0
6288,0
6289,4
6290,-1
6291,2
6292,3
6293,4
6294,3
6295,-3
6296,5
6297,1
6298,0
6299,4
6300,1
6301,4
6302,4
6303,7
6304,0
6305,1
6306,3
6307,-2
6308,2
6309,2
6310,0
6311,-1
6312,4
6313,6
6314,-2
6315,0
6316,-1
6317,1
6318,-3
6319,0
6320,2
6321,2
6322,2
6323,-3
6324,5
6325,3
6326,-3
6327,2
6328,3
6329,3
6330,5
6331,0
6332,1
6333,4
6334,-1
6335,3
6336,-2
6337,10
6338,0
6339,3
6340,3
6341,1
6342,5
6343,1
6344,-1
6345,3
6346,-1
6347,4
6348,-1
6349,4
6350,2
6351,1
6352,2
6353,0
6354,0
6355,0
6356,-3
6357,3
6358,1
6359,1
6360,3
6361,3
6362,-1
6363,4
6364,3
6365,-1
6366,1
6367,2
6368,2
6369,2
6370,5
6371,2
6372,4
6373,4
6374,0
6375,6
6376,-29
6377,5
6378,-2
6379,0
6380,4
6381,3
6382,2
6383,2
6384,2
6385,4
6386,-1
6387,1
6388,2
6389,3
6390,4
6391,0
6392,4
6393,-3
6394,2
6395,14
6396,-1
6397,1
6398,0
6399,2
6400,-2
6401,1
6402,8
6403,-3
6404,0
6405,4
6406,-1
6407,4
6408,4
6409,2
6410,-2
6411,6
6412,1
6413,3
6414,4
6415,4
6416,0
6417,-2
6418,5
6419,4
6420,-5
6421,7
6422,2
6423,0
6424,2
6425,5
6426,5
6427,6
6428,1
6429,3
6430,0
6431,2
6432,3
6433,-4
6434,1
6435,0
6436,1
6437,-1
6438,0
6439,3
6440,2
6441,0
6442,-2
6443,-1
6444,1
6445,4
6446,-2
6447,0
6448,2
6449,0
6450,0
6451,-2
6452,6
6453,7
6454,-4
6455,6
6456,4
6457,0
6458,-1
6459,1
6460,3
6461,-1
6462,5
6463,1
6464,2
6465,-1
6466,5
6467,2
6468,1
6469,5
6470,0
6471,6
6472,1
6473,1
6474,-4
6475,1
6476,-4
6477,2
6478,2
6479,-2
6480,4
6481,1
6482,-4
6483,5
6484,5
6485,7
6486,-2
6487,2
6488,-2
6489,4
6490,6
6491,1
6492,5
6493,1
6494,1
6495,5
6496,1
6497,8
6498,4
6499,5
6500,-4
6501,-4
6502,-4
6503,2
6504,2
6505,6
6506,0
6507,-1
6508,3
6509,1
6510,-1
6511,9
6512,1
6513,-2
6514,0
6515,5
6516,7
6517,0
6518,-1
6519,3
6520,-2
6521,6
6522,2
6523,1
6524,1
6525,3
6526,5
6527,-2
6528,2
6529,-3
6530,-1
6531,2
6532,4
6533,-1
6534,2
6535,3
6536,3
6537,1
6538,3
6539,1
6540,4
6541,-2
6542,2
6543,-1
6544,4
6545,4
6546,-3
6547,1
6548,-1
6549,0
6550,3
6551,2
6552,-1
6553,0
6554,4
6555,4
6556,2
6557,5
6558,4
6559,1
6560,3
6561,-1
6562,8
6563,0
6564,0
6565,6
6566,0
6567,-2
6568,2
6569,3
6570,-2
6571,0
6572,-1
6573,0
6574,4
6575,3
6576,1
6577,-4
6578,2
6579,2
6580,1
6581,-1
6582,6
6583,-1
6584,0
6585,1
6586,0
6587,1
6588,5
6589,3
6590,3
6591,5
6592,1
6593,-1
6594,3
6595,1
6596,-4
6597,1
6598,-3
6599,3
6600,1
6601,3
6602,-1
6603,-1
6604,-1
6605,-3
6606,0
6607,4
6608,-1
6609,5
6610,-1
6611,-1
6612,3
6613,2
6614,8
6615,7
6616,7
6617,4
6618,5
6619,6
6620,-1
6621,5
6622,1
6623,-2
6624,-1
6625,-3
6626,4
6627,4
6628,2
6629,3
6630,3
6631,0
6632,3
6633,6
6634,0
6635,2
6636,5
6637,17
6638,1
6639,0
6640,7
6641,-1
6642,-1
6643,-2
6644,6
6645,-1
6646,4
6647,-2
6648,0
6649,1
6650,-3
6651,10
6652,-1
6653,2
6654,-1
6655,5
6656,0
6657,-4
6658,2
6659,-1
6660,2
6661,3
6662,5
6663,0
6664,-4
6665,3
6666,3
6667,1
6668,2
6669,2
6670,-1
6671,0
6672,2
6673,2
6674,7
6675,2
6676,0
6677,-1
6678,4
6679,1
6680,5
6681,-2
6682,0
6683,5
6684,1
6685,3
6686,4
6687,1
6688,3
6689,5
6690,4
6691,3
6692,0
6693,9
6694,0
6695,2
6696,-1
6697,2
6698,-1
6699,4
6700,0
6701,-4
6702,0
6703,3
6704,3
6705,5
6706,2
6707,5
6708,4
6709,4
6710,4
6711,3
6712,2
6713,4
6714,4
6715,-4
6716,-2
6717,-3
6718,0
6719,3
6720,-1
6721,6
6722,-4
6723,8
6724,5
6725,2
6726,2
6727,1
6728,3
6729,2
6730,4
6731,0
6732,7
6733,3
6734,4
6735,4
6736,3
6737,1
6738,3
6739,3
6740,-1
6741,2
6742,-4
6743,3
6744,1
6745,4
6746,-2
6747,4
6748,-4
6749,7
6750,2
6751,-1
6752,-1
6753,3
6754,-1
6755,-1
6756,2
6757,-2
6758,0
6759,-1
6760,2
6761,-1
6762,-2
6763,-2
6764,3
6765,-2
6766,5
6767,3
6768,5
6769,6
6770,0
6771,0
6772,2
6773,-1
6774,2
6775,5
6776,-1
6777,4
6778,-1
6779,4
6780,-1
6781,1
6782,2
6783,0
6784,2
6785,1
6786,-3
6787,0
6788,2
6789,2
6790,-2
6791,3
6792,5
6793,4
6794,-1
6795,7
6796,-4
6797,-1
6798,-5
6799,1
6800,5
6801,1
6802,2
6803,4
6804,-3
6805,3
6806,5
6807,-1
6808,3
6809,2
6810,-3
6811,1
6812,4
6813,0
6814,0
6815,0
6816,2
6817,9
6818,1
6819,2
6820,4
6821,2
6822,0
6823,-1
6824,3
6825,0
6826,4
6827,3
6828,-9
6829,2
6830,2
6831,2
6832,7
6833,0
6834,1
6835,-1
6836,2
6837,-2
6838,3
6839,1
6840,2
6841,3
6842,-1
6843,5
6844,-2
6845,-1
6846,0
6847,0
6848,2
6849,3
6850,0
6851,1
6852,2
6853,2
6854,6
6855,2
6856,5
6857,-3
6858,1
6859,7
6860,-2
6861,3
6862,-6
6863,10
6864,-2
6865,-1
6866,4
6867,6
6868,6
6869,0
6870,-1
6871,2
6872,6
6873,3
6874,0
6875,2
6876,6
6877,-2
6878,2
6879,4
6880,-1
6881,4
6882,3
6883,-2
6884,0
6885,4
6886,4
6887,3
6888,-1
6889,2
6890,2
6891,3
6892,14
6893,1
6894,-1
6895,0
6896,7
6897,2
6898,0
6899,-2
6900,-2
6901,5
6902,8
6903,7
6904,1
6905,1
6906,-2
6907,2
6908,11
6909,-1
6910,0
6911,1
6912,10
6913,8
6914,2
6915,-4
6916,4
6917,2
6918,6
6919,1
6920,-2
6921,-1
6922,2
6923,-2
6924,-4
6925,1
6926,2
6927,-1
6928,1
6929,2
6930,-2
6931,-1
6932,-4
6933,10
6934,1
6935,-3
6936,3
6937,-4
6938,-1
6939,-2
6940,2
6941,-2
6942,2
6943,4
6944,1
6945,8
6946,4
6947,-4
6948,1
6949,-4
6950,3
6951,2
6952,5
6953,0
6954,0
6955,1
6956,4
6957,3
6958,-1
6959,-1
6960,3
6961,6
6962,0
6963,-1
6964,-1
6965,1
6966,-1
6967,1
6968,0
6969,2
6970,3
6971,4
6972,4
6973,7
6974,0
6975,8
6976,1
6977,1
6978,-3
6979,4
6980,-2
6981,-1
6982,3
6983,4
6984,3
6985,-1
6986,-1
6987,1
6988,-1
6989,4
6990,5
6991,5
6992,3
6993,-3
6994,-5
6995,6
6996,5
6997,-2
6998,5
6999,5
7000,4
7001,2
7002,5
7003,-1
7004,3
7005,1
7006,5
7007,2
7008,-1
7009,3
7010,-4
7011,1
7012,2
7013,0
7014,0
7015,6
7016,1
7017,-1
7018,5
7019,-1
7020,2
7021,-2
7022,3
7023,-3
7024,2
7025,8
7026,1
7027,2
7028,4
7029,-6
7030,5
7031,4
7032,3
7033,-6
7034,2
7035,3
7036,3
7037,6
7038,5
7039,4
7040,-1
7041,3
7042,2
7043,0
7044,3
7045,1
7046,0
7047,1
7048,2
7049,5
7050,1
7051,2
7052,-3
7053,0
7054,-2
7055,6
7056,2
7057,2
7058,-1
7059,2
7060,7
7061,-1
7062,4
7063,-4
7064,2
7065,3
7066,2
7067,1
7068,9
7069,3
7070,4
7071,0
7072,-1
7073,-1
7074,12
7075,9
7076,1
7077,5
7078,-3
7079,5
7080,3
7081,-1
7082,8
7083,4
7084,-4
7085,16
7086,0
7087,4
7088,0
7089,-2
7090,3
7091,-4
7092,8
7093,-1
7094,2
7095,3
7096,2
7097,0
7098,-3
7099,8
7100,1
7101,0
7102,1
7103,0
7104,1
7105,4
7106,-2
7107,1
7108,1
7109,-3
7110,-1
7111,7
7112,-4
7113,3
7114,4
7115,0
7116,4
7117,1
7118,2
7119,-3
7120,0
7121,-1
7122,-4
7123,6
7124,2
7125,3
7126,-1
7127,-3
7128,-1
7129,-1
7130,-2
7131,4
7132,0
7133,-1
7134,0
7135,-1
7136,4
7137,5
7138,2
7139,-4
7140,3
7141,-1
7142,-1
7143,4
7144,-4
7145,0
7146,-2
7147,6
7148,2
7149,0
7150,9
7151,4
7152,-3
7153,3
7154,1
7155,4
7156,1
7157,3
7158,1
7159,-1
7160,-1
7161,4
7162,-2
7163,3
7164,0
7165,-2
7166,0
7167,0
7168,-4
7169,-6
7170,3
7171,-4
7172,11
7173,0
7174,1
7175,4
7176,5
7177,3
7178,2
7179,3
7180,2
7181,4
7182,-3
7183,3
7184,3
7185,-2
7186,3
7187,1
7188,5
7189,2
7190,6
7191,0
7192,-3
7193,0
7194,4
7195,0
7196,6
7197,2
7198,-4
7199,3
7200,2
7201,8
7202,2
7203,8
7204,0
7205,-1
7206,4
7207,3
7208,0
7209,2
7210,2
7211,-6
7212,-3
7213,-1
7214,0
7215,-5
7216,0
7217,6
7218,0
7219,-1
7220,3
7221,4
7222,8
7223,1
7224,4
7225,-1
7226,-9
7227,3
7228,-2
7229,2
7230,4
7231,0
7232,0
7233,-5
7234,4
7235,3
7236,5
7237,2
7238,5
7239,0
7240,-3
7241,0
7242,2
7243,4
7244,-2
7245,-1
7246,-3
7247,1
7248,0
7249,0
7250,1
7251,1
7252,5
7253,0
7254,-2
7255,1
7256,2
7257,0
7258,0
7259,1
7260,2
7261,2
7262,1
7263,-2
7264,4
7265,7
7266,1
7267,1
7268,-3
7269,-1
7270,5
7271,-2
7272,1
7273,3
7274,1
7275,4
7276,0
7277,3
7278,-1
7279,0
7280,-2
7281,7
7282,3
7283,-1
7284,0
7285,6
7286,9
7287,1
7288,0
7289,1
7290,3
7291,6
7292,4
7293,2
7294,-2
7295,1
7296,0
7297,0
7298,15
7299,1
7300,3
7301,-1
7302,14
7303,-1
7304,3
7305,0
7306,4
7307,0
7308,2
7309,7
7310,4
7311,-2
7312,-1
7313,0
7314,1
7315,5
7316,2
7317,1
7318,3
7319,3
7320,3
7321,3
7322,8
7323,-3
7324,4
7325,0
7326,3
7327,2
7328,1
7329,3
7330,2
7331,5
7332,-6
7333,-1
7334,3
7335,6
7336,8
7337,-2
7338,2
7339,-1
7340,1
7341,-1
7342,-4
7343,3
7344,3
7345,2
7346,-2
7347,-3
7348,0
7349,-1
7350,-2
7351,2
7352,3
7353,3
7354,3
7355,0
7356,-1
7357,3
7358,7
7359,-2
7360,0
7361,5
7362,3
7363,1
7364,-1
7365,5
7366,6
7367,1
7368,3
7369,-2
7370,-2
7371,2
7372,1
7373,6
7374,5
7375,2
7376,1
7377,3
7378,2
7379,0
7380,0
7381,2
7382,4
7383,-1
7384,-1
7385,7
7386,2
7387,3
7388,0
7389,1
7390,1
7391,4
7392,5
7393,1
7394,-2
7395,3
7396,6
7397,1
7398,0
7399,-3
7400,5
7401,8
7402,1
7403,0
7404,6
7405,7
7406,7
7407,0
7408,5
7409,-4
7410,1
7411,-1
7412,4
7413,5
7414,-1
7415,-3
7416,1
7417,-1
7418,-3
7419,-2
7420,-4
7421,1
7422,0
7423,2
7424,0
7425,1
7426,4
7427,5
7428,-1
7429,2
7430,4
7431,1
7432,3
7433,-6
7434,3
7435,1
7436,3
7437,0
7438,4
7439,0
7440,3
7441,7
7442,1
7443,2
7444,0
7445,2
7446,3
7447,0
7448,1
7449,1
7450,2
7451,2
7452,2
7453,2
7454,-1
7455,4
7456,7
7457,7
7458,4
7459,6
7460,3
7461,-1
7462,-3
7463,2
7464,3
7465,2
7466,4
7467,0
7468,-1
7469,2
7470,2
7471,2
7472,1
7473,0
7474,3
7475,2
7476,4
7477,2
7478,5
7479,1
7480,0
7481,1
7482,0
7483,-1
7484,3
7485,2
7486,3
7487,1
7488,2
7489,-2
7490,4
7491,-4
7492,3
7493,2
7494,3
7495,0
7496,-2
7497,0
7498,6
7499,0
7500,1
7501,0
7502,3
7503,-2
7504,-2
7505,1
7506,-2
7507,-4
7508,3
7509,1
7510,1
7511,1
7512,3
7513,3
7514,2
7515,2
7516,2
7517,-2
7518,1
7519,-3
7520,1
7521,-3
7522,2
7523,4
7524,2
7525,-2
7526,3
7527,0
7528,2
7529,3
7530,3
7531,-1
7532,1
7533,1
7534,6
7535,2
7536,1
7537,5
7538,4
7539,3
7540,5
7541,0
7542,7
7543,5
7544,7
7545,2
7546,4
7547,-3
7548,4
7549,6
7550,6
7551,-2
7552,-1
7553,1
7554,-1
7555,1
7556,5
7557,1
7558,0
7559,-1
7560,-3
7561,0
7562,4
7563,8
7564,-3
7565,3
7566,-1
7567,2
7568,5
7569,2
7570,3
7571,-3
7572,2
7573,0
7574,1
7575,-1
7576,0
7577,-5
7578,0
7579,7
7580,1
7581,0
7582,-3
7583,2
7584,3
7585,1
7586,0
7587,5
7588,0
7589,1
7590,2
7591,0
7592,0
7593,0
7594,7
7595,-1
7596,1
7597,4
7598,-1
7599,4
7600,7
7601,5
7602,-1
7603,0
7604,-4
7605,-1
7606,4
7607,3
7608,6
7609,2
7610,3
7611,5
7612,0
7613,2
7614,1
7615,3
7616,-1
7617,4
7618,0
7619,3
7620,0
7621,0
7622,1
7623,-5
7624,-4
7625,4
7626,0
7627,6
7628,4
7629,4
7630,2
7631,4
7632,-1
7633,2
7634,4
7635,0
7636,2
7637,-4
7638,0
7639,1
7640,1
7641,1
7642,3
7643,0
7644,5
7645,1
7646,-4
7647,0
7648,1
7649,3
7650,-3
7651,2
7652,9
7653,5
7654,-2
7655,-9
7656,2
7657,1
7658,3
7659,3
7660,2
7661,4
7662,1
7663,0
7664,1
7665,2
7666,-1
7667,2
7668,3
7669,0
7670,7
7671,-2
7672,3
7673,5
7674,-1
7675,0
7676,4
7677,4
7678,-1
7679,0
7680,2
7681,1
7682,-1
7683,1
7684,-1
7685,-1
7686,-3
7687,0
7688,2
7689,0
7690,-1
7691,-8
7692,3
7693,4
7694,6
7695,-2
7696,0
7697,2
7698,2
7699,-2
7700,1
7701,-5
7702,8
7703,-1
7704,5
7705,2
7706,2
7707,4
7708,3
7709,8
7710,2
7711,2
7712,-11
7713,2
7714,0
7715,2
7716,0
7717,1
7718,4
7719,-3
7720,2
7721,2
7722,2
7723,-3
7724,3
7725,0
7726,-1
7727,0
7728,1
7729,3
7730,2
7731,1
7732,-2
7733,5
7734,-4
7735,0
7736,1
7737,8
7738,0
7739,2
7740,4
7741,1
7742,-2
7743,5
7744,-6
7745,3
7746,5
7747,0
7748,1
7749,6
7750,6
7751,1
7752,0
7753,-1
7754,7
7755,2
7756,2
7757,2
7758,5
7759,4
7760,6
7761,2
7762,1
7763,5
7764,2
7765,1
7766,1
7767,-1
7768,3
7769,-1
7770,4
7771,0
7772,1
7773,-1
7774,0
7775,4
7776,-3
7777,-1
7778,0
7779,6
7780,4
7781,4
7782,5
7783,5
7784,-1
7785,3
7786,-3
7787,0
7788,2
7789,1
7790,12
7791,9
7792,-2
7793,1
7794,4
7795,5
7796,4
7797,3
7798,2
7799,0
7800,2
7801,4
7802,7
7803,2
7804,3
7805,6
7806,3
7807,7
7808,-1
7809,6
7810,-5
7811,3
7812,1
7813,1
7814,0
7815,0
7816,2
7817,0
7818,0
7819,12
7820,0
7821,6
7822,3
7823,0
7824,-3
7825,1
7826,1
7827,2
7828,0
7829,-7
7830,2
7831,0
7832,11
7833,1
7834,-2
7835,0
7836,0
7837,0
7838,3
7839,1
7840,-1
7841,1
7842,-2
7843,-3
7844,5
7845,3
7846,4
7847,1
7848,3
7849,0
7850,1
7851,-1
7852,2
7853,0
7854,0
7855,-2
7856,-2
7857,-1
7858,3
7859,3
7860,-2
7861,1
7862,1
7863,0
7864,2
7865,5
7866,3
7867,1
7868,6
7869,5
7870,0
7871,-2
7872,3
7873,1
7874,3
7875,-2
7876,0
7877,3
7878,3
7879,0
7880,2
7881,4
7882,2
7883,-1
7884,-1
7885,2
7886,-3
7887,-2
7888,5
7889,6
7890,0
7891,-3
7892,3
7893,3
7894,6
7895,7
7896,4
7897,4
7898,2
7899,-2
7900,-4
7901,0
7902,2
7903,0
7904,1
7905,-1
7906,2
7907,-2
7908,4
7909,-1
7910,0
7911,-3
7912,2
7913,3
7914,5
7915,1
7916,5
7917,-5
7918,2
7919,-3
7920,-3
7921,0
7922,-2
7923,1
7924,3
7925,-8
7926,-1
7927,4
7928,-2
7929,2
7930,3
7931,-1
7932,6
7933,4
7934,5
7935,-1
7936,4
7937,-1
7938,0
7939,0
7940,6
7941,-2
7942,3
7943,0
7944,3
7945,3
7946,0
7947,5
7948,6
7949,-1
7950,3
7951,2
7952,3
7953,2
7954,4
7955,-1
7956,0
7957,2
7958,3
7959,2
7960,3
7961,2
7962,-4
7963,1
7964,5
7965,2
7966,-2
7967,1
7968,3
7969,2
7970,6
7971,3
7972,-4
7973,-2
7974,2
7975,3
7976,1
7977,4
7978,-1
7979,3
7980,2
7981,-2
7982,4
7983,1
7984,6
7985,-2
7986,0
7987,1
7988,0
7989,-4
7990,7
7991,0
7992,3
7993,3
7994,1
7995,-1
7996,3
7997,4
7998,-2
7999,1
8000,1
8001,5
8002,-6
8003,-1
8004,1
8005,0
8006,0
8007,3
8008,-6
8009,3
8010,3
8011,1
8012,-2
8013,-1
8014,-2
8015,-1
8016,0
8017,3
8018,1
8019,8
8020,-5
8021,4
8022,1
8023,1
8024,4
8025,-3
8026,5
8027,1
8028,6
8029,-3
8030,1
8031,6
8032,-3
8033,-1
8034,0
8035,1
8036,2
8037,2
8038,2
8039,2
8040,3
8041,2
8042,-1
8043,-2
8044,2
8045,0
8046,-1
8047,-1
8048,10
8049,-2
8050,1
8051,4
8052,3
8053,5
8054,-1
8055,4
8056,2
8057,-1
8058,-1
8059,4
8060,1
8061,1
8062,3
8063,4
8064,0
8065,-3
8066,4
8067,-5
8068,2
8069,-4
8070,2
8071,4
8072,1
8073,1
8074,2
8075,3
8076,6
8077,0
8078,3
8079,-3
8080,4
8081,-4
8082,2
8083,2
8084,3
8085,1
8086,2
8087,3
8088,5
8089,2
8090,-5
8091,1
8092,4
8093,2
8094,1
8095,2
8096,1
8097,4
8098,2
8099,-3
8100,4
8101,1
8102,-1
8103,-2
8104,-2
8105,-1
8106,-1
8107,-2
8108,4
8109,2
8110,3
8111,-3
8112,-1
8113,-2
8114,1
8115,7
8116,2
8117,2
8118,6
8119,1
8120,7
8121,-2
8122,2
8123,5
8124,4
8125,2
8126,3
8127,-1
8128,1
8129,0
8130,2
8131,-1
8132,3
8133,1
8134,1
8135,-1
8136,11
8137,-4
8138,-3
8139,2
8140,0
8141,3
8142,2
8143,2
8144,0
8145,0
8146,-2
8147,3
8148,2
8149,4
8150,3
8151,5
8152,3
8153,0
8154,-3
8155,2
8156,4
8157,1
8158,5
8159,3
8160,2
8161,3
8162,4
8163,3
8164,-4
8165,2
8166,1
8167,-2
8168,5
8169,4
8170,-2
8171,4
8172,-3
8173,2
8174,4
8175,5
8176,1
8177,7
8178,2
8179,-2
8180,-1
8181,2
8182,0
8183,-4
8184,4
8185,7
8186,4
8187,-1
8188,3
8189,1
8190,6
8191,2
8192,3
8193,0
8194,2
8195,3
8196,3
8197,0
8198,2
8199,1
8200,0
8201,2
8202,4
8203,-2
8204,6
8205,2
8206,4
8207,6
8208,0
8209,1
8210,-2
8211,5
8212,-2
8213,-2
8214,6
8215,3
8216,-3
8217,9
8218,1
8219,4
8220,5
8221,1
8222,2
8223,3
8224,3
8225,4
8226,3
8227,-4
8228,0
8229,2
8230,4
8231,-6
8232,3
8233,8
8234,7
8235,0
8236,2
8237,1
8238,-2
8239,6
8240,1
8241,-2
8242,4
8243,-1
8244,6
8245,4
8246,10
8247,0
8248,-1
8249,0
8250,2
8251,0
8252,0
8253,2
8254,2
8255,1
8256,2
8257,2
8258,-2
8259,-3
8260,7
8261,0
8262,2
8263,1
8264,-1
8265,2
8266,6
8267,3
8268,1
8269,0
8270,1
8271,1
8272,1
8273,5
8274,3
8275,-2
8276,1
8277,-3
8278,6
8279,1
8280,11
8281,-2
8282,-4
8283,3
8284,6
8285,14
8286,-1
8287,3
8288,-1
8289,-2
8290,-1
8291,1
8292,3
8293,4
8294,-1
8295,-3
8296,8
8297,-2
8298,4
8299,3
8300,1
8301,9
8302,3
8303,-1
8304,2
8305,3
8306,-3
8307,5
8308,0
8309,-2
8310,4
8311,1
8312,2
8313,5
8314,1
8315,2
8316,2
8317,5
8318,1
8319,3
8320,0
8321,2
8322,-1
8323,0
8324,6
8325,6
8326,3
8327,4
8328,1
8329,8
8330,4
8331,1
8332,8
8333,5
8334,2
8335,2
8336,2
8337,2
8338,5
8339,1
8340,2
8341,3
8342,-4
8343,3
8344,2
8345,8
8346,4
8347,2
8348,1
8349,-3
8350,0
8351,2
8352,5
8353,4
8354,2
8355,2
8356,1
8357,-2
8358,3
8359,0
8360,-3
8361,2
8362,0
8363,1
8364,-1
8365,4
8366,1
8367,6
8368,5
8369,-4
8370,2
8371,6
8372,-3
8373,3
8374,-5
8375,-1
8376,6
8377,4
8378,6
8379,0
8380,1
8381,7
8382,6
8383,0
8384,-1
8385,3
8386,1
8387,-2
8388,-3
8389,-1
8390,3
8391,1
8392,2
8393,0
8394,0
8395,3
8396,3
8397,2
8398,1
8399,-1
8400,0
8401,2
8402,6
8403,3
8404,3
8405,-1
8406,2
8407,3
8408,-1
8409,-7
8410,0
8411,0
8412,4
8413,2
8414,2
8415,1
8416,13
8417,3
8418,0
8419,3
8420,4
8421,-2
8422,-2
8423,1
8424,0
8425,-4
8426,0
8427,2
8428,0
8429,4
8430,-1
8431,-1
8432,11
8433,-2
8434,0
8435,5
8436,-1
8437,4
8438,0
8439,1
8440,1
8441,4
8442,1
8443,0
8444,0
8445,-1
8446,4
8447,2
8448,2
8449,4
8450,1
8451,1
8452,3
8453,1
8454,6
8455,0
8456,4
8457,1
8458,-1
8459,-1
8460,7
8461,4
8462,1
8463,2
8464,1
8465,1
8466,-1
8467,0
8468,1
8469,7
8470,-2
8471,0
8472,8
8473,2
8474,3
8475,-1
8476,0
8477,5
8478,3
8479,3
8480,7
8481,2
8482,0
8483,-1
8484,0
8485,5
8486,1
8487,5
8488,-1
8489,-3
8490,3
8491,3
8492,2
8493,0
8494,2
8495,8
8496,3
8497,6
8498,4
8499,4
8500,13
8501,0
8502,1
8503,3
8504,1
8505,0
8506,5
8507,1
8508,3
8509,4
8510,-2
8511,-1
8512,0
8513,-1
8514,-3
8515,10
8516,-2
8517,0
8518,7
8519,2
8520,-4
8521,5
8522,-2
8523,3
8524,1
8525,4
8526,2
8527,4
8528,0
8529,-2
8530,4
8531,1
8532,-2
8533,4
8534,5
8535,0
8536,4
8537,3
8538,1
8539,4
8540,-3
8541,-4
8542,3
8543,2
8544,1
8545,-6
8546,1
8547,-6
8548,4
8549,4
8550,-3
8551,1
8552,-2
8553,-2
8554,3
8555,0
8556,-5
8557,4
8558,0
8559,1
8560,-1
8561,3
8562,2
8563,1
8564,2
8565,2
8566,0
8567,-6
8568,-2
8569,12
8570,-1
8571,1
8572,0
8573,3
8574,-1
8575,2
8576,3
8577,2
8578,2
8579,-2
8580,0
8581,0
8582,1
8583,5
8584,-4
8585,6
8586,0
8587,2
8588,4
8589,2
8590,-2
8591,4
8592,2
8593,2
8594,5
8595,0
8596,2
8597,4
8598,2
8599,-3
8600,6
8601,1
8602,1
8603,3
8604,7
8605,-1
8606,2
8607,2
8608,-1
8609,1
8610,6
8611,1
8612,-2
8613,3
8614,1
8615,0
8616,5
8617,1
8618,-2
8619,-2
8620,4
8621,-2
8622,5
8623,-2
8624,1
8625,1
8626,2
8627,-2
8628,1
8629,0
8630,6
8631,3
8632,2
8633,-4
8634,-1
8635,3
8636,4
8637,1
8638,3
8639,0
8640,-2
8641,4
8642,4
8643,6
8644,1
8645,1
8646,-3
8647,3
8648,-5
8649,2
8650,0
8651,2
8652,1
8653,0
8654,3
8655,-4
8656,4
8657,3
8658,0
8659,4
8660,-3
8661,2
8662,2
8663,2
8664,1
8665,5
8666,2
8667,-2
8668,-2
8669,4
8670,2
8671,3
8672,6
8673,2
8674,0
8675,-1
8676,1
8677,1
8678,1
8679,3
8680,3
8681,13
8682,3
8683,4
8684,-4
8685,0
8686,2
8687,0
8688,-3
8689,5
8690,3
8691,3
8692,6
8693,2
8694,7
8695,4
8696,0
8697,8
8698,1
8699,2
8700,-2
8701,4
8702,6
8703,3
8704,1
8705,5
8706,2
8707,3
8708,0
8709,3
8710,1
8711,2
8712,-1
8713,2
8714,-2
8715,4
8716,0
8717,4
8718,10
8719,3
8720,-2
8721,4
8722,2
8723,2
8724,1
8725,5
8726,4
8727,1
8728,2
8729,3
8730,2
8731,5
8732,3
8733,0
8734,0
8735,3
8736,0
8737,-1
8738,1
8739,4
8740,2
8741,-1
8742,-2
8743,0
8744,0
8745,4
8746,5
8747,4
8748,2
8749,-6
8750,-1
8751,0
8752,0
8753,-2
8754,-2
8755,2
8756,6
8757,3
8758,4
8759,6
8760,6
8761,6
8762,4
8763,6
8764,4
8765,0
8766,1
8767,2
8768,5
8769,4
8770,7
8771,5
8772,-1
8773,4
8774,3
8775,4
8776,7
8777,-2
8778,5
8779,0
8780,3
8781,6
8782,2
8783,3
8784,5
8785,2
8786,-1
8787,0
8788,3
8789,2
8790,-2
8791,6
8792,5
8793,-3
8794,0
8795,3
8796,-7
8797,2
8798,1
8799,0
8800,3
8801,-2
8802,0
8803,4
8804,5
8805,0
8806,-2
8807,4
8808,5
8809,0
8810,1
8811,2
8812,-1
8813,1
8814,5
8815,0
8816,1
8817,-1
8818,3
8819,-4
8820,3
8821,-3
8822,-2
8823,4
8824,-2
8825,0
8826,0
8827,0
8828,1
8829,5
8830,2
8831,2
8832,0
8833,-2
8834,5
8835,2
8836,4
8837,-5
8838,5
8839,8
8840,-2
8841,1
8842,0
8843,2
8844,4
8845,5
8846,-1
8847,0
8848,1
8849,1
8850,2
8851,-1
8852,-2
8853,-3
8854,-1
8855,0
8856,3
8857,5
8858,5
8859,3
8860,1
8861,2
8862,-3
8863,1
8864,1
8865,0
8866,1
8867,2
8868,4
8869,-7
8870,0
8871,4
8872,4
8873,5
8874,4
8875,3
8876,-3
8877,4
8878,2
8879,1
8880,3
8881,3
8882,-1
8883,-3
8884,1
8885,3
8886,3
8887,10
8888,-1
8889,3
8890,1
8891,-1
8892,3
8893,-1
8894,-1
8895,1
8896,2
8897,11
8898,-6
8899,7
8900,2
8901,-1
8902,4
8903,3
8904,6
8905,1
8906,3
8907,2
8908,5
8909,0
8910,6
8911,4
8912,1
8913,-1
8914,1
8915,5
8916,5
8917,2
8918,1
8919,1
8920,-2
8921,5
8922,2
8923,10
8924,3
8925,5
8926,2
8927,3
8928,0
8929,4
8930,-6
8931,3
8932,2
8933,6
8934,-4
8935,3
8936,0
8937,7
8938,-2
8939,1
8940,7
8941,1
8942,2
8943,0
8944,2
8945,-1
8946,4
8947,-2
8948,3
8949,2
8950,0
8951,1
8952,3
8953,0
8954,4
8955,-2
8956,1
8957,1
8958,6
8959,4
8960,-4
8961,0
8962,5
8963,-1
8964,-1
8965,-3
8966,0
8967,4
8968,5
8969,6
8970,3
8971,-3
8972,4
8973,-1
8974,3
8975,1
8976,4
8977,-1
8978,0
8979,4
8980,1
8981,6
8982,1
8983,0
8984,4
8985,1
8986,0
8987,2
8988,3
8989,3
8990,-2
8991,3
8992,0
8993,0
8994,-1
8995,0
8996,5
8997,0
8998,1
8999,1
9000,0
9001,2
9002,2
9003,-1
9004,1
9005,1
9006,5
9007,0
9008,-3
9009,-6
9010,7
9011,2
9012,2
9013,3
9014,1
9015,3
9016,-2
9017,2
9018,2
9019,7
9020,5
9021,4
9022,2
9023,3
9024,-3
9025,2
9026,2
9027,5
9028,3
9029,9
9030,1
9031,0
9032,0
9033,1
9034,6
9035,-2
9036,2
9037,0
9038,-5
9039,2
9040,2
9041,3
9042,4
9043,1
9044,1
9045,1
9046,3
9047,-1
9048,4
9049,3
9050,-1
9051,1
9052,1
9053,2
9054,-2
9055,3
9056,-1
9057,1
9058,1
9059,-1
9060,4
9061,0
9062,-1
9063,-2
9064,4
9065,3
9066,1
9067,-4
9068,2
9069,3
9070,3
9071,2
9072,3
9073,0
9074,4
9075,3
9076,2
9077,-6
9078,3
9079,1
9080,-2
9081,4
9082,0
9083,0
9084,7
9085,-1
9086,0
9087,5
9088,6
9089,3
9090,3
9091,4
9092,5
9093,3
9094,5
9095,-6
9096,-5
9097,-1
9098,5
9099,6
9100,0
9101,0
9102,4
9103,1
9104,3
9105,3
9106,4
9107,-2
9108,2
9109,-3
9110,0
9111,4
9112,5
9113,-4
9114,2
9115,2
9116,3
9117,3
9118,1
9119,0
9120,5
9121,4
9122,9
9123,-3
9124,1
9125,2
9126,0
9127,2
9128,3
9129,3
9130,1
9131,2
9132,-4
9133,1
9134,3
9135,8
9136,3
9137,6
9138,-5
9139,-2
9140,2
9141,1
9142,7
9143,7
9144,2
9145,2
9146,0
9147,-4
9148,-1
9149,1
9150,4
9151,2
9152,5
9153,2
9154,4
9155,1
9156,-2
9157,2
9158,3
9159,1
9160,4
9161,1
9162,-3
9163,4
9164,3
9165,-1
9166,6
9167,-1
9168,3
9169,4
9170,-2
9171,2
9172,-3
9173,-1
9174,7
9175,0
9176,-2
9177,4
9178,7
9179,7
9180,-2
9181,2
9182,3
9183,-2
9184,2
9185,-1
9186,0
9187,2
9188,2
9189,-2
9190,-2
9191,-3
9192,-4
9193,3
9194,-3
9195,3
9196,2
9197,-3
9198,6
9199,7
9200,-1
9201,-2
9202,-2
9203,5
9204,2
9205,-1
9206,-3
9207,2
9208,0
9209,-1
9210,5
9211,1
9212,5
9213,-4
9214,6
9215,-1
9216,-4
9217,2
9218,3
9219,4
9220,5
9221,1
9222,0
9223,3
9224,0
9225,2
9226,0
9227,2
9228,5
9229,5
9230,2
9231,2
9232,1
9233,1
9234,-3
9235,2
9236,0
9237,-16
9238,2
9239,1
9240,1
9241,6
9242,-3
9243,-1
9244,-3
9245,5
9246,0
9247,0
9248,0
9249,1
9250,2
9251,-2
9252,1
9253,3
9254,4
9255,2
9256,1
9257,-1
9258,2
9259,2
9260,-2
9261,-2
9262,4
9263,0
9264,-3
9265,-10
9266,1
9267,-1
9268,3
9269,4
9270,-2
9271,2
9272,-5
9273,2
9274,7
9275,-1
9276,4
9277,-2
9278,0
9279,3
9280,1
9281,5
9282,6
9283,1
9284,0
9285,0
9286,-3
9287,2
9288,5
9289,1
9290,0
9291,2
9292,1
9293,4
9294,-3
9295,1
9296,3
9297,6
9298,5
9299,3
9300,0
9301,5
9302,4
9303,6
9304,2
9305,2
9306,4
9307,3
9308,3
9309,3
9310,1
9311,4
9312,1
9313,2
9314,-4
9315,8
9316,-1
9317,1
9318,3
9319,1
9320,0
9321,1
9322,-3
9323,3
9324,1
9325,0
9326,-3
9327,4
9328,3
9329,8
9330,0
9331,6
9332,6
9333,2
9334,-1
9335,0
9336,2
9337,3
9338,10
9339,-1
9340,-3
9341,1
9342,1
9343,4
9344,2
9345,0
9346,1
9347,-2
9348,3
9349,-4
9350,2
9351,1
9352,-1
9353,2
9354,0
9355,3
9356,3
9357,5
9358,1
9359,0
9360,5
9361,-3
9362,0
9363,3
9364,-4
9365,6
9366,3
9367,0
9368,-3
9369,3
9370,1
9371,0
9372,3
9373,-2
9374,-2
9375,-1
9376,2
9377,1
9378,0
9379,2
9380,7
9381,3
9382,9
9383,-1
9384,-1
9385,4
9386,5
9387,-3
9388,3
9389,3
9390,-1
9391,-4
9392,-4
9393,-1
9394,0
9395,3
9396,-1
9397,5
9398,5
9399,1
9400,4
9401,1
9402,0
9403,-2
9404,6
9405,2
9406,4
9407,0
9408,4
9409,-1
9410,2
9411,7
9412,-2
9413,0
9414,4
9415,5
9416,-1
9417,-2
9418,5
9419,0
9420,3
9421,1
9422,5
9423,2
9424,-4
9425,0
9426,1
9427,7
9428,5
9429,3
9430,0
9431,-2
9432,0
9433,4
9434,-1
9435,3
9436,2
9437,3
9438,-4
9439,5
9440,-1
9441,0
9442,2
9443,0
9444,3
9445,-2
9446,5
9447,3
9448,5
9449,-3
9450,9
9451,3
9452,3
9453,3
9454,-5
9455,-2
9456,1
9457,1
9458,2
9459,2
9460,9
9461,1
9462,3
9463,2
9464,3
9465,10
9466,1
9467,5
9468,1
9469,-2
9470,5
9471,2
9472,2
9473,1
9474,4
9475,3
9476,3
9477,1
9478,0
9479,1
9480,2
9481,1
9482,4
9483,-5
9484,-4
9485,1
9486,1
9487,-1
9488,3
9489,2
9490,1
9491,8
9492,6
9493,4
9494,6
9495,1
9496,5
9497,1
9498,3
9499,2
9500,2
9501,1
9502,5
9503,4
9504,4
9505,0
9506,2
9507,1
9508,-1
9509,0
9510,3
9511,-1
9512,-1
9513,4
9514,-1
9515,-3
9516,0
9517,5
9518,4
9519,5
9520,4
9521,-1
9522,2
9523,7
9524,-1
9525,10
9526,-3
9527,0
9528,3
9529,-4
9530,1
9531,-1
9532,5
9533,3
9534,2
9535,3
9536,5
9537,3
9538,-1
9539,-1
9540,2
9541,1
9542,3
9543,8
9544,4
9545,0
9546,-2
9547,-2
9548,-1
9549,0
9550,1
9551,0
9552,4
9553,-1
9554,-2
9555,1
9556,-1
9557,3
9558,3
9559,6
9560,3
9561,2
9562,3
9563,6
9564,1
9565,0
9566,-2
9567,4
9568,3
9569,1
9570,1
9571,4
9572,2
9573,1
9574,1
9575,-2
9576,3
9577,2
9578,3
9579,1
9580,5
9581,-15
9582,-1
9583,4
9584,-2
9585,2
9586,3
9587,3
9588,3
9589,2
9590,0
9591,-1
9592,-7
9593,1
9594,-2
9595,0
9596,2
9597,3
9598,5
9599,-1
9600,6
9601,7
9602,3
9603,2
9604,2
9605,1
9606,0
9607,4
9608,3
9609,7
9610,-1
9611,2
9612,6
9613,0
9614,1
9615,3
9616,-2
9617,4
9618,0
9619,5
9620,7
9621,3
9622,3
9623,3
9624,2
9625,4
9626,3
9627,3
9628,0
9629,1
9630,2
9631,3
9632,3
9633,4
9634,8
9635,0
9636,1
9637,1
9638,1
9639,3
9640,-1
9641,4
9642,1
9643,3
9644,4
9645,9
9646,-2
9647,1
9648,1
9649,-4
9650,2
9651,2
9652,2
9653,4
9654,1
9655,-1
9656,4
9657,2
9658,1
9659,2
9660,2
9661,0
9662,3
9663,1
9664,1
9665,8
9666,1
9667,1
9668,0
9669,2
9670,-1
9671,1
9672,2
9673,4
9674,5
9675,19
9676,-2
9677,3
9678,1
9679,3
9680,8
9681,1
9682,1
9683,1
9684,2
9685,3
9686,-2
9687,4
9688,5
9689,10
9690,4
9691,2
9692,-1
9693,1
9694,-2
9695,-3
9696,4
9697,-4
9698,3
9699,1
9700,-1
9701,4
9702,6
9703,-1
9704,0
9705,5
9706,-2
9707,1
9708,0
9709,5
9710,1
9711,2
9712,4
9713,0
9714,14
9715,2
9716,-4
9717,-2
9718,-1
9719,-2
9720,2
9721,-2
9722,-2
9723,7
9724,4
9725,2
9726,-3
9727,1
9728,3
9729,5
9730,1
9731,0
9732,4
9733,-5
9734,4
9735,5
9736,4
9737,2
9738,-1
9739,4
9740,0
9741,1
9742,1
9743,-9
9744,-1
9745,7
9746,-4
9747,4
9748,4
9749,4
9750,3
9751,5
9752,-3
9753,2
9754,0
9755,0
9756,2
9757,9
9758,4
9759,-1
9760,0
9761,-2
9762,-2
9763,2
9764,-3
9765,4
9766,2
9767,2
9768,4
9769,6
9770,5
9771,6
9772,7
9773,1
9774,-3
9775,1
9776,3
9777,8
9778,-2
9779,-14
9780,1
9781,1
9782,5
9783,-1
9784,4
9785,2
9786,3
9787,2
9788,5
9789,-4
9790,2
9791,1
9792,1
9793,4
9794,0
9795,-1
9796,1
9797,5
9798,4
9799,1
9800,2
9801,4
9802,0
9803,3
9804,0
9805,0
9806,3
9807,2
9808,7
9809,0
9810,6
9811,4
9812,6
9813,6
9814,6
9815,0
9816,2
9817,1
9818,2
9819,0
9820,2
9821,0
9822,1
9823,2
9824,-1
9825,7
9826,3
9827,0
9828,-1
9829,4
9830,-2
9831,4
9832,-2
9833,4
9834,-3
9835,-1
9836,-3
9837,3
9838,2
9839,3
9840,4
9841,5
9842,1
9843,3
9844,5
9845,4
9846,-2
9847,0
9848,6
9849,1
9850,-1
9851,7
9852,-3
9853,1
9854,1
9855,5
9856,-1
9857,3
9858,-2
9859,5
9860,6
9861,-2
9862,-1
9863,1
9864,1
9865,-1
9866,0
9867,-1
9868,1
9869,2
9870,2
9871,2
9872,0
9873,-2
9874,-1
9875,-2
9876,5
9877,-3
9878,0
9879,4
9880,4
9881,-5
9882,4
9883,-2
9884,1
9885,3
9886,5
9887,3
9888,4
9889,3
9890,-1
9891,-1
9892,2
9893,5
9894,-3
9895,1
9896,0
9897,0
9898,-1
9899,2
9900,0
9901,-11
9902,-1
9903,1
9904,0
9905,2
9906,4
9907,-1
9908,4
9909,3
9910,7
9911,-3
9912,0
9913,1
9914,3
9915,5
9916,1
9917,-3
9918,1
9919,0
9920,-3
9921,-1
9922,3
9923,5
9924,0
9925,1
9926,-1
9927,2
9928,8
9929,-1
9930,4
9931,4
9932,4
9933,-1
9934,3
9935,2
9936,0
9937,1
9938,1
9939,1
9940,-1
9941,1
9942,2
9943,-2
9944,-4
9945,1
9946,3
9947,3
9948,2
9949,0
9950,1
9951,-1
9952,0
9953,1
9954,-1
9955,2
9956,-1
9957,0
9958,4
9959,1
9960,2
9961,2
9962,2
9963,2
9964,-1
9965,7
9966,1
9967,4
9968,9
9969,1
9970,2
9971,1
9972,7
9973,7
9974,2
9975,3
9976,-1
9977,-1
9978,7
9979,4
9980,0
9981,1
9982,6
9983,-4
9984,2
9985,2
9986,0
9987,3
9988,0
9989,3
9990,2
9991,3
9992,2
9993,1
9994,2
9995,2
9996,0
9997,-1
9998,0
9999,0
